依頼,31
概要,31
業務,31
SNS,31
スキル,31
重視,31
作業,31
必要,31
先,31
選び,31
点,31
Instagram,30
投稿,30
範囲,30
種類,30
希望,30
用意,30
もの,30
定期,30
的,30
画像,29
作成,28
方,26
アカウント,25
内容,25
円,24
運用,24
応募,24
1,23
Canva,23
方法,22
デザイン,21
可能,21
募集,21
お待ち,21
実績,20
お願い,20
連絡,20
編集,20
契約,19
年齢,18
20,17
紹介,17
時間,17
(,17
),17
こまめ,16
継続,16
こと,16
職業,16
雇用,16
形態,16
納期,16
金額,15
代,15
今回,15
ため,14
日,14
一人暮らし,14
歓迎,13
仕事,13
興味,13
気軽,13
柔軟,13
納品,13
税,13
抜,13
提供,13
2,12
5,12
000,12
簡単,12
相談,12
数,12
対応,12
参考,12
素材,12
既婚,12
週,12
者,12
3,11
4,11
場合,11
面談,11
副業,11
使用,11
枚,11
層,11
.,11
見積もり,11
利用,11
コンテンツ,11
中,11
下記,11
/,11
回,11
500,10
ターゲット,10
旅行,10
後,10
名前,10
環境,10
問い合わせ,10
管理,10
コンセプト,10
経験,10
一緒,10
チーム,10
サポート,10
案件,9
カフェ,9
条件,9
初心者,9
系,9
報酬,9
将来,9
目標,9
現在,9
ご覧,9
修正,9
システム,9
料,9
受取,9
週間,9
不明,9
部屋,9
フィード,8
テーマ,8
制作,8
:,8
同棲,8
稼働,8
いただき,8
税込,8
ワーカー,8
テキスト,8
こちら,8
事業,8
テンプレート,8
対象,8
現状,8
or,8
PR,8
9,7
好き,7
共有,7
以下,7
自己,7
質問,7
さま,7
等,7
会社,7
員,7
OK,7
外観,7
内観,7
撮影,7
安心,7
https,7
://,7
www,7
instagram,7
com,7
その後,7
単位,7
住居,7
時,7
おすすめ,6
情報,6
イメージ,6
Web,6
日時,6
候補,6
予算,6
インスタグラム,6
自分,6
提示,6
要望,6
①,6
②,6
+（,6
③,6
④,6
⑤,6
記入,6
用,6
アップ,6
上記,6
拡大,6
メイン,6
p,6
=,6
igsh,6
スタッフ,6
完成,6
チェック,6
向上心,6
MT,6
-,6
勤務,6
0,5
15,5
30,5
300,5
ランサーズ,5
知識,5
ツール,5
同居,5
近日,5
レイアウトデザイン,5
記載,5
有無,5
ボリューム,5
向け,5
雰囲気,5
最初,5
ポートフォリオ,5
万,5
魅力,5
目的,5
集客,5
宣伝,5
◉,5
予定,5
週休,5
間,5
後日,5
手続き,5
弊社,5
適宜,5
DA,5
Kcw,5
P,5
Zc,5
/?,5
cTNpbzFqbm,5
xZXox,5
受注,5
相場,5
感,5
交渉,5
曜日,5
6,4
1000,4
人柄,4
挑戦,4
マーケティング,4
お送り,4
その他,4
場所,4
都道府県,4
名所,4
シンプル,4
✨,4
月,4
程度,4
発信,4
商品,4
ヶ月,4
視野,4
今,4
変動,4
必須,4
未婚,4
優遇,4
1080,3
長期,3
作り,3
テスト,3
性,3
無料,3
詳細,3
女性,3
サイズ,3
心,3
サムネ,3
１,3
単価,3
上,3
スクール,3
ブランド,3
ガイドライン,3
分,3
多く,3
写真,3
理由,3
事前,3
渡し,3
代行,3
公開,3
例,3
フリーランス,3
ゆくゆく,3
具体,3
都内,3
閲覧,3
メンバー,3
丁寧,3
コミュニケーション,3
あなた,3
可,3
期間,3
項目,3
ライフスタイル,3
集中,3
個別,3
人,3
動画,3
LINE,3
X,3
Twitter,3
12,2
敏感,2
リサーチ,2
初回,2
件,2
前,2
事務,2
局,2
一部,2
文言,2
非公開,2
Adobe,2
Photoshop,2
文,2
選定,2
抵抗,2
プロジェクト,2
活動,2
）:,2
皆様,2
の,2
確認,2
canva,2
版,2
最大,2
幸い,2
国内,2
文字,2
入れ,2
ジャンル,2
枚数,2
px,2
形式,2
以内,2
美容,2
本業,2
受講,2
_,2
web,2
",2
既存,2
観光,2
地,2
平日,2
夜,2
気,2
ストーリーズ,2
目安,2
検討,2
～,2
たくさん,2
海外,2
理解,2
過去,2
初期,2
状況,2
トレンド,2
世代,2
仲間,2
最適,2
意見,2
客観,2
Figma,2
32,1
100,1
600,1
800,1
1350,1
1500,1
2000,1
2025,1
3000,1
6000,1
ソロ,1
活,1
女子,1
流行,1
********,1
春,1
ハッシュ,1
タグ,1
ライティング,1
収集,1
*******,1
WEB,1
講座,1
広告,1
会,1
再考,1
ピクセル,1
学生,1
以外,1
積極,1
報告,1
実家,1
いつ,1
youtube,1
次第,1
自身,1
アプリ,1
スマホ,1
フルネーム,1
動機,1
結婚,1
マニュアル,1
オススメ,1
ok,1
店名,1
入力,1
ポジティブ,1
好奇,1
旺盛,1
２,1
子持ち,1
⑥,1
⑦,1
日程,1
直近,1
ソフト,1
指定,1
把握,1
インスタデザインフィード,1
度,1
神社,1
基本,1
当たり,1
際,1
モチベーション,1
あたり,1
カラー,1
文章,1
書類,1
審査,1
フォーマット,1
回答,1
ロゴ,1
筋,1
トレ,1
トレーニング,1
栄養,1
ポイント,1
マインド,1
セット,1
筋力,1
健康,1
体,1
づくり,1
ウェルネス,1
促進,1
目,1
実用,1
届け,1
さ,1
エネルギッシュ,1
想定,1
稿,1
制,1
額,1
✖,1
４,1
様,1
派遣,1
パート,1
アルバイト,1
労働,1
C,1
TT,1
mioTy,1
-/?,1
utm,1
source,1
ig,1
copy,1
link,1
&,1
MzRlODBiNWFlZA,1
==,1
クリエイター,1
素敵,1
ホテル,1
おしゃれ,1
説明,1
やり方,1
教え,1
得意,1
採用,1
前後,1
スキマ,1
サクッ,1
土日,1
午前,1
静か,1
世界,1
隠れ家,1
インスタ,1
キャリア,1
支援,1
電子,1
書籍,1
お手伝い,1
メニュー,1
選考,1
プロセス,1
通話,1
話,1
何,1
スポーツ,1
用品,1
主題,1
製品,1
合計,1
全て,1
不要,1
ペース,1
試作,1
ごと,1
クリエイティブ,1
コピー,1
ーーーーーーーーーーーーーーーーーーーーーーーーーーーーー,1
帯,1
ビデオ,1
急募,1
中国,1
抖,1
音,1
ドウイン,1
RED,1
語,1
背景,1
当社,1
インフルエンサー,1
事務所,1
ＰＲ,1
イン,1
バウンド,1
対策,1
ブランディング,1
中国語,1
テロップ,1
ナレーション,1
実務,1
日本語,1
レポート,1
サムネイル,1
うえ,1
問題,1
毎月,1
クオリティ,1
猫,1
クリエーター,1
飼い主,1
行動,1
インスピレーション,1
提出,1
nyankore,1
official,1
仕様,1
x,1
jpg,1
png,1
月給,1
最後,1
オシャレ,1
力,1
元,1
週末,1
活用,1
流れ,1
正社員,1
未経験,1
手伝い,1
付き,1
♪,1
習得,1
飲食,1
店,1
一,1
身,1
レストラン,1
日常,1
スタート,1
以上,1
意向,1
現職,1
婚姻,1
生活,1
実施,1
大丈夫,1
成長,1
年,1
開始,1
コンテンツクリエーター,1
インスタグラムフィード,1
創造,1
頻度,1
細か,1
決定,1
月額,1
毎日,1
関連,1
インスタアカウント,1
頻繁,1
情熱,1
表現,1
独学,1
事例,1
皆さま,1
参加,1
関係,1
~,1
為,1
リール,1
若者,1
掛け持ち,1
サウナ,1
読書,1
よう,1
加工,1
能力,1
素直,1
YouTube,1
常識,1