週,567
開発,414
/,402
募集,398
エンジニア,382
5,312
システム,252
日,175
業務,164
3,158
サイト,143
リモート,133
勤務,118
管理,109
デザイナー,104
WEB,102
制作,91
向け,89
PHP,87
運用,85
経験,85
可,80
2,78
～,78
(,77
急募,76
デザイン,76
者,75
保守,72
自社,71
方,71
Web,70
東京,69
サービス,68
作成,65
1,61
支援,59
構築,57
アプリ,56
在宅,56
EC,54
案件,52
５,52
ヘルプ,51
デスク,51
可能,49
以上,48
町,47
C,47
フル,47
新規,46
OK,43
新宿,43
都,43
4,42
都内,41
渋谷,41
大学,41
担当,40
会社,39
時間,39
),39
Java,38
等,37
コーディング,37
講師,37
改修,36
設計,36
年,35
３,34
作業,33
系,33
市,33
秋葉原,32
常駐,31
仕事,30
月,30
池袋,30
情報,29
機能,29
追加,29
LP,29
継続,29
さん,28
フロント,27
商品,27
近辺,27
円,27
移行,26
業,24
web,24
事業,24
大手,24
長期,24
万,24
県内,24
~,23
お願い,23
女子大,23
学,23
-,22
歓迎,22
データ,21
基幹,21
通販,21
ツール,20
)】,20
企業,20
ワーク,20
運営,20
駅,20
限定,20
～/,20
iOS,20
コーダー,20
銀座,20
社内,19
.,19
相談,19
お手伝い,19
区,19
日野,19
++,19
対応,18
求人,18
#/,18
or,18
更新,18
HTML,18
テスト,17
依頼,17
サポート,17
横浜,17
)/,17
プロジェクト,16
画像,16
SAP,16
Android,16
UI,16
営業,16
バナー,16
Salesforce,16
@,16
登録,16
三,16
言語,16
複数,16
アプリケーション,15
既存,15
神田,15
IT,15
ホームページ,15
HP,15
フロントエンドエンジニア,15
茶,15
六本木,15
簡単,14
２,14
女性,14
完全,14
PL,14
時給,14
都心,14
埼玉,14
錦糸,14
赤坂,14
10,13
DB,13
製造,13
更改,13
浜松,13
サイド,13
大阪,13
SQL,13
研修,13
日本橋,13
会計,13
恵比寿,13
net,13
用,12
Windows,12
保険,12
エンド,12
加工,12
業界,12
AWS,12
ゲーム,12
中,12
オンライン,12
上げ,12
ネットワーク,12
技術,12
神奈川,12
神保,12
御茶ノ水,12
化,11
AI,11
使用,11
程度,11
Swift,11
ため,11
環境,11
BUYMA,11
UX,11
弊社,11
六,11
Laravel,11
チーム,11
市内,11
副業,11
県,11
単価,11
回,11
js,11
単品,11
ＷＥＢ,11
shell,11
周り,11
DWH,11
動画,10
店,10
全般,10
Unity,10
プログラマー,10
ページ,10
１,10
契約,10
30,9
改善,9
設定,9
編集,9
SE,9
田町,9
出社,9
関連,9
次期,9
API,9
修正,9
参画,9
ウェブサイト,9
本木,9
Ruby,9
フリーランス,9
WordPress,9
リニューアル,9
的,9
初心者,9
建築,9
現場,9
施工,9
土日,9
自由,9
～】,9
プログラミング,9
エリア,9
大森,9
サーバ,9
４,9
五反田,9
ABAP,9
l,9
増員,9
#.,9
SQLServer,9
パッケージ,8
調整,8
クラ,8
ウド,8
配信,8
カスタマイズ,8
サーバー,8
ソフト,8
自動,8
事務,8
利用,8
出品,8
代,8
テレ,8
社員,8
様,8
,,8
スクール,8
オフィス,8
Oracle,8
マネジメント,8
広告,8
海外,8
期間,8
中央,8
中心,8
応,8
11,7
12,7
プロダクト,7
分析,7
バック,7
顧客,7
導入,7
React,7
補助,7
性,7
事務所,7
新入,7
メディア,7
Python,7
福岡,7
VR,7
デザイナー・コーダー,7
一緒,7
専門,7
教育,7
物,7
CSS,7
英語,7
サブ,7
Linux,7
Eclips,7
操作,7
料,7
試算,7
ガス,7
40,6
内,6
検証,6
人材,6
#,6
インフラ,6
平日,6
希望,6
主,6
CUBE,6
制,6
短期,6
紹介,6
&,6
ランディングページ,6
〜/,6
Wordpress,6
美容,6
Rails,6
パートナー,6
テレワーク,6
通信,6
+,6
ショッピング,6
麻布十番,6
新橋,6
名,6
コンテンツ,6
受託,6
東,6
チラシ,6
不問,6
・,6
休み,6
20,5
60,5
金融,5
ソフトウェア,5
決済,5
活用,5
実装,5
処理,5
電力,5
旅行,5
併用,5
人,5
飲食,5
近郊,5
隙間,5
名古屋,5
委託,5
店舗,5
wordpress,5
JAVA,5
アシスタント,5
必須,5
食品,5
販売,5
メンバー,5
イラスト,5
奈良,5
クライアント,5
月額,5
連携,5
ビジネス,5
html,5
現在,5
新卒,5
販促,5
ヶ月,5
スタッフ,5
MySQL,5
入力,5
主婦,5
オススメ,5
システム・アプリ,5
出勤,5
ファッション,5
群馬,5
JavaScript,5
持ち帰り,5
ＩＴ,5
Office,5
パソコン,5
講座,5
最寄り,5
つくば,5
POP,5
老,5
LAMP,5
~/,5
社,5
ディレクション,5
地域,5
葛西,5
製作,5
祝祭日,5
局,5
0,4
18,4
要件,4
画面,4
バックエンドエンジニア,4
帳票,4
健康,4
RPA,4
[,4
一部,4
刷新,4
基盤,4
仮想,4
通貨,4
稼働,4
生産,4
DX,4
調査,4
iPhone,4
スタート,4
アップ,4
候補,4
メイン,4
スキマ,4
不定期,4
メンテナンス,4
立ち,4
000,4
⭐,4
至急,4
完成,4
内部,4
上野,4
徒歩,4
分,4
システムエンジニア,4
楽天,4
協力,4
所,4
h,4
報酬,4
今後,4
予定,4
型,4
週間,4
ネット,4
ショップ,4
無線,4
JS,4
リード,4
手,4
シェア,4
数,4
コンセプトシェアハウス,4
緊急,4
中野,4
スポット,4
ディレクター,4
DTP,4
java,4
e,4
茅場,4
市ヶ谷,4
センター,4
プログラマ,4
印刷物,4
受注,4
化粧,4
品,4
プログラム,4
月末,4
着任,4
飯田橋,4
外国,4
籍,4
​,4
JP,4
印刷,4
jQuery,4
】.,4
swift,4
Objective,4
船橋,4
両国,4
グラフィックデザイナー,4
得意,4
ただ,4
外科,4
審美,4
歯科,4
6,3
7,3
65,3
2000,3
効率,3
定義,3
機関,3
デジタル,3
NET,3
自治体,3
VBA,3
],3
電子,3
基本,3
コード,3
不動産,3
リプレイス,3
マイグレーション,3
変更,3
モバイルアプリ,3
アドオン,3
工程,3
推進,3
抽出,3
CTO,3
予約,3
PMO,3
研究,3
医療,3
スマホアプリ,3
仕様,3
フルリモ,3
為,3
Go,3
マッチング,3
間,3
実績,3
豊富,3
COBOL,3
千葉,3
要員,3
地方,3
安定,3
正社員,3
リーダー,3
バイマ,3
ＰＨＰ,3
予算,3
付き,3
納期,3
上,3
キャラクター,3
文字,3
オフライン,3
Django,3
上級,3
売買,3
単位,3
)、,3
創業,3
機械,3
単発,3
フルタイム,3
ロゴ,3
PM,3
Angular,3
FE,3
ワード,3
プレス,3
発注,3
GCP,3
LINE,3
:,3
指定,3
こと,3
一括,3
学習,3
vue,3
フレックス,3
条件,3
ハウス,3
発送,3
人事,3
ロボット,3
教室,3
Firebase,3
どちら,3
)：,3
クリエイター,3
php,3
メーカー,3
参加,3
スポーツ,3
モール,3
小倉,3
先,3
PC,3
常勤,3
以外,3
大和高田,3
他,3
アプリエンジニア,3
CMS,3
ブランド,3
アパレル,3
VB,3
浅草橋,3
製薬,3
熱帯魚,3
リース,3
ORACLE,3
g,3
⇒,3
c,3
)＜,3
海浜幕張,3
ママ,3
様々,3
パンフレット,3
マーケティング,3
川崎,3
頃,3
フィリピン,3
セブ,3
島,3
グッズ,3
デザイナー・クリエイター,3
プラグ,3
イン,3
メール,3
青山,3
豊洲,3
！(,3
目黒,3
長原,3
日間,3
DIY,3
ガーリー,3
公的,3
資格,3
試験,3
神戸,3
Bilingual,3
Software,3
Engineer,3
高級,3
基礎,3
門前仲,3
立,3
8,2
50,2
127,2
150,2
250,2
2018,2
工場,2
フェーズ,2
プロセス,2
実行,2
クレジットカード,2
検査,2
改良,2
ガイド,2
官公庁,2
認識,2
遠隔,2
リプレース,2
需給,2
BI,2
Platform,2
解析,2
ロー,2
設備,2
収集,2
レポート,2
レンタル,2
プラットフォーム,2
自動車,2
資産,2
銀行,2
コンポーネント,2
経費,2
精算,2
魅力,2
統合,2
認証,2
関係,2
展開,2
整理,2
書,2
ICT,2
下,2
購買,2
場,2
一貫,2
フリーランスエンジニア,2
♪,2
お客様,2
提案,2
０,2
リール,2
企画,2
投稿,2
ブラウザ,2
SaaS,2
専属,2
目,2
前,2
育児,2
スキル,2
か月,2
端末,2
施設,2
図面,2
薬局,2
小売,2
テスター,2
見直し,2
件,2
ウェブアプリケーション,2
札幌,2
DMM,2
WEBCAMP,2
メンター,2
愛知,2
男性,2
キッティング,2
収入,2
高,2
クラウドファンディング,2
本社,2
屋,2
以内,2
カスタム,2
末日,2
その他,2
プロモーション,2
テーマ,2
自宅,2
の,2
水,2
当社,2
SFA,2
特定,2
MT,2
原則,2
大型,2
BtoB,2
建設,2
品川,2
結婚,2
スクレイピング,2
ビルダー,2
分野,2
ウェブデザイナー,2
上流,2
エクセルデータ,2
越境,2
D,2
スタイリッシュ,2
港,2
Kotlin,2
CakePHP,2
コンサルティング,2
on,2
人気,2
拡張,2
ゲームアプリ,2
スマ,2
ホ,2
～／,2
node,2
優遇,2
SNS,2
機器,2
組込み,2
RoR,2
クライアントサイト,2
Node,2
仲間,2
本,2
漫画,2
サイエンティスト,2
後,2
小学生,2
オフショア,2
アドバイス,2
月島,2
サロン,2
住宅,2
コン,2
サル,2
オウンドメディア,2
サーバーサイドエンジニア,2
ボーナス,2
有,2
試し,2
小遣い,2
稼ぎ,2
ブレーン,2
テック,2
側,2
客,2
Vue,2
ワークフローソフト,2
アニメーション,2
配車,2
額,2
チャット,2
車,2
toC,2
加速,2
プロ,2
成長,2
ブロック,2
チェーン,2
Photoshop,2
クリエイティブ,2
～（,2
）～,2
本町,2
絵,2
在庫,2
定期,2
４月,2
スクラッチ,2
リファクタリング,2
ペット,2
西麻布,2
即日,2
最新,2
マイクロ,2
新人,2
家具,2
代理,2
場所,2
度,2
首都,2
圏,2
水草,2
クラウドシステム,2
カタログ,2
版,2
No,2
将来,2
京橋,2
活,2
ウェディング,2
/：,2
冊子,2
アク,2
キー,2
アクリル,2
チェック,2
ＩＣＴ,2
員,2
テンプレート,2
ERP,2
宇都宮,2
会員,2
送信,2
証券,2
スマートフォンエンジニア,2
実務,2
重視,2
半年,2
給与,2
売上,2
多数,2
職場,2
ネイティブアプリ,2
手芸,2
染め,2
染料,2
商,2
材,2
芝公園,2
ベンチャー,2
区内,2
大門,2
麻布,2
十,2
番,2
松山,2
日数,2
音楽,2
修理,2
四ツ谷,2
見積もり,2
虎ノ門,2
Sports,2
フォーム,2
列,2
別,2
よう,2
基地,2
9,1
15,1
17,1
19,1
21,1
22,1
23,1
24,1
25,1
28,1
70,1
100,1
120,1
170,1
300,1
400,1
550,1
1000,1
1400,1
2016,1
2017,1
2019,1
4000,1
14000,1
20000,1
プロコンシステム,1
ハブ,1
ファイル,1
ASP,1
質量,1
分析計,1
車載,1
顔,1
ソーシャルゲーム,1
バックオフィスシステム,1
進捗,1
調達,1
Negotiable,1
Japanese,1
Designer,1
for,1
クラウドシフト,1
消防,1
防災,1
利,1
生命,1
ガバメントクラウド,1
kintone,1
トランザクション,1
防衛,1
船舶,1
航行,1
ノー,1
各種,1
集計,1
結果,1
アプリ・システム,1
OA,1
運輸,1
免税,1
維持,1
プリントアウトソーシング,1
GUI,1
ベンダー,1
PCI,1
DSS,1
ドキュメント,1
気象,1
予測,1
予報,1
士,1
グループ,1
受発注,1
管制,1
学内,1
周辺,1
人月,1
システムリプレイス,1
スマートフォンゲーム,1
工具,1
WinActor,1
制度,1
~/「,1
Made,1
in,1
Japan,1
ID,1
情報処理,1
公共,1
アプリフロントエンド,1
半導体,1
異常,1
検知,1
Fab,1
オーダー,1
法人,1
スマート,1
フォン,1
勘定,1
蓄電池,1
制御,1
IoT,1
宿泊,1
要領,1
EUC,1
検索,1
デプロイ,1
IBM,1
フレーム,1
OpenAI,1
コミュニケーション,1
バージョンアップ,1
ゴルフ,1
フルリモート,1
あなた,1
府,1
貝塚,1
Instagram,1
お金,1
互換,1
script,1
エラー,1
検出,1
ToC,1
SRE,1
%〜】,1
クライアントサービスインフラ,1
フリーランスウェブデザイナー,1
ネイル,1
アイラッシュサロン,1
イベント,1
今,1
笑顔,1
考え,1
課金,1
Golang,1
提出,1
一式,1
打合せ,1
調剤,1
ストレスチェックシステム,1
DBMS,1
九州,1
北部,1
冷凍,1
フルーツ,1
方法,1
多岐,1
Kintone,1
指南,1
省庁,1
POC,1
バックエンド・インフラエンジニア,1
周,1
Cocos,1
d,1
回答,1
アンケート,1
国籍,1
商業,1
EPM,1
openAI,1
ウェブアプリ,1
プロトタイプ,1
PowerAppps,1
Flutter,1
四谷,1
本気,1
人生,1
真剣,1
神谷町,1
Oculus,1
フォトショ,1
受講,1
slack,1
apex,1
ハイクオリティ,1
交替,1
TL,1
面談,1
スプレットシート,1
マクロ,1
Apps,1
Script,1
共,1
契,1
バイク,1
ECCUBEn,1
スマホアプリプログラマー,1
ECCUBE,1
Shopify,1
コンカフェ,1
最低限,1
書類,1
介護,1
やりとり,1
コンカフェサイト,1
名前,1
ドット,1
コム,1
千代田,1
構造,1
必要,1
工数,1
見積,1
毎日,1
もの,1
水道,1
料金,1
節約,1
省エネ,1
栓,1
パーツ,1
家庭,1
登場,1
GAS,1
リファクタリングパートナー,1
品質,1
ライバー,1
Wix,1
色,1
写真,1
PG,1
請,1
！/,1
Audio,1
音,1
再生,1
不良,1
原因,1
動作,1
全国,1
各地,1
新築,1
分譲,1
マンション,1
物件,1
プラグイン・システム,1
パス,1
付与,1
交通,1
費,1
ベテラン,1
Twitter,1
アイコン・ヘッダーデザイン,1
SD,1
コーポレートサイトデザイン,1
figma,1
yahoo,1
amazon,1
ミラー,1
トレード,1
柔軟,1
中旬,1
納品,1
構成,1
案,1
学生,1
インターン,1
老舗,1
コーポレートサイトリニューアルデザイン,1
集客,1
デイタイム,1
買取,1
コンテンツ・バナー,1
産業,1
スマホ,1
服飾,1
スマートフォン,1
レンタルスペースサイト,1
ウェブクローリング,1
教員,1
免許,1
状,1
講習,1
登用,1
特,1
財務,1
定型,1
在住,1
不可,1
スーパーフードハニーベリー,1
領域,1
H,1
Docker,1
BE,1
Backbone,1
最適,1
兼,1
戦略,1
立案,1
バグ,1
掲載,1
Live,1
モー,1
ション,1
グラフィック,1
演出,1
夜間,1
帯,1
知名度,1
自信,1
ストリーミングサイト,1
星ヶ丘,1
ガ,1
ジェット,1
ネクストエンジン,1
リスト,1
目的,1
GPS,1
連動,1
出退勤,1
業種,1
まちまち,1
具体,1
お話し,1
アサイン,1
FPS,1
固定,1
過去,1
問,1
クイズ,1
出題,1
付き合い,1
関東,1
AVMultiCamPiP,1
Capturing,1
from,1
Multiple,1
Cameras,1
ARN,1
Id,1
ポイント,1
ノウハウ,1
解説,1
ブログ,1
記事,1
セルフエステサロン,1
ロード,1
壁面,1
動的,1
リマーケティング,1
ワードプレスサイト,1
野田,1
不具合,1
解消,1
コロナ,1
渦,1
状況,1
システムリプレース,1
男女,1
歌,1
さま,1
レベルアップ,1
OR,1
スマホネイティブ,1
時,1
滋賀,1
大津,1
実現,1
どれ,1
労力,1
日当,1
工事,1
監督,1
麻雀,1
プレイ,1
♡,1
完結,1
クリニック,1
院内,1
Bluetooth,1
Reatct,1
TypeScript,1
マスメディア,1
受入,1
日々,1
エキスパート,1
ところ,1
Ajax,1
即決,1
スクリプト,1
Typescript,1
フランス,1
お住い,1
買い付け,1
ノマド・テレワーク,1
wp,1
laravel,1
チャットボット,1
かた,1
スマートフォンシステム,1
モデル,1
日本,1
インフルエンサーズマーケット,1
礎,1
Full,1
Time,1
システムクラウド,1
BASIS,1
ＤＢ,1
ＤＢＭＳ,1
SF,1
SuccessFactors,1
切実,1
数学,1
理解,1
カラー,1
ベース,1
xR,1
未来,1
AR,1
Wanted,1
!!】,1
始動,1
GIGA,1
構想,1
め,1
優秀,1
評価,1
半分,1
スマホゲーム,1
開業,1
出資,1
窮屈,1
世の中,1
歳,1
夢,1
挑戦,1
BaaS,1
問題,1
点,1
指摘,1
ニュースアプリ,1
Springboot,1
当面,1
宅配,1
和歌山,1
脱毛,1
Claris,1
Filemaker,1
カルテ,1
補完,1
データベースシステム,1
ルビー,1
代々木上原,1
八幡,1
現状,1
福山,1
単月,1
中長期,1
タイヤ,1
GIF,1
PSD,1
チャットボットサービス,1
PS,1
ai,1
花,1
ショッピファイ,1
室,1
パース,1
Shade,1
リフォーム,1
代官山,1
etc,1
...,1
webRTC,1
モバイル,1
CAD,1
オペレーター,1
PowerShell,1
マネージャー,1
本業,1
Slack,1
アマゾン,1
外部,1
VPN,1
接続,1
枚,1
秒,1
分の,1
アプリバックエンド,1
Google,1
Cloud,1
Pyrhon,1
初回,1
来社,1
墨田,1
責任,1
フルスタックエンジニア,1
市場,1
スペシャリスト,1
勝ち,1
博多,1
用意,1
次元,1
リアルタイム,1
声優,1
キャスト,1
興味,1
自由自在,1
電算,1
学校,1
クラス,1
家族,1
留学,1
設置,1
バナーデザイン,1
btob,1
応対,1
中核,1
FinTech,1
ログイン,1
rails,1
CDO,1
CD,1
O,1
国立,1
医学部,1
産学,1
マネ,1
毎週,1
土曜日,1
それ,1
CentOS,1
bsh,1
選択,1
エフェクト,1
効果,1
作画,1
アニメーター,1
トラック,1
個人,1
SEO,1
意識,1
コミックストア,1
勤,1
原宿,1
SpringBoot,1
活動,1
制服,1
マッサージ,1
世界,1
初,1
耐火,1
シェルター,1
製図,1
門真,1
z,1
OS,1
Xamarin,1
汐留,1
アプリデザイナー,1
学術,1
アカウント,1
オリジナル,1
選定,1
Andoroid,1
途中,1
メンテ,1
素材,1
安,1
定収入,1
～）,1
アンチエイジングサプリメント,1
パッケージ・フライヤーデザイナー,1
高田馬場,1
アニメ,1
ラフ,1
投資,1
Youtuber,1
専任,1
採用,1
麹,1
ティラノスクリプト,1
同人,1
サウンドノベルゲーム,1
LiveMaker,1
ウェブサービス,1
ウェブデザイン,1
浦和,1
]　,1
ソーラー,1
CRM,1
熟知,1
one,1
to,1
実写,1
組み合わせ,1
種類,1
増加,1
Bot,1
WPF,1
無し,1
振り,1
紙,1
運送,1
倉庫,1
業者,1
CE,1
ハンディ,1
ターミナル,1
SPA,1
外食,1
アミューズメント,1
アセンブラ,1
府中,1
成人,1
ＣＧ,1
サイトバナー,1
辻堂,1
Maya,1
最寄駅,1
ころ,1
末,1
配線,1
RubyonRails,1
表参道,1
骨董,1
通り,1
有名,1
服装,1
ネイルヘア,1
CALL,1
終了,1
北欧,1
照明,1
輸入,1
ディベロッパー,1
セールス,1
Spring,1
門前仲町,1
月数,1
当たり,1
知能,1
祝,1
休,1
京都,1
隣,1
ディレクションサポート,1
金魚,1
メダカ,1
駒場,1
東大,1
就業,1
日本語,1
読み書き,1
ネイティブ,1
レベル,1
じじ,1
ばば,1
高齢,1
インフルエンサーメディア,1
経営,1
多言,1
語,1
タレント,1
インフルエンサーサイト,1
Access,1
コンバート,1
一員,1
芸能人,1
起用,1
pop,1
製品,1
フリーランサー,1
所属,1
フリー,1
バイナリー,1
アリ,1
プラン,1
汎用,1
聖蹟,1
桜ヶ丘,1
再々,1
掲,1
マッチングアプリ,1
レイアウト,1
android,1
組,1
込,1
潮見,1
AccessVBA,1
ITP,1
アフィリエイトタグ,1
クライアントサポート,1
北本,1
再掲,1
デバッガー,1
デバッグ,1
半蔵門,1
若手,1
育成,1
ヘア,1
メイク,1
セット,1
火,1
金,1
ランディングサイト,1
笹塚,1
電気,1
技士,1
Sass,1
AS,1
RPG,1
物流,1
羽,1
エステ,1
ＢＹＯＤ,1
校,1
小中学校,1
!,1
Movable,1
Type,1
Symfony,1
好条件,1
開始,1
総務,1
川口,1
エントリー,1
国際,1
展示,1
付近,1
アート,1
コーダー・,1
パチンコ,1
新装,1
mysql,1
PJ,1
事前,1
文京,1
前橋,1
Twillio,1
physon,1
ゲームサーバーエンジニア,1
BtoC,1
モーション,1
高め,1
ios,1
エクセル,1
シート,1
クリック,1
弥生,1
セル,1
コピー,1
Andorid,1
WelCart,1
項目,1
メルマガ,1
一斉,1
新木場,1
提示,1
空間,1
演習,1
illustrator,1
ウェブデザイナー・フロントサイドエンジニア,1
劇団,1
コンテ,1
宣伝,1
新横浜,1
google,1
スプレッドシート,1
中国,1
蘇州,1
VI,1
撮影,1
見附,1
運転,1
ReactNative,1
Optimisation,1
of,1
forex,1
trading,1
prices,1
bootstrap,1
改造,1
お茶,1
アクセス,1
便利,1
AndroidJava,1
ポスター,1
Api,1
Gateway,1
DynamoDB,1
DLPO,1
外注,1
～　,1
解釈,1
ヘルス,1
テクノロジー,1
三宮,1
LINESIX,1
デビュー,1
居住,1
コーディネート,1
月間,1
連続,1
セキュリティ,1
明細,1
改定,1
iphone,1
三田,1
Monaca,1
フォロー,1
オフィシャルサイト,1
代行,1
譲渡,1
益,1
オートメーション,1
虎,1
門,1
TV,1
メタデータ,1
コーポレート,1
アップデート,1
パーソナル,1
ジム,1
何,1
板橋,1
大分,1
手伝い,1
西新宿,1
駒沢,1
フロントエンドデベロッパー,1
婚,1
add,1
溜池,1
山王,1
エディトリアルデザイナー,1
要求,1
インテリア,1
コーディネーター,1
プランナー,1
金沢,1
池尻大橋,1
自然,1
ロジック,1
ウェブエンジニア・プログラマ,1
淀屋橋,1
PDCA,1
中学校,1
タブレット,1
ランサー,1
連絡,1
削除,1
意欲,1
考慮,1
実業,1
団,1
トップ,1
リーグ,1
中学,1
高校,1
ウェア,1
イラストレーター,1
駒沢大学,1
python,1
関数,1
指導,1
衣類,1
梱包,1
アルバイト,1
払,1
ok,1
木,1
ｵﾝﾗｲﾝ,1
Imagemagick,1
エンジン,1
錦糸町,1
ローン,1
今期,1
参入,1
プラグイン・デモサイト,1
定額,1
給,1
歩合,1
付,1
フロントエンジニア・マークアップマイスター,1
ハイブリッドアプリ,1
家電,1
静的,1
レスポンシブ,1
芝,1
世田谷,1
次世代,1
急ぎ,1
好き,1
応募,1
総合,1
スクラム,1
英会話,1
ＪＡＶＡ,1
ジュエリー,1
宝石,1
催事,1
P,1
梱,1
css,1
バックエンド・フロントエンド,1
コミット,1
はんだ,1
付け,1
うち,1
いずれ,1
提供,1
九段下,1
二,1
対策,1
融通,1
蒲田,1
地,1
キャラ,1
カフェ,1
大手町,1
Design,1
Tech,1
レスポンシブサイト,1
#　,1
軒,1
茶屋,1
!】,1
出張,1
BBQ,1
大量,1
パンフ,1
雑誌,1
起業,1
フィットネスウェア,1
梅田,1
UGC,1
リスティング,1
PowerPoint,1
ラフイメージ,1
Illustrator,1
食,1
西口,1
想い,1
かたち,1
仕組み,1
づくり,1
枠,1
ミーティング,1
JR,1
大塚,1
UP,1
クライアントメイン,1
子育て,1
充実,1
短時間,1
♪】,1
大須,1
SES,1
成果,1
整体,1
院,1
アフィリエイトシステム,1
ヤフー,1
ヤフオク,1
Q,1
データチェック,1
レイハウオリ,1
大人,1
壁紙,1
ウィジェット,1
マルチ,1
活躍,1
鷺宮,1
大江戸,1
線,1
赤羽,1
橋,1
そば,1
名刺,1
一,1
コール,1