修正,48
開発,47
バグ,47
定番,45
/,44
機能,41
業務,39
週,37
日,36
エンジニア,31
改善,28
対応,25
し,25
フルリモ,25
管理,25
仕様,24
テスト,24
新規,24
おり,23
既存,23
募集,23
コード,22
内容,22
いたし,22
自社,22
3,21
さ,21
れ,21
サービス,21
する,20
実装,20
PHP,18
確認,17
発見,17
方,16
１,16
３,16
書,16
レビュー,16
専任,16
部隊,16
ツール,15
２,15
４,15
5,14
相談,14
システム,14
案件,14
流れ,14
いただける,14
1,13
人材,13
クラ,13
ウド,13
リモート,13
可,13
携わっ,12
概要,11
いる,11
(,11
名,11
API,10
い,10
),10
なり,10
改修,10
行っ,10
作成,9
構築,9
エンド,9
フロント,9
以下,9
設計,9
...,9
等,9
含む,9
拡張,9
公開,8
向け,8
企業,8
運用,8
成果,8
保守,8
性,7
後,7
オンライン,7
Web,7
いただき,7
担当,7
追加,7
画像,7
ビューア,7
研究,7
電子,7
顕微鏡,7
自体,7
メタデータ,7
目指し,6
可能,6
認証,6
JavaScript,6
内,6
作業,6
Python,6
Ruby,6
研究所,6
プロダクト,6
提供,5
.,5
的,5
利用,5
ため,5
サーバー,5
あり,5
お願い,5
TypeScript,5
頂き,5
バック,5
Redmine,5
アサイン,5
基盤,5
予定,5
Go,5
アプリケーション,5
パフォーマンス,5
WEB,5
プログラミング,5
4,4
依頼,4
アプリ,4
処理,4
自動,4
実施,4
クライアント,4
進捗,4
こと,4
想定,4
規模,4
体制,4
特定,4
画面,4
期間,4
支援,4
React,4
会社,4
業界,4
プラットフォーム,4
化,4
ていし,4
調査,4
各種,4
インフラ,4
担っ,4
関連,4
中心,4
20,3
プロジェクト,3
動作,3
範囲,3
データ,3
サイト,3
設定,3
コミュニケーション,3
回,3
コーディング,3
-,3
なし,3
用意,3
もの,3
希望,3
重視,3
点,3
経験,3
知識,3
運営,3
AI,3
製品,3
分析,3
情報,3
簡単,3
行い,3
Java,3
サーバーサイドエンジニア,3
大手,3
フロントエンドエンジニア,3
アイディア,3
変わる,3
打ち合わ,3
せ,3
決め,3
それ,3
形態,3
なる,3
現在,3
学習,3
サイド,3
トラッキング,3
HTML,3
連携,3
js,3
弊社,3
アカウント,3
カード,3
決済,3
社内,3
仕事,3
顧客,3
今回,3
月,2
できる,2
目的,2
デザイン,2
CMS,2
•,2
iOS,2
Android,2
UI,2
必要,2
使用,2
技術,2
Google,2
Cloud,2
Platform,2
納品,2
詳細,2
週間,2
更新,2
制作,2
ページ,2
URL,2
先,2
選び,2
予算,2
実績,2
納期,2
レポート,2
関わる,2
対象,2
お客様,2
Laravel,2
アップデート,2
不良,2
表示,2
でき,2
程度,2
ベース,2
発生,2
源,2
スキル,2
期待,2
効果,2
ほしい,2
稼働,2
用い,2
側,2
自動車,2
経費,2
精算,2
クラウドセキュリティソリューション,2
維持,2
IT,2
オフィス,2
なか,2
ソフトウェア,2
位置,2
産業,2
市場,2
兆,2
円,2
*,2
認可,2
フェーズ,2
~,2
任せ,2
ユーザー,2
最適,2
中,2
ゲーム,2
事業,2
広告,2
不具合,2
チーム,2
コンテンツ,2
伴う,2
要望,2
作り,2
CSS,2
web,2
主,2
検証,2
Vue,2
活用,2
品質,2
リサーチ,2
必須,2
アイテム,2
上流,2
工程,2
幅広く,2
パートナー,2
計画,2
OCR,2
リリース,2
済,2
メイン,2
渋谷,2
2,1
6,1
7,1
8,1
11,1
30,1
40,1
50,1
100,1
130,1
スポーツ,1
予測,1
ウェブサイト,1
中旬,1
速やか,1
できれ,1
存じ,1
:,1
Figma,1
基づい,1
モバイルウェブアプリ,1
最新,1
モバイルブラウザ,1
セキュリティ,1
SEO,1
優れ,1
統合,1
互換,1
Chrome,1
Safari,1
Firefox,1
Edge,1
安全,1
保存,1
XSS,1
CSRF,1
対策,1
OAuth,1
JWT,1
ワイヤーフレームビュー,1
レスポンシブレイアウト,1
テーマ,1
ポイント,1
応じ,1
モック,1
&,1
者,1
編集,1
メタ,1
タグ,1
マップ,1
alt,1
デプロイ,1
ブラウザ,1
物,1
沿っ,1
ドキュメント,1
スケジュール,1
交渉,1
か月,1
間,1
オプション,1
サポート,1
所有,1
権,1
知的,1
財産,1
帰属,1
Slack,1
～,1
会議,1
種類,1
ターゲット,1
代,1
女性,1
男性,1
売上,1
伸ばし,1
認知,1
度,1
上げ,1
企画,1
構成,1
数,1
デバイス,1
PC,1
専用,1
スマート,1
フォン,1
参考,1
テキスト,1
方法,1
ストレージ,1
アップ,1
ロード,1
フリーランス,1
指定,1
サーバ,1
評価,1
注目,1
applitools,1
アドバイス,1
専門,1
実務,1
レベル,1
ある,1
かた,1
背景,1
預かっ,1
Wordpress,1
フルスクラッチ,1
フレーム,1
ワーク,1
Rails,1
崩れ,1
検知,1
思っ,1
以上,1
組織,1
小さく,1
Selenium,1
フォーム,1
異常,1
それぞれ,1
頻度,1
毎日,1
あれ,1
半年,1
ない,1
含ま,1
探し,1
ところ,1
Percy,1
知り,1
誤,1
防止,1
精度,1
高く,1
良い,1
の,1
考え,1
コスト,1
使い勝手,1
重要,1
競合,1
含め,1
A,1
4１,1
枚,1
チャット,1
質疑,1
応答,1
ユーザーエクスペリエンス,1
継続,1
わから,1
こまめ,1
連絡,1
クオリティ,1
柔軟,1
初回,1
ダンス,1
スタジオ,1
ローディング,1
生じ,1
頂く,1
状況,1
後述,1
ロゴ,1
TOP,1
残っ,1
上,1
透明,1
状態,1
存在,1
タップ,1
邪魔,1
よう,1
調整,1
移動,1
戻る,1
消え,1
リロード,1
時間,1
https,1
://,1
jass,1
breaking,1
nagoya,1
上記,1
元,1
はず,1
soblue,1
jp,1
深い,1
能力,1
スピード,1
クリーン,1
応募,1
時,1
提示,1
自己,1
紹介,1
PR,1
過去,1
その他,1
何,1
不明,1
ござい,1
気軽,1
質問,1
ください,1
新着,1
CRM,1
デジタル,1
改革,1
確実,1
導く,1
Django,1
安定,1
高める,1
およ,1
Typescript,1
検討,1
<,1
>,1
グループ,1
基幹,1
短い,1
?,1
長い,1
ヵ月,1
メーカー,1
アプリプロジェクト,1
元請け,1
コンサルタント,1
複数,1
様,1
モバイル,1
具体,1
インターフェース,1
並,1
走,1
推進,1
求め,1
環境,1
OK,1
タイトル,1
上場,1
メディア,1
展開,1
新しい,1
体験,1
創出,1
人々,1
日常,1
楽しく,1
成長,1
伴い,1
ヒット,1
参加,1
機会,1
スクラム,1
単位,1
完全,1
フル,1
jQuery,1
配送,1
SE,1
流通,1
小売,1
センター,1
変更,1
イン,1
二,1
確定,1
長期,1
ユーザ,1
問合せ,1
課題,1
月頃,1
センタ,1
アジャイル,1
進め,1
下記,1
RESTful,1
効率,1
信頼,1
高い,1
ボトルネック,1
コー,1
フルスタックエンジニア,1
機械,1
翻訳,1
訳,1
T,1
tact,1
AN,1
ZIN,1
全般,1
フロントエンドエンジニアリング,1
国内,1
最大,1
タクシー,1
配車,1
中核,1
タクシーアプリ,1
法人,1
UX,1
ソーシャルゲーム,1
Unity,1
クライアントサイド,1
他,1
通信,1
I,1
F,1
AssetBundle,1
メンバー,1
取り,1
最善,1
バックエンドエンジニア,1
データチェック,1
プロファイル,1
javascript,1
駆動,1
商品,1
場合,1
本番,1
マーケティング,1
WebApp,1
事,1
簡易,1
問い合わせ,1
やりとり,1
営業,1
行う,1
直接,1
バッチ,1
ログ,1
集計,1
ビジネス,1
アプリケーションアーキテクト,1
販売,1
実現,1
向上,1
根本,1
解決,1
GCP,1
パ,1
ブリ,1
徹底,1
世界,1
カ国,1
,,1
000,1
社,1
弱,1
機関,1
投資,1
家,1
～】,1
当社,1
リード,1
づくり,1
Kotlin,1
Audio,1
使っ,1
音,1
再生,1
原因,1
ホームページ,1
ニュースアプリ,1
在宅,1
)】,1
勤務,1
近辺,1