時間,8
作業,8
し,8
方,8
募集,8
仕事,8
内容,8
円,8
可能,8
経験,8
アカウント,8
応募,8
1,7
簡単,7
出品,7
ご覧,7
いる,7
サイト,7
画像,7
相談,7
マニュアル,7
ください,7
報酬,7
いただける,7
あり,7
ある,7
気軽,7
商品,7
登録,7
10,6
隙間,6
依頼,6
運営,6
好き,6
する,6
件,6
品,6
連絡,6
BUYMA,6
こと,6
１,6
,,6
000,6
おり,6
5,5
初心者,5
歓迎,5
ファッション,5
い,5
加工,5
在宅,5
働き,5
せ,5
方法,5
安心,5
日,5
月,5
以上,5
こまめ,5
パソコン,5
自身,5
厳守,5
データ,5
環境,5
興味,5
点数,5
単価,5
時,5
提示,5
ほしい,5
曜日,5
帯,5
/,5
自己,5
紹介,5
お待ち,5
40,4
100,4
お手伝い,4
概要,4
度,4
今回,4
希望,4
出来る,4
操作,4
嬉しい,4
長期,4
売り上げ,4
ボーナス,4
さ,4
思い,4
誠実,4
他,4
漏洩,4
秘密,4
持ち出し,4
禁止,4
権利,4
ヶ月,4
大丈夫,4
なる,4
下さい,4
編集,4
毎日,4
先,4
選び,4
重視,4
点,4
対応,4
者,4
できる,4
情報,4
質問,4
主婦,4
さん,4
いたし,4
使用,4
いただけ,4
場合,4
お願い,4
あれ,4
いただき,4
インターネット,4
(,4
),4
等,4
2,3
25,3
50,3
200,3
バイマ,3
くださる,3
初め,3
求人,3
頂き,3
申し,3
頂け,3
休み,3
限り,3
乗ら,3
最初,3
ござい,3
丁寧,3
致し,3
程度,3
頂ける,3
形,3
額,3
求める,3
人材,3
真面目,3
小遣い,3
稼ぎ,3
ない,3
第三者,3
よう,3
弊社,3
使っ,3
いく,3
所有,3
良い,3
～,3
回,3
EC,3
一緒,3
の,3
始め,3
問い合わせ,3
私,3
期間,3
思っ,3
♪,3
条件,3
中,3
場所,3
ツール,3
トライアル,3
上,3
年齢,3
海外,3
いただく,3
コピペ,3
3,2
500,2
店舗,2
TAKA,2
やっ,2
てこ,2
づるかもしれませんが,2
誰,2
手順,2
一,2
サポート,2
一品,2
よけれ,2
差し上げ,2
頂けれ,2
二,2
十,2
歳,2
ライン,2
金額,2
稼げ,2
大きく,2
遠慮,2
持ち,2
今,2
運用,2
ランサー,2
事,2
用い,2
ゆき,2
双方,2
とっ,2
協力,2
合える,2
作り,2
目指し,2
５,2
０,2
ok,2
身分,2
証,2
交換,2
クオリティ,2
柔軟,2
目,2
優遇,2
ショップ,2
子育て,2
れ,2
なっ,2
付き合い,2
サイズ,2
主,2
PR,2
活動,2
関係,2
全て,2
もの,2
OK,2
続け,2
試し,2
責任,2
持っ,2
ブランド,2
お断り,2
PC,2
完全,2
ヤフオク,2
自体,2
問わ,2
行え,2
スキマ,2
おすすめ,2
こちら,2
用意,2
流れ,2
確認,2
販売,2
コメント,2
後,2
案件,2
分,2
下記,2
名前,2
性別,2
現在,2
有無,2
アップ,2
多く,2
寄せ,2
ネット,2
入力,2
その他,2
価格,2
渡し,2
リスト,2
必要,2
なり,2
的,2
有効,2
活用,2
以下,2
記載,2
幸い,2
作成,2
過去,2
育て,2
4,1
6,1
9,1
12,1
15,1
24,1
30,1
45,1
60,1
80,1
250,1
300,1
5000,1
児,1
母,1
追わ,1
切り盛り,1
き,1
足り,1
くれる,1
長く,1
フォーマット,1
変え,1
配置,1
カラー,1
値段,1
指定,1
アメリカ,1
時差,1
返事,1
遅く,1
了承,1
られ,1
♪】,1
手伝い,1
緊急,1
くださ,1
チャット,1
フォロー,1
稼働,1
いただけれ,1
調整,1
行い,1
下,1
継続,1
短期,1
そこ,1
み,1
好調,1
支払い,1
したい,1
育児,1
合間,1
副業,1
取り組める,1
アシスタント,1
日本人,1
みなさま,1
ママ,1
すき,1
でき,1
ヤフーフリマ,1
いかが,1
スマ,1
ホ,1
利用,1
介護,1
ジャンル,1
品物,1
見る,1
購入,1
様,1
些細,1
困っ,1
¥,1
向い,1
女性,1
長期間,1
約束,1
守れる,1
記入,1
（⚫,1
代,1
クライアント,1
受け,1
プライベート,1
フリマアプリ,1
られる,1
間,1
わから,1
案内,1
信頼,1
構築,1
やすい,1
随時,1
ブラッシュ,1
いき,1
皆さま,1
個,1
なし,1
活躍,1
代行,1
多数,1
ページ,1
仕入れ,1
中心,1
!,1
BASE,1
名,1
説明,1
項目,1
カテゴリ,1
業務,1
沿っ,1
諸々,1
行っ,1
つき,1
ソフト,1
問い,1
canva,1
入っ,1
助かり,1
いただい,1
スタッフ,1
チェック,1
修正,1
箇所,1
適宜,1
終了,1
働い,1
納期,1
メール,1
やり取り,1
際,1
氏名,1
選考,1
行わ,1
♪》,1
⭐,1
手伝っ,1
人,1
外注,1
事業,1
拡大,1
ため,1
新た,1
自宅,1
カフェ,1
専門,1
スキル,1
知識,1
不要,1
済み,1
=,1
zoom,1
面談,1
整っ,1
週,1
確保,1
取り組ん,1
とれる,1
個人,1
守秘,1
義務,1
守っ,1
該当,1
未成年,1
家族,1
関連,1
停止,1
ショッパー,1
①,1
ふりがな,1
②,1
住まい,1
地域,1
③,1
④,1
職業,1
⑤,1
⑥,1
⑦,1
動機,1
子ども,1
病気,1
行事,1
心配,1
都度,1
お互い,1
働ける,1
整え,1
長い,1
いけ,1
楽しみ,1
人気,1
ハイ,1
❁,1
アパレル,1
通販,1
宮,1
﨑,1
東京,1
静岡,1
会社,1
員,1
経,1
今年,1
メルボルン,1
滞在,1
広げ,1
♪　,1
当方,1
基づい,1
決まっ,1
形式,1
頂く,1
合成,1
背景,1
透過,1
詳細,1
色,1
基本,1
大半,1
文,1
テンプ,1
レ,1
長文,1
難しく,1
感じる,1
しれ,1
慣れ,1
くる,1
行える,1
LINE,1
Chatwork,1
予定,1
接続,1
所持,1
Excel,1
閲覧,1
できれ,1
問題,1
含む,1
)（,1
不可,1
様子,1
見,1
:）,1
小さい,1
応,1
例,1
x,1
実績,1