定番,7292
/,7061
週,6851
開発,6716
日,6432
し,5386
業務,4938
3,3948
フルリモ,3631
サービス,3377
いただき,2954
システム,2922
リモート,2712
する,2710
設計,2510
内容,2448
相談,2437
可,2413
自社,2266
募集,2257
担当,2236
案件,2195
エンジニア,2145
5,1932
機能,1874
新規,1822
おり,1809
向け,1703
エンド,1700
運用,1638
Web,1532
い,1438
実装,1422
フロント,1407
方,1360
プロダクト,1324
的,1323
管理,1274
PHP,1248
いる,1243
ため,1227
化,1217
4,1209
企業,1205
技術,1194
サイド,1162
概要,1134
事業,1122
サイト,1112
サーバー,1086
改善,1069
行っ,1061
詳細,1025
作成,978
なり,957
チーム,957
データ,955
弊社,955
テスト,952
さ,907
等,907
構築,890
対応,885
Python,883
アプリ,881
アプリケーション,861
.,859
いたし,841
携わっ,814
いただける,801
バック,798
Java,796
プロジェクト,791
デザイン,781
保守,765
今回,763
(,762
支援,762
既存,758
会社,754
React,751
Ruby,735
WEB,727
js,719
顧客,715
API,700
),700
要件,696
プラットフォーム,692
者,682
利用,672
デザイナー,668
環境,663
経験,662
改修,662
こと,649
制作,640
メンバー,640
運営,636
リリース,636
フロントエンドエンジニア,635
HTML,634
企画,633
～,625
AI,625
作業,624
大手,623
Go,621
ツール,619
できる,613
予定,599
主,597
CSS,594
社内,594
中,590
いただく,589
仕様,587
提供,586
任せ,586
系,584
可能,577
時,571
面談,563
追加,552
実施,551
情報,550
クライアント,540
お願い,538
ある,528
サーバーサイドエンジニア,526
リード,525
性,521
調査,520
C,510
-,502
あり,500
行う,496
ユーザー,491
定義,489
頂き,488
コード,476
参画,476
用い,469
依頼,467
1,466
UI,466
れ,459
様,457
メイン,452
連携,451
関連,451
具体,450
コーディング,446
当社,446
EC,444
使用,440
業界,431
側,426
分析,421
活用,419
せ,415
画面,414
行い,405
2,404
現在,403
中心,402
内,399
レビュー,397
Vue,395
部分,393
提案,390
基本,388
TypeScript,387
...,386
クラ,384
ウド,384
展開,383
必要,380
検討,380
想定,379
下記,374
領域,372
課題,370
選定,366
仕事,365
サポート,362
JavaScript,337
導入,334
希望,327
販売,325
進め,324
受託,317
上,315
アーキテクチャ,311
SaaS,311
アップ,309
ソフトウェア,309
GCP,308
複数,305
歓迎,304
コンテンツ,303
医療,297
スキル,296
担っ,293
基盤,293
ポジション,293
後,290
コミュニケーション,289
自動,288
上げ,287
言語,287
メディア,284
各種,281
拡大,280
向上,277
サーバ,276
商品,276
オンライン,273
書,271
検証,270
応じ,269
考え,269
DX,267
広告,264
全般,263
業,262
継続,261
成長,259
工程,259
AWS,257
バックエンドエンジニア,256
規模,254
研究,252
立ち,251
,,250
学習,250
製造,248
最適,248
使っ,248
SQL,248
UX,246
解決,245
人材,244
名,243
様々,243
調整,243
型,243
基幹,242
推進,242
いく,242
ライブラリ,240
多く,237
LP,235
BtoB,235
インフラ,234
マーケティング,231
移行,231
テック,230
いき,230
以下,227
モデル,225
フル,221
今後,220
ワーク,218
グループ,217
教育,217
お客様,215
採用,214
更新,208
リニューアル,208
マッチング,208
よう,207
フェーズ,206
最大,205
++,204
用,200
その他,200
勤務,197
致し,197
処理,195
紹介,193
デジタル,190
金融,190
フレーム,189
れる,188
体制,188
なっ,187
コア,186
数,184
いただけ,184
ゲーム,184
一緒,183
動画,182
予測,181
関わる,181
効率,178
画像,177
ドキュメント,175
一部,175
なる,175
実現,175
時間,175
ビジネス,175
オーナー,175
国内,172
新しい,171
思い,170
配信,170
伴う,169
稼働,168
機械,168
説明,168
標準,168
特,167
為,167
合わせ,166
修正,165
ベース,165
DB,164
通信,162
アジャイル,162
保険,159
必須,158
製品,158
CI,157
拡張,157
お伝え,157
スタート,156
ベンチャー,156
#,155
バナー,155
すべて,155
営業,155
要望,154
計画,154
Kotlin,154
機関,154
Javascript,154
伴い,154
DevOps,154
検索,153
Node,153
策定,151
スピード,151
日本,150
頂く,150
電子,149
目的,148
整備,148
高い,148
構成,147
予約,147
でき,145
在庫,145
アサイン,144
小売,144
立案,144
月,143
安定,143
年,143
バッチ,142
就業,142
整理,142
求め,140
決済,140
IT,140
リプレイス,140
PM,140
上記,140
モデリング,139
チャレンジ,138
目指し,137
ページ,137
結合,137
科学,137
サービスディリバリー,137
最新,136
リファクタリング,136
万,136
社員,136
障害,136
マイクロ,136
サービスアプリ,136
度,135
店,135
決定,134
リーダー,133
スマート,132
Unity,132
脳,132
デバイス,131
以上,131
状況,131
確認,130
スマホアプリ,130
プロセス,130
品質,130
強化,130
新た,129
ください,128
解析,127
PJ,127
応募,127
コンサルティング,126
外部,126
物流,126
Nuxt,125
本番,125
CMS,124
プロトタイプ,124
報告,123
10,122
幅広い,122
Rails,122
興味,121
組織,121
Laravel,121
人,121
全体,121
Scala,120
OK,119
級,119
リーディング,118
パッケージ,117
Typescript,117
マネジメント,117
協力,117
感,117
周り,117
見積,116
積極,116
需要,116
総合,115
自動車,115
不動産,115
HR,113
カスタマイズ,112
従事,112
可視,112
表示,112
物,111
形,111
試験,111
社会,111
急募,110
法人,110
高度,110
アルゴリズム,110
短期,109
先,108
サイエンティスト,107
間,106
部門,106
スクラム,105
入れ,105
診断,105
>,104
<,104
一,104
関係,104
せる,103
他,103
長期,103
自身,103
基づい,102
生産,102
ソリューション,102
プログラム,102
店舗,102
コーダー,102
クラス,102
クラウドインフラ,102
web,101
非常,101
ディレクター,101
実行,100
バージョンアップ,100
資産,99
支える,99
現場,99
テクノロジー,99
視野,99
条件,99
インテグレーション,98
PF,98
世界,98
含め,98
共同,98
構造,98
:,97
力,97
価値,97
会員,97
背景,96
発生,96
もと,96
持っ,95
満たし,95
査定,95
部,94
の,94
HP,94
詳しく,94
参加,93
使い,93
チェーン,93
受発注,93
資料,93
Angular,93
メンテナンス,92
探し,92
出社,92
モニタリング,92
施策,92
Windows,91
取引,91
VR,91
公開,90
請求,90
PC,89
コーポレート,89
パフォーマンス,89
活動,89
体験,89
設定,88
理解,88
部品,88
ござい,88
オークション,88
刷新,87
行なっ,87
東京,87
段階,87
場合,87
意識,87
問合せ,87
点,86
魅力,86
かいつまん,86
含む,85
登録,85
ソース,85
ブロック,85
クリエイティブ,84
知見,83
D,83
幅広く,82
３,82
プログラミング,82
動い,82
RubyonRails,82
もの,81
き,81
前,81
結果,81
お話,81
役割,80
要求,80
PoC,80
方針,80
版,80
スタッフ,80
くれる,79
将来,79
クラウドサービス,79
バグ,78
フォン,78
WordPress,78
変更,78
インター,78
フェイス,78
簡単,77
関わっ,77
頂ける,77
中核,77
統合,76
iOS,76
ポイント,76
お待ち,76
契約,76
暗号,76
&,75
ヒアリング,75
建設,75
B,75
販促,75
受注,75
物販,75
現状,74
取得,74
会計,74
横断,74
メーカー,74
増員,74
られる,74
問い合わせ,73
働き,73
開始,73
機器,73
計算,73
不具合,73
活躍,73
一貫,73
部署,73
Android,72
一般,72
求人,72
Azure,72
携わる,72
活かし,72
伝票,72
進捗,71
制御,71
カンパニー,71
マルチ,71
効果,70
元,70
現行,70
オフィス,70
手,69
on,69
期間,69
デスク,69
ブランディング,69
損害,69
EDI,69
リサイクル,69
動作,68
評価,68
加え,68
共通,68
上場,68
指示,68
受け,68
上流,68
柔軟,67
やすく,67
製,67
インターネット,67
その後,67
世界中,67
業者,67
買取,67
維持,66
経営,66
データベース,66
在宅,66
出来る,66
給与,66
知識,65
成果,65
対象,65
例,65
ローンチ,65
フロー,65
済み,65
それぞれ,65
醍醐味,65
重要,64
程度,64
Wordpress,64
グロース,64
ソフト,64
貢献,64
ミドル,64
取り組ん,64
別,64
ECS,64
エンハンス,63
収集,63
イベント,63
一気,63
通,63
貫,63
印刷,63
計測,63
薬局,63
案,63
良い,62
キャリア,62
IoT,62
ジョイン,62
26,61
実績,61
工数,61
分野,61
適正,61
～】,61
志向,61
発注,61
アプリサービス,61
られ,60
ダッシュボード,60
独自,60
人事,60
専門,60
最先端,60
常駐,60
やすい,60
アーキ,60
範囲,59
社,59
多い,59
地方,59
拡充,59
ウェア,59
性能,59
それ,59
PJT,59
両方,59
仲間,59
認識,58
持ち,58
Native,58
協,58
働,58
マークアップエンジニア,58
打ち合わせ,58
Salesforce,58
7,57
多岐,57
個人,57
Saas,57
作っ,57
ディレクション,57
考慮,56
イン,56
町,56
求める,56
Next,56
タスク,56
インターフェース,56
お話し,56
要員,56
執筆,56
自由,56
マーク,56
配車,56
VI,56
①,55
デモ,55
問題,55
ユーザ,55
以降,55
CD,55
産業,55
内部,55
思っ,55
Linux,55
アップデート,55
SRE,55
５,55
ネイティブアプリ,55
タクシー,55
タクシーアプリ,55
扱え,55
スポーツ,54
フォーム,54
補助,54
あれ,54
ヘルプ,54
はじめ,54
上げる,54
OSS,54
印刷物,54
仕組み,54
価格,54
認証,53
テーマ,53
+,53
ポータルサイト,53
事,52
海外,52
これ,52
ブランド,52
意思,52
00,52
代理,52
注目,52
監視,52
Tech,52
疾患,52
編集,51
２,51
場所,51
適切,51
集計,51
私,51
とり,51
始め,51
全て,51
大学,51
同席,51
講師,50
②,50
１,50
見,50
戦略,50
都,50
BtoC,50
ワイヤー,50
インタラクション,50
熟知,50
Unreal,50
際,49
担う,49
一員,49
SPA,49
加工,49
いただい,49
渋谷,49
詰め,49
千,49
チュートリアル,49
Engine,49
回,48
どちら,48
単体テスト,48
中小,48
自ら,48
~,48
PMO,48
jQuery,48
取り入れ,48
申し込み,48
期待,48
マスター,48
払い,48
生鮮,48
SE,47
CRM,47
ネット,47
操作,47
長い,47
ロボット,47
たち,47
議論,47
面,47
チェック,47
統計,47
知能,47
寄与,47
PL,47
テクニカルサポート,47
発信,46
気軽,46
作り,46
レベル,46
候補,46
ユーザビリティ,46
踏まえ,46
扱っ,46
プレゼン,46
ML,46
MR,46
アウト,46
9,45
テキスト,45
都内,45
ミッション,45
さん,45
兼務,45
electron,45
UnrealEngine,45
あたり,45
スパン,45
プロジェク,45
アクセス,44
素材,44
いずれ,44
スタック,44
発見,44
QR,44
toC,44
Fintech,44
方式,44
書い,44
感じ,44
物件,44
クライアントサイドエンジニア,44
切り出さ,44
新宿,44
Google,43
視,43
イメージ,43
SNS,43
グローバル,43
こちら,43
次,43
構想,43
遂行,43
金額,43
読み取り,43
固有名詞,43
できれ,42
SEO,42
ターゲット,42
プロモーション,42
進める,42
ニーズ,42
優秀,42
エンジニアリング,42
マネージャー,42
キャンペーン,42
バージョン,42
得,42
なく,42
選択,42
直近,42
２つ,42
モジュール,42
E,42
時点,42
Auto,42
Tables,42
BQML,42
分配,42
6,41
声,41
)、,41
委託,41
コン,41
サル,41
飲食,41
品,41
鏡,41
派遣,41
スマートフォンアプリ,41
転職,41
スマートフォン・タブレット・ウェアラブルデバイス,41
ゴーグル,41
アイトラッキング,41
解除,41
セキュリティ,40
用意,40
健康,40
進行,40
行動,40
エン,40
介護,40
共有,40
人数,40
携わり,40
市場,40
変革,40
本人,40
人員,40
EKS,40
伺い,40
30,39
円,39
職種,39
単位,39
toB,39
次世代,39
スクラッチ,39
ログ,39
適性,39
持ち込み,39
添える,39
ならび,39
美容,38
視点,38
フルリモート,38
システムリプレイス,38
ネットワーク,38
更,38
ロジック,38
観点,38
携わ,38
Fargate,38
スケジュール,37
自治体,37
得意,37
基づく,37
通貨,37
パートナー,37
リー,37
ガル,37
群,37
類,37
チケット,37
自分,37
19,36
23,36
売上,36
テレビ,36
オフショア,36
併用,36
PG,36
東証,36
to,36
プロ,36
ビッグ,36
実務,36
WebAPI,36
タイミング,36
自然,36
写真,35
繋ぐ,35
負債,35
フィードバック,35
仮想,35
配属,35
ショップ,35
帳票,35
精算,35
準備,35
ごと,35
協業,35
生活,35
主体,35
項目,35
進ん,35
メッセージング,35
大分,35
0,34
全国,34
通じ,34
セット,34
機会,34
取り組み,34
トップ,34
ICT,34
or,34
プログラマー,34
GitHub,34
エンジン,34
ヘルスケア,34
オープン,34
8,33
層,33
ホームページ,33
高める,33
[,33
証券,33
抽出,33
取り,33
広く,33
アーキテクト,33
幸い,33
メール,33
市,33
レス,33
ゼロ,33
お手伝い,33
チャット,33
終了,33
局,33
Jungo,33
秋葉原,33
対策,32
Slack,32
ランディングページ,32
投資,32
],32
MySQL,32
旅行,32
通販,32
検知,32
net,32
団体,32
イノベーション,32
正社員,32
音声,32
特定,32
折衝,32
裁量,32
ケース,32
伝統,32
頂けれ,32
デプロイ,31
沿っ,31
女性,31
住宅,31
NET,31
官公庁,31
所,31
持つ,31
専任,31
単体,31
他社,31
育成,31
少数,31
精鋭,31
流通,31
研修,31
モバイル,31
CS,31
並行,31
Oracle,31
商,31
OS,31
行える,31
今,31
蓄積,31
限定,31
モノリシック,31
本格,31
作る,31
決め,31
IF,31
入力,31
起こし,31
mysSQL,31
池袋,31
20,30
#/,30
完了,30
発揮,30
位置,30
複雑,30
リソース,30
副業,30
把握,30
ない,30
製作,30
前提,30
ライブ,30
プロデュース,30
映像,30
組ん,30
バーチャル,30
GCE,30
18,29
Cloud,29
会議,29
ファイル,29
CM,29
ドメイン,29
駆使,29
ワン,29
ベンダー,29
テンプレート,29
世の中,29
電話,29
基,29
期,29
出し,29
媒体,29
付随,29
代行,29
モダン,29
商用,29
ショッピング,29
DWH,29
カフェ,29
経済,29
まとめ,29
薬,29
全面,28
リプレース,28
目指す,28
利,28
ストップ,28
注力,28
成功,28
リサーチ,28
定量,28
そこ,28
地,28
材,28
VB,28
動向,28
オリジナル,28
シフト,28
作り上げ,28
サブシステム,28
建築,28
見据え,28
MA,28
大量,28
いける,28
送信,28
協調,28
人工,28
UE,28
100,27
重視,27
予算,27
４,27
部隊,27
モバイルアプリ,27
生成,27
周辺,27
主要,27
おすすめ,27
申込,27
通り,27
扱う,27
QA,27
てる,27
信頼,27
区,27
カメラ,27
対,27
事務所,27
近辺,27
テーブル,27
創造,27
完全,27
接続,27
表現,27
グラフ,27
なら,27
学,27
最低,27
11,26
専用,26
集客,26
何,26
更改,26
獲得,26
VBA,26
調達,26
日々,26
流れ,26
NFT,26
外食,26
公共,26
フレックス,26
ブラッシュ,26
チャットボット,26
学生,26
原因,26
Docker,26
配送,26
発展,26
意見,26
LAMP,26
状態,26
トップクラス,26
ペット,26
Photoshop,26
FX,26
出力,26
責任,26
新卒,26
頂い,26
臨機応変,26
行程,26
見積もり,26
入っ,26
歴,26
リアルタイム,26
存じ,25
方法,25
掲載,25
クレジットカード,25
BI,25
軸,25
SAP,25
組み込み,25
増加,25
Spring,25
下,25
場,25
反映,25
おまかせ,25
兼,25
スケーラビリティ,25
立場,25
簡易,25
制,25
JS,25
トラブル,25
財,25
勤怠,25
車,25
要素,25
マイニング,25
食品,25
スタジオ,25
取れ,25
40,24
マップ,24
納品,24
レスポンシブ,24
000,24
検査,24
改良,24
Django,24
*,24
KPI,24
ヶ月,24
レポート,24
)】,24
コンポーネント,24
見合い,24
挑戦,24
豊か,24
フォロー,24
不足,24
記事,24
慣れ,24
注文,24
先端,24
くださる,24
└,24
もっ,24
駅,24
Perl,24
チラシ,24
自体,24
方々,24
SDK,24
動く,24
株式,24
味わっ,24
UIUX,24
立,24
DMP,24
根幹,24
携帯,24
影響,24
色々,24
実態,24
兼ね,24
県内,24
代,23
あっ,23
公式,23
ソーシャルゲーム,23
RPA,23
A,23
進化,23
以外,23
オペレーション,23
申請,23
初日,23
人口,23
次第,23
負荷,23
対話,23
教材,23
アパレル,23
機,23
パイプライン,23
地域,23
高速,23
基地,23
いくつ,23
かかわれる,23
ワールド,23
ワイド,23
フルリモ・,23
慣習,23
女子大,23
週間,22
形式,22
ほか,22
_,22
求職,22
合っ,22
多様,22
変え,22
フルスタックエンジニア,22
創出,22
牽引,22
ノウハウ,22
FinTech,22
バックエンドシステム,22
豊富,22
)/,22
全員,22
オンプレ,22
決まっ,22
わたり,22
革新,22
手順,22
在籍,22
Excel,22
資金,22
マルチタスク,22
加入,22
化粧,22
ロード,21
いただけれ,21
プラグ,21
アニメーション,21
シリーズ,21
相互,21
銀行,21
指導,21
商社,21
異常,21
即日,21
銀座,21
施設,21
シェア,21
消費,21
スムーズ,21
望ましい,21
論文,21
課金,21
出品,21
装置,21
患者,21
若手,21
学校,21
アイデア,21
セールス,21
深く,21
％,21
センター,21
知,21
実践,21
RoR,21
エンゲージメント,21
カウンセリング,21
グラフィック,21
鑑み,21
思考,21
取り入れる,21
熱意,21
スケール,21
マルチプレイ,21
待機,21
ロビー,21
提,21
50,20
タグ,20
キャッチ,20
クオリティ,20
人々,20
直接,20
電力,20
多角,20
測定,20
意欲,20
業種,20
POS,20
続ける,20
策,20
保有,20
etc,20
定期,20
マニュアル,20
頂け,20
紙,20
キャッシュ,20
スクール,20
さま,20
～/,20
倉庫,20
売買,20
本社,20
ソースコードレビュー,20
労務,20
しる,20
サブスクリプション,20
働い,20
スマートフォン,20
ウェブサイト,19
Platform,19
種類,19
フリーランス,19
詳しい,19
士,19
キャラクター,19
あわせ,19
プロフェッショナル,19
料理,19
ビジュアルデザイン,19
ハンス,19
事務,19
CTO,19
次期,19
目線,19
手法,19
カスタマーサポート,19
す,19
走っ,19
視聴,19
積む,19
③,19
不要,19
個別,19
Illustrator,19
お客,19
分,19
スマ,19
ホ,19
運送,19
初期,19
算出,19
アプリ・,19
見通し,19
文言,19
コミュニティ,19
仮説,19
英語,19
ソーシャルアプリ,19
System,19
HRTech,19
日野,19
工事,18
工場,18
子育て,18
活,18
集団,18
クラウドネイティブ,18
購入,18
比較,18
購買,18
GUI,18
%,18
貸与,18
時期,18
ビジュアル,18
LINE,18
汎用,18
主軸,18
製薬,18
エンターテイメント,18
出版,18
終わり,18
選考,18
不問,18
エンタープライズ,18
経過,18
サブ,18
繋がる,18
スタイル,18
ステーク,18
ホルダー,18
本,18
問わ,18
大型,18
未経験,18
メンバ,18
医師,18
異なり,18
所属,18
社外,18
マスタ,18
Shopify,18
煩雑,18
スキャン,18
ヘルス,18
備え,18
リファクタリングプロジェクト,18
本質,18
創業,18
薬剤師,18
カルテ,18
インプット,18
マーケティングソリューション,18
WebCMS,18
プレゼンテーション,18
UMG,18
Lerning,18
Management,18
有機,18
結びつい,18
12,17
60,17
安全,17
助かり,17
ASP,17
遠隔,17
外国,17
頻度,17
さまざま,17
最初,17
マインド,17
加速,17
Swift,17
人物,17
学び,17
スクリプト,17
タメ,17
一連,17
おこなっ,17
大阪,17
ドキュメンテーション,17
テレ,17
お力,17
使う,17
Redux,17
新しく,17
うち,17
コントロール,17
入札,17
活性,17
多数,17
デバッグ,17
ETL,17
ネイティブ,17
取り組む,17
稿,17
クラウドシステム,17
サイエンス,17
書籍,17
ユース,17
スキャン・デジタルツインアプリケーション,17
ツイン,17
デジタルツインアプリケーション,17
AR,17
臨床,17
法律,17
普及,17
モバイルソリューション,17
生涯,17
クラウドサービスベンダー,17
ファッション,17
ディープラーニング,17
数値,17
数理,17
増大,17
横浜,17
ブラウザ,16
見直し,16
イラスト,16
ベスト,16
追求,16
タレントマネジメントシステム,16
月間,16
なか,16
保証,16
#】,16
応,16
タイトル,16
近く,16
車両,16
赤坂,16
報道,16
つき,16
存在,16
スピーディ,16
むけ,16
手伝っ,16
伴っ,16
答える,16
コスト,16
単価,16
繋げる,16
プランニング,16
TestCafe,16
外資,16
オーナーシップ,16
発送,16
最終,16
農業,16
下さい,16
変動,16
SFA,16
付け,16
通し,16
勢い,16
完成,16
理論,16
@,16
三,16
2024,15
クリニック,15
プラン,15
つなぐ,15
主導,15
解消,15
パフォーマンスチューニング,15
撮影,15
加盟,15
像,15
回数,15
代表,15
主力,15
国内外,15
づくり,15
員,15
RPG,15
ニュース,15
空間,15
入る,15
GO,15
ここ,15
まいり,15
プラント,15
時給,15
タブレット,15
Net,15
やり,15
エリア,15
生保,15
JQuery,15
カバレッジ,15
応用,15
BFF,15
神田,15
アイディア,15
Flask,15
PDCA,15
中古,15
アルバイト,15
コンシューマー,15
指針,15
優先,15
安心,15
カバー,15
インタビュー,15
Elasticsearch,15
ウェアラブルデバイス,15
定額,15
MicrosoftAzure,15
毎月,15
T,15
オーディオ,15
ブック,15
話し合う,15
風通し,15
集め,15
英会話,15
落とし込む,15
Detox,15
BPR,15
恵比寿,15
出勤,15
茶,15
六本木,15
99,14
伸ばし,14
認知,14
参考,14
なし,14
指定,14
もらう,14
アニメ,14
受付,14
図り,14
R,14
強み,14
促進,14
大きく,14
配置,14
ガス,14
オーダー,14
ビジョン,14
特徴,14
変換,14
運転,14
発,14
SIer,14
テレワーク,14
MTG,14
小規模,14
当初,14
中長期,14
定例,14
家,14
件,14
観客,14
エンタメプラットフォームアプリ,14
プラットフォームアプリ,14
観戦,14
洗い出し,14
質,14
近い,14
エラー,14
目,14
コンテナ,14
メニュー,14
よく,14
メルカリ,14
積める,14
毎,14
搭載,14
下流,14
都市,14
リーダ,14
密,14
完結,14
戦力,14
レイアウト,14
経理,14
一新,14
トレーディング,14
ストレス,14
こだわっ,14
パーツ,14
担保,14
PR,14
板金,14
グーグルフォーム,14
ウェアラブル,14
問い,14
DjangoRestFramework,14
ローン,14
レガシー,14
カウンセラー,14
目安,14
アシスタント,14
リッチ,14
描い,14
分類,14
先行,14
弁護士,14
系列,14
依存,14
都心,14
埼玉,14
錦糸,14
15,13
保存,13
備考,13
音楽,13
生命,13
浜松,13
億,13
手掛ける,13
係る,13
エネルギー,13
iPhone,13
経費,13
これら,13
福祉,13
誇る,13
e,13
専属,13
No,13
･,13
クライアントメディア,13
上位,13
行わ,13
サプライチェーンリスク,13
アウトプット,13
OCR,13
控え,13
姿勢,13
SQLServer,13
便利,13
Flutter,13
モノ,13
統一,13
込,13
打合せ,13
記述,13
提示,13
プランナー,13
カード,13
作ら,13
請け,13
平日,13
出来,13
REST,13
日次,13
都度,13
窓口,13
モール,13
一括,13
担い,13
XR,13
手掛け,13
ＷＥＢ,13
インタラクティブ,13
双方,13
外注,13
宅配,13
#.,13
shell,13
ディーリング,13
深層,13
ホーム,13
BIM,13
プラグインソフトウェア,13
android,13
マイカー,13
プロトタイピング,13
形状,13
描画,13
HRtech,13
SP,13
退,13
枠,13
アプリエンジニア,13
与え,13
アド,13
売却,13
マーケットプレイスアプリ,13
サーバーサイド・フロントエンド・インフラストラクチャ,13
テンポ,13
投信,13
約定,13
クライアントサイド,13
シューティング,13
土日,13
カタログ,13
うる,13
推定,13
収益,13
高まり,13
日本橋,13
400,12
優れ,12
増やし,12
施工,12
連絡,12
受講,12
能力,12
車載,12
発行,12
着実,12
スキマ,12
徹底的,12
サイズ,12
個,12
取り組める,12
幅,12
満足,12
商談,12
SpringBoot,12
入社,12
病気,12
拠点,12
シナリオ,12
無い,12
SI,12
ミーティング,12
該当,12
アクション,12
＃,12
JAVA,12
あなた,12
配布,12
検出,12
サービスグロース,12
Git,12
自宅,12
図る,12
正式,12
距離,12
SW,12
十,12
原則,12
回答,12
システムエンジニア,12
゙,12
顕微鏡,12
wordpress,12
側面,12
ゆくゆく,12
プライシング,12
laravel,12
サイトコンサル,12
アプリケーションフロントエンド,12
纏め,12
楽しん,12
スマホデバイス,12
ABAP,12
サブスクリプションモデル,12
有,12
面接,12
精度,12
疎通,12
誰,12
校正,12
客,12
パンフレット,12
プロダクトオーナ,12
git,12
flow,12
ディレクトリ,12
ドライブ,12
走り,12
カラオケ,12
心理,12
県,12
pingfederate,12
到着,12
神奈川,12
神保,12
御茶ノ水,12
嬉しい,11
ライティング,11
保育,11
報酬,11
S,11
増やす,11
超える,11
レンタル,11
アドオン,11
形態,11
生かし,11
python,11
++】,11
実証,11
PV,11
プライム,11
財務,11
多種,11
高等,11
CakePHP,11
未来,11
割,11
動かし,11
含ま,11
),,11
++/,11
会話,11
日常,11
家電,11
CUBE,11
M,11
テストケース,11
レコード,11
スマホ,11
⇒,11
BUYMA,11
迎える,11
随時,11
DTP,11
確定,11
子会社,11
在住,11
組成,11
ディスカッション,11
オフライン,11
六,11
漫画,11
Backend,11
培っ,11
コミット,11
交通,11
マイ,11
図,11
役,11
④,11
ビルディング,11
アナリスト,11
リテラシー,11
ぺ,11
ージ,11
地図,11
ライフスタイル,11
振込,11
成す,11
ElasicSearch,11
ビジネスマッチングアプリ,11
重用,11
すり合わせ,11
プリセールス,11
オーダーシステムサービス,11
手伝い,11
品等,11
チューニング,11
そちら,11
固まっ,11
バナーデザイン,11
縮,11
後任,11
降ろさ,11
置き換え,11
サンプル,11
抱える,11
データウェアハウス,11
ボトルネック,11
展示,11
コール,11
言わ,11
浸透,11
カスタマーサクセス,11
て,11
CX,11
シーン,11
体,11
MD,11
投入,11
学術,11
資材,11
手動,11
取締役,11
WE,11
プリ,11
供給,11
市内,11
ウェディング,11
データドリブン,11
配分,11
由来,11
母集団,11
各部,11
署,11
サービスサーバーサイドエンジニア,11
SAML,11
OIDC,11
リノベーション,11
リノベ,11
フェージング,11
セルフオーダー・セルフレジ,11
専門医,11
英知,11
流用,11
単品,11
17,10
120,10
Figma,10
モック,10
男性,10
案内,10
ガイド,10
保育園,10
不明,10
クラウドファンディング,10
Redis,10
続け,10
田町,10
語,10
P,10
クリエイター,10
設備,10
マーケットプレイス,10
スライド,10
判定,10
掲げ,10
理想,10
量販,10
マーケ,10
携われ,10
ハイブリッド,10
グラフィックデザイナー,10
リアル,10
おける,10
W,10
目標,10
マイル,10
ストーン,10
有名,10
量,10
力添え,10
アバター,10
Golang,10
初,10
移植,10
Aurora,10
身,10
済,10
選択肢,10
補充,10
マッチングアプリ,10
ライン,10
ウェブアプリケーション,10
パー,10
アドバイス,10
教師,10
もらい,10
集,10
我々,10
国際,10
業績,10
増え,10
本件,10
変化,10
バナー・,10
トラッキング,10
軽減,10
組み合わせ,10
現時点,10
ション,10
使わ,10
航空,10
経由,10
モビリティサービス,10
javascript,10
人気,10
ウェブサービス,10
軽微,10
閲覧,10
POP,10
引継ぎ,10
五反田,10
アカウント,10
アート,10
み,10
事前,10
合う,10
ハイ,10
プログラマ,10
実験,10
サプリメント,10
ビックデータ,10
請け負っ,10
アノテーション,10
アプリデザイン,10
明るく,10
コロナ,10
サーバサイドエンジニア,10
特許,10
LPO,10
職,10
次元,10
html,10
積ん,10
インテリジェンス,10
レストラン,10
大胆,10
オンコール,10
初心者,10
フォークリフト,10
同業,10
カット,10
Transact,10
くれ,10
l,10
出資,10
か月,9
URL,9
選び,9
歯科,9
一覧,9
セミナー,9
監査,9
顔,9
PDF,9
シンプル,9
たくさん,9
ファン,9
生,9
デザインモック,9
開,9
とき,9
一元,9
見える,9
高め,9
好き,9
急速,9
基礎,9
やり取り,9
フ,9
スピーディー,9
考案,9
h,9
かかわる,9
Learning,9
コンサルタント,9
ウォーターフォール,9
エンターテインメント,9
生み出す,9
取り込ん,9
関わり,9
光学,9
つくる,9
Script,9
日本語,9
DM,9
それら,9
設置,9
F,9
タイム,9
職務,9
併せ,9
適用,9
飯田橋,9
対面,9
月末,9
PostgreSQL,9
GitLab,9
フィット,9
回し,9
やす,9
訓練,9
置き換える,9
プレス,9
小売り,9
ネイル,9
ポータル,9
難易,9
本木,9
行政,9
うえ,9
習得,9
モーター,9
アダプタ,9
雇用,9
大切,9
新入,9
兼任,9
マーケット,9
ToB,9
商標,9
同士,9
静的,9
マーケター,9
ベータ,9
ロボティクス,9
月次,9
BigQuery,9
入金,9
Splunk,9
通話,9
゚,9
グルメ,9
メディアコンサル,9
国籍,9
スマートフットウェア,9
転送,9
商店,9
救う,9
䛾,9
帯,9
シェアリング,9
少なく,9
エフェクト,9
java,9
アーキテクチャー,9
サロン,9
ケア,9
籍,9
取っ,9
文字,9
EFO,9
絵,9
Deep,9
英単語,9
尺,9
同社,9
活かす,9
取り扱っ,9
当該,9
大事,9
いらっしゃい,9
見守り,9
覚え,9
パソコン,9
COBOL,9
データドリブンシステム,9
役に立つ,9
サードパーティベンダー,9
プロトタイプアプリ,9
言え,9
知り,9
統括,9
請負,9
大森,9
140,8
ストレージ,8
://,8
(※,8
開設,8
保護,8
模索,8
H,8
レシピ,8
ID,8
App,8
SES,8
マネジャー,8
両立,8
最小限,8
接客,8
画,8
繋ぎ,8
先進,8
創る,8
等々,8
判断,8
遂げ,8
膨大,8
ス,8
法務,8
家庭,8
加わる,8
MVP,8
容量,8
組,8
まとめる,8
基づき,8
レポーティング,8
ハードウェア,8
!,8
Github,8
ストラクチャ,8
古い,8
カート,8
整っ,8
ガイドライン,8
固定,8
ホテル,8
届ける,8
",8
担える,8
落札,8
速報,8
創り,8
フィットネス,8
端末,8
メルマガ,8
Express,8
Actions,8
XD,8
テスター,8
病院,8
トレンド,8
すれ,8
Nest,8
一人称,8
メッセージ,8
やりがい,8
スケジューリング,8
分業,8
受入,8
プロダクション,8
集約,8
ER,8
FileMaker,8
テクニカルディレクター,8
EDR,8
アラートログ,8
⑤,8
定性的,8
MLOps,8
ラット,8
負,8
広範囲,8
クラウドソーシングサービス,8
新薬,8
治験,8
サービ,8
モビリティーサブスクリプションサービス,8
illustrator,8
骨董,8
大都市,8
ex,8
Terraform,8
手がけ,8
触れる,8
タイプ,8
昨年,8
放送,8
高く,8
クラウドファンディングサービス,8
Framework,8
就職,8
一定,8
円滑,8
ビジネスインテリジェンスツール,8
略,8
内外,8
クレジット,8
書ける,8
最大限,8
働く,8
個々人,8
ロゴ,8
ゲームアプリ,8
同時,8
I,8
ポスター,8
生じる,8
Tableau,8
出金,8
賃貸,8
ドライバ,8
無線,8
ERP,8
取次,8
パラメータ,8
まわり,8
筐,8
バーチャルライブプラットフォーム,8
フロントエンドソフトウェア,8
AASD,8
描か,8
サービスサイトリプレイス,8
サーバーサイドシステム,8
ソリューション・アウトソーシング,8
料,8
試算,8
MLaaS,8
»,8
Pythpn,8
中央,8
2021,7
2023,7
アプローチ,7
マンション,7
新着,7
月額,7
講座,7
訪問,7
金,7
質問,7
改革,7
導く,7
新旧,7
最大手,7
L,7
認可,7
Redmine,7
JP,7
◾,7
タレント,7
リース,7
鉄道,7
東,7
確保,7
無く,7
落とし込み,7
レジ,7
快適,7
集中,7
お金,7
共,7
走,7
サプライ,7
持続,7
事項,7
進め方,7
PO,7
込み,7
ゴルフ,7
渡る,7
社内外,7
頃,7
スーパー,7
仲介,7
考える,7
ソフトウエア,7
正常,7
・,7
卸売,7
若い,7
slack,7
回せる,7
いっ,7
投稿,7
カスタム,7
​,7
輸入,7
法,7
ジュニア,7
式,7
ビューア,7
工夫,7
G,7
移動,7
本体,7
切り替え,7
本気,7
学ぶ,7
送金,7
資格,7
生徒,7
組み,7
老舗,7
楽天,7
FW,7
実感,7
ところ,7
受け入れ,7
探せる,7
室,7
Amazon,7
マンガ,7
売り上げ,7
関与,7
開拓,7
センサー,7
Adobe,7
署名,7
ユニット,7
見込ん,7
分担,7
達,7
一つ,7
再生,7
届け,7
モックアップ,7
レジャー,7
javaScript,7
メタデータ,7
変わる,7
途中,7
オンラインクレーンゲームシステム,7
ゲームセンター,7
クレーン,7
景品,7
定型,7
福利,7
厚生,7
Kubernetes,7
ランキング,7
クライアントワーク,7
属性,7
づけ,7
Bootstrap,7
⾏,7
サイトエンハンス,7
見つけ出し,7
ライセンス,7
デジタルソリューション,7
ビデオ,7
取,7
インハウス,7
通用,7
会,7
承継,7
マネー,7
仕入れ,7
フェイズ,7
クーポン,7
受け取っ,7
CAD,7
広報,7
ブロックチェーントークン,7
チャート,7
是非,7
陣,7
トラフィック,7
モー,7
検品,7
診療,7
順位,7
リフォーム,7
ポート,7
オウンドメディア,7
ヘルステックベンチャー,7
開催,7
ワード,7
電機,7
適宜,7
異なる,7
トータル,7
過程,7
格納,7
小中学生,7
演出,7
職場,7
文化,7
準拠,7
ラフ,7
先方,7
リング,7
いか,7
連動,7
≪,7
≫,7
)。,7
二つ,7
デベロッパー,7
カンタン,7
中流,7
百,7
スプレッドシート,7
減らし,7
東京大学,7
デプロイパイプライン,7
定式,7
リゾート,7
披露宴,7
引出物,7
買い付け,7
立ち向かっ,7
オンプレミスサーバー,7
名古屋,7
福岡,7
コーチング,7
過去,7
«,7
服装,7
休み,7
デザイナー・コーダー,7
Eclips,7
13,6
180,6
560,6
2025,6
互換,6
納期,6
ウェブデザイン,6
料金,6
TOP,6
無料,6
https,6
良く,6
こみ,6
塾,6
伝える,6
jp,6
記載,6
需給,6
短時間,6
多言,6
翻訳,6
c,6
b,6
応じる,6
前後,6
トータルサポートシ,6
Microsoft,6
株式会社,6
強い,6
Mac,6
至る,6
GraphQL,6
よい,6
図っ,6
大枠,6
圧倒的,6
⽤,6
スプリント,6
観,6
二,6
システム・アプリ,6
予想,6
伴走,6
チームリーダー,6
変える,6
元請け,6
！/,6
楽しめる,6
頻繁,6
トレーニング,6
直,6
年間,6
フリマアプリ,6
家族,6
GPS,6
サブスク,6
落とし込ん,6
休憩,6
わかり,6
最高,6
ReactNative,6
メガ,6
BaaS,6
事象,6
コラボレーション,6
親会社,6
虎ノ門,6
日数,6
出張,6
コンセプト,6
組込み,6
文書,6
緊急,6
感じる,6
稼動,6
超え,6
スマートコントラクト,6
マッチ,6
比率,6
寄り,6
オートメーション,6
限ら,6
能動,6
講義,6
応答,6
新聞,6
好調,6
婚,6
不定期,6
速度,6
割合,6
マイコン,6
ます,6
リリー,6
シニア,6
従う,6
出荷,6
出す,6
超,6
AB,6
大人気,6
現実,6
近郊,6
履歴,6
打ち合わ,6
中規模,6
映画,6
－,6
リスト,6
インタフェース,6
CircleCI,6
デリバリー,6
カスタマーサポートチーム,6
厳しい,6
研究所,6
クーポンアプリ,6
スマートフォンゲームアプリ,6
つくっ,6
出店,6
サーバサイドプログラム,6
ふるさと,6
納税,6
促す,6
Software,6
Engineer,6
TV,6
オンラインウォレット,6
セキュア,6
IaaS,6
サブスクリプションサービス,6
決算,6
グルメサイトエンハンス,6
立ち上がる,6
米国,6
リテール,6
CDP,6
アドバイザー,6
ルール,6
割け,6
被験者,6
同意,6
相続,6
version,6
up,6
融合,6
屈指,6
挙動,6
アカウントポータル,6
受領,6
券,6
xR,6
提携,6
早期,6
文章,6
基準,6
フィジビリティ,6
生み出し,6
割り振り,6
書き,6
おら,6
フルリニューアル,6
ともなう,6
類似,6
ネイルサービス,6
ネイルサロン,6
公的,6
システムリプレース,6
中国,6
支払,6
アライアンス,6
単純,6
マイグレーション,6
以来,6
見れる,6
一体,6
ウォレット,6
大小,6
トンマナ,6
先駆け,6
取り込み,6
ベトナム,6
データマーケティングプラットフォーム,6
要,6
メンテ,6
登用,6
分かれ,6
【.,6
エージェント,6
始まっ,6
長年,6
率,6
EX,6
スマホアプリエンジニア,6
損保,6
FAQ,6
見込ま,6
WiFi,6
フォーマット,6
意向,6
名刺,6
ストーリー,6
最寄駅,6
青山,6
メインビジュアル,6
実機,6
織り,6
交ぜ,6
オンラインギフトプラットフォーム,6
密接,6
渦,6
かかる,6
オススメ,6
セールスフォース,6
Apex,6
PyTorch,6
torchvision,6
pytorch,6
image,6
models,6
mmcv,6
mmdetection,6
vissl,6
ポートレート,6
▶,6
コンピュータ,6
点数,6
積み重ね,6
高級,6
コンビニ,6
~/,6
売れる,6
豊洲,6
FE,6
〜/,6
麻布十番,6
新橋,6
16,5
45,5
70,5
2000,5
2022,5
医院,5
キャッチコピー・コンテンツライティング,5
UP,5
kintone,5
g,5
..,5
ノー,5
支出,5
SSR,5
暮らし,5
ブロックチェーンゲーム,5
出,5
POC,5
ローカル,5
人月,5
一元化,5
リハーサル,5
店頭,5
デジタルトランスフォーメーション,5
配下,5
宿泊,5
⾯,5
Sass,5
定性,5
富ん,5
経歴,5
フルスクラッチ,5
心,5
Boot,5
ただ,5
アラート,5
おかげ,5
受け渡し,5
リサイズ,5
水,5
費用,5
Application,5
先生,5
上級,5
WF,5
本部,5
出席,5
脆弱,5
～（,5
０,5
深い,5
リーダーシップ,5
PKG,5
外,5
屋,5
セルフ,5
補足,5
++、,5
共感,5
自律,5
サーバーレスアーキテクチャ,5
パターン,5
‧,5
ならでは,5
年齢,5
ZOOM,5
用品,5
雰囲気,5
向き合い,5
ロール,5
アーキテクティング,5
エンドクライアント,5
回り,5
高校,5
育児,5
かけ,5
債権,5
回収,5
大幅,5
得る,5
チャンス,5
自発,5
記録,5
累計,5
グレード,5
アセット,5
誌,5
ボタン,5
レイヤー,5
件数,5
タイアップ,5
関わ,5
論理,5
支払い,5
付加,5
Lead,5
新大阪,5
高,5
幼稚園,5
グロースハック,5
手段,5
MongoDB,5
言い,5
一番,5
オーク,5
UT,5
介し,5
定常,5
精通,5
GC,5
メンタリング,5
都合,5
不明瞭,5
寄り添い,5
中日,5
貿易,5
フロントエンド・バックエンド,5
LIssue,5
負担,5
いう,5
新人,5
教室,5
カリキュラム,5
ダウンロード,5
テックリードソフトウェアエンジニア,5
アンケート,5
答え,5
ポートフォリオ,5
シェル,5
削除,5
正規,5
レコメンド,5
通常,5
設立,5
染み,5
リスティング,5
夜間,5
LegalTech,5
各々,5
⑥,5
MLops,5
エッジ,5
レコメンデーション,5
指標,5
任せる,5
カジュアル,5
コーディネート,5
アイコン,5
※(,5
アーキチーム,5
時代,5
進ま,5
コンシューマ,5
サイトリニュアル,5
復旧,5
ライフメディアプラットフォーム,5
ios,5
呼び出す,5
器,5
乗り換え,5
規,5
モビリティーサービス,5
有る,5
長け,5
縮小,5
ヘルスケアテック・スタートアップ,5
ガイドアプリ,5
レガシーコード,5
税理士,5
コンソール,5
通知,5
業態,5
～）,5
オンプレミス,5
トップページ,5
グッズ,5
取り扱う,5
スクレイピング,5
エントリー,5
サイト・リプレースプロジェクト,5
させ,5
ジャンル,5
取り扱い,5
アフィリエイト,5
交換,5
フィード,5
導線,5
球,5
css,5
書く,5
ファンド,5
各社,5
MT,5
聞き,5
ビジネスパーソン,5
援,5
Firebase,5
ウェブ,5
スピードアップ,5
移管,5
楽しい,5
予防,5
スコア,5
見込み,5
スペース,5
スチーム,5
職人,5
建物,5
面白い,5
バラエティ,5
RDB,5
スポット,5
UNIX,5
整え,5
探求,5
Shell,5
物体,5
レイヤ,5
誇っ,5
武器,5
デジタルアドエージェンシー,5
salesforce,5
髪型,5
Maya,5
良質,5
マクロ,5
品川,5
　～　,5
徒歩,5
ブランチ,5
Glue,5
隙間,5
バックエンド,5
NDA,5
非公開,5
（～,5
カ月,5
日程,5
<<,5
>>,5
割り当て,5
フルタイム,5
催事,5
宣伝,5
分け,5
汲み取り,5
ECU,5
ToBe,5
ハウス,5
クラウドインテグレーション,5
稼ぎ,5
奈良,5
主婦,5
群馬,5
持ち帰り,5
ＩＴ,5
Office,5
最寄り,5
つくば,5
老,5
葛西,5
祝祭日,5
22,4
80,4
300,4
500,4
2019,4
4000,4
5000,4
OAuth,4
所有,4
コピー,4
開業,4
ブログ,4
形成,4
ほしい,4
www,4
就,4
活かせ,4
for,4
Slim,4
短期間,4
J,4
トランザクション,4
ロー,4
与える,4
認,4
組み込ん,4
卒業,4
スマートフォンゲーム,4
ナレッジプラットフォーム,4
幸福,4
|,4
従来,4
PMF,4
細かい,4
箇所,4
修理,4
兆,4
深め,4
皆様,4
努め,4
コンバージョン,4
大人,4
取りまとめ,4
Studio,4
徹底,4
‼】,4
Forbes,4
JAPAN,4
選出,4
新進,4
気鋭,4
飛躍,4
自己,4
つながり,4
順調,4
リプレイスプロジェクト,4
位,4
初回,4
アメリカ,4
もつ,4
モブ・ペア,4
Springboot,4
始まる,4
楽しく,4
習熟,4
Gin,4
突破,4
プリント,4
リードバックエンドエンジニア,4
一環,4
サイネージ,4
駐車,4
ライター,4
01,4
rails,4
四ツ谷,4
コミック,4
貸し,4
キー,4
返済,4
自立,4
本来,4
京都,4
健,4
診,4
観光,4
商業,4
工,4
程,4
#、,4
達成,4
難しい,4
ダイレクト,4
ボード,4
非同期,4
サイクル,4
ネス,4
DDD,4
６,4
電気,4
アノテーションツール,4
もらえる,4
組合,4
子供,4
則っ,4
感情,4
したい,4
ナショナルクライアント,4
コンペ,4
少ない,4
読み解き,4
ゴール,4
おこなえる,4
ST,4
有する,4
全文,4
JIRA,4
書か,4
調べ,4
RestAPI,4
図面,4
クローラー,4
Visual,4
勧め,4
シティ,4
AI×,4
複合,4
仕,4
フロン,4
決裁,4
支給,4
中継,4
メーカ,4
バックアップ,4
Apache,4
アセスメント,4
どこ,4
唯一,4
EdTech,4
コントロールプレーンネットワークファンクションノード,4
Lambda,4
BBQ,4
アウトドア,4
生損保,4
持ち帰っ,4
JSP,4
人間,4
Mission,4
防止,4
終わら,4
＃】,4
応え,4
基軸,4
アウトソーシング,4
クローズド,4
伝え,4
サーブ,4
ウォレットシステム・ポートフォリオ,4
出稿,4
導い,4
HTTP,4
GW,4
コマンド,4
扱える,4
半分,4
お気に入り,4
メディアプラットフォーマー,4
RCMS,4
j,4
BEM,4
置い,4
インストール,4
付き,4
メインアーキ,4
土台,4
腕時計,4
コスメブランド,4
Email,4
リーフレット,4
タッチ,4
プロフィール,4
家事,4
望め,4
払,4
秘め,4
転換,4
DSL,4
連続,4
発足,4
コンシェルジュ,4
モニターアライアンス,4
ゼロイチフェーズ,4
バイマ,4
webAPI,4
お越し,4
パネル,4
フルスタック,4
種,4
られれ,4
マザーズ,4
フラッグシップサービス,4
VPS,4
有意義,4
of,4
再発,4
データ・ドリブン,4
メンタルヘルス,4
要約,4
RESTful,4
デスクトップアプリ,4
繁栄,4
繁盛,4
ニュー,4
ノーマル,4
ゼロトラストソリューション,4
理系,4
GPU,4
中枢,4
聞い,4
手帳,4
込ま,4
スーパーアプリ,4
CentOS,4
足り,4
フロントエンドアプリケーション,4
所定,4
遅延,4
一切,4
システム・スマートフォンアプリ・データ,4
OMR,4
読取,4
原価,4
やっ,4
数学,4
コスメ,4
削減,4
最低限,4
イントラネット,4
動き,4
エキスパート,4
掛け合わ,4
知名度,4
エステ,4
ビルド,4
SharePoint,4
後方,4
パワポ,4
excel,4
従業,4
フィリピン,4
ブラウザベース,4
Social,4
家具,4
ワークフローシステム,4
話し合い,4
毎日,4
半年,4
プラットホーム,4
失敗,4
スマホサーバ,4
取り持つ,4
AP,4
当たり前,4
食,4
クオリティチェック,4
物理,4
購読,4
色,4
高齢,4
疑似,4
Blockchain,4
工作,4
く,4
ドリブン,4
やる気,4
フィナンシャル・グループ,4
バス,4
口座,4
プリペイドカード,4
国民,4
レガシーシステム,4
マガジン,4
繰り返し,4
権限,4
アイテム,4
引き合い,4
とおり,4
AS,4
モーション,4
クローリング,4
トラック,4
自信,4
メジャー,4
手数料,4
音,4
ラボ,4
広げ,4
とらわれ,4
CtoC,4
税,4
新設,4
存分,4
御座い,4
使える,4
フォトグラファー,4
電波,4
屋外,4
屋内,4
アプリユーザー,4
立ち寄っ,4
滞在,4
立ち寄り,4
口コミ,4
出身,4
野球,4
リーグ,4
支持,4
早く,4
Swagger,4
率先,4
やりとり,4
ファーストビュー,4
メールマーケ,4
つなぎ,4
困難,4
IC,4
詰める,4
Spready,4
Profiee,4
Teams,4
コンテ,4
読み込み,4
加わっ,4
動的,4
テクニカルアーティスト,4
有識者,4
CSV,4
番組,4
分かり,4
門前仲,4
家賃,4
債務,4
当面,4
優遇,4
札幌,4
アバターアイテム,4
着用,4
衣装,4
小物,4
スキニング,4
ノイズキャンセリング,4
リップ,4
シンク,4
歌唱,4
ボイス,4
額,4
定時,4
タスクフォースチーム,4
部外,4
Win,4
スケーラブル,4
有り,4
OpenCV,4
Store,4
Play,4
指摘,4
港,4
まし,4
構い,4
無人,4
デバック,4
数数,4
手書き,4
コンベンション,4
ノベル,4
ティー,4
突発,4
，,4
修得,4
ペーパー,4
ウェブベース,4
カテゴリ,4
メイド,4
回線,4
#/.,4
即応,4
狙っ,4
#）,4
Ai,4
看護,4
学べ,4
属人,4
喚起,4
プレー,4
なれる,4
三つ,4
node,4
改定,4
目黒,4
vue,4
常勤,4
川崎,4
ママ,4
BE,4
MAU,4
⭐,4
至急,4
上野,4
コンセプトシェアハウス,4
中野,4
茅場,4
市ヶ谷,4
着任,4
】.,4
swift,4
Objective,4
船橋,4
両国,4
外科,4
審美,4
39,3
65,3
200,3
250,3
1000,3
2017,3
中旬,3
•,3
交渉,3
権,3
知的,3
列,3
コンテンツライティング,3
ビル,3
com,3
X,3
費,3
こまめ,3
参照,3
ホスティング,3
移転,3
結婚,3
確実,3
足,3
ト,3
トー,3
クン,3
=,3
インパクト,3
具,3
単一,3
年度,3
近年,3
PCI,3
DSS,3
結びつける,3
名前,3
守り,3
UAT,3
in,3
広める,3
情報処理,3
チームウィル,3
歩,3
実利,3
磨く,3
幸せ,3
コーダー・,3
Server,3
審査,3
火,3
木,3
循環,3
充実,3
たび,3
しまっ,3
Power,3
仙台,3
ユーザーインサイト,3
iPaaS,3
Rust,3
リ,3
テクニカル,3
OpenAI,3
経路,3
着手,3
短い,3
ヵ月,3
急増,3
#),3
システムバックエンドエンジニア,3
人称,3
労働,3
意義,3
オンサイト,3
ブラックボックス,3
IP,3
いこ,3
来,3
歳,3
レスポンシブデザイン,3
分散,3
手間,3
空,3
Type,3
アプリケーショ,3
カラー,3
基板,3
部屋,3
‼/,3
クライアントエンジニア,3
悩み,3
作業場,3
書類,3
卸,3
望む,3
フリーランスエンジニア,3
オフィシャルサイト,3
振り返り,3
エンハンスメント,3
行く,3
Sier,3
告知,3
送る,3
YouTube,3
サムネイル,3
分離,3
駆動,3
改正,3
出庫,3
間近,3
読者,3
口頭,3
gRPC,3
サービスローンチ,3
深堀,3
ToC,3
面白,3
調剤,3
預かり,3
日本人,3
オンボーディング,3
⽅,3
向き合う,3
補佐,3
とも,3
直下,3
論,3
取れる,3
SCSS,3
アップロード,3
特集,3
Backlog,3
生放送,3
切替,3
コピーライティング,3
校,3
児童,3
及,3
RSpec,3
Confluence,3
受け取り,3
キング,3
情勢,3
組ま,3
EM,3
ヘッド,3
マネージャ,3
設け,3
末,3
フィン,3
Test,3
レコメンドエンジン,3
文脈,3
ナレッジ,3
logcat,3
Kintone,3
PdM,3
昨今,3
/...,3
実用,3
特殊,3
初動,3
迅速,3
相場,3
d,3
イチ,3
柱,3
マイページ,3
とれる,3
築き,3
長く,3
化学,3
関心,3
WebRTC,3
タブレットアプリ,3
文京,3
ｷｬﾘｱ,3
メンター,3
Smarty,3
Design,3
秋,3
admin,3
ていし,3
適度,3
繰り返す,3
限り,3
秘書,3
親友,3
オンデマンド,3
テクニカルディレクション,3
コンペティション,3
プログラミングスクールサービス,3
バーションアップ,3
後進,3
住,3
オンラインクレーンゲーム,3
デジタルクリエイター,3
ラージングマネジメントシステム,3
用途,3
同行,3
演習,3
園,3
アイドル,3
連係,3
シナリオライター,3
Lob,3
Log,3
ソリューションプラットフォーム,3
アリケーション,3
リプレイス・,3
諸々,3
伸び,3
Dev,3
インフルエンサー,3
ミニアプリ,3
アクセシビリティ,3
買う,3
助け,3
売価,3
Product,3
Manager,3
あい,3
アジリティ,3
cordova,3
ionic,3
エレメント,3
重み,3
⼈,3
いま,3
触れ,3
ブックレット,3
ニュースアプリ,3
システムデザインプロジェクト,3
VueJS,3
およぶ,3
フロントエンドサーバー,3
Keycloak,3
掲出,3
キャプション,3
ゼネコン,3
Windous,3
利益,3
プロダクトマネージャー・デザイナー・サーバサイドエンジニア,3
figma,3
クレカ,3
ブランドクリエティブチーム,3
戻,3
アドバイザリーチャットポット,3
切り分け,3
毎週,3
リーガルテックサービス,3
毎朝,3
スタンドアップミーティ,3
ング,3
今期,3
Jamstack,3
アートディレクション,3
作れる,3
フロントエンドロジック,3
取ら,3
コンシューマーゲーム,3
詰まっ,3
ダル,3
ヘッダ,3
スライダー,3
リユース,3
タイムリー,3
防ぐ,3
）/,3
ThreeJS,3
ポスト,3
シェーダ,3
適応,3
リスク,3
pdf,3
FAT,3
exFAT,3
敷か,3
Neo,3
見解,3
リードフロントエンドエンジニア,3
セレモニー,3
バックエンドクラウドサービス,3
プロジェクトネジメント,3
AD,3
割り振っ,3
ライブコマースサービス,3
欠員,3
リプレースプロジェクト,3
ニアエル,3
仕分け,3
大まか,3
広範,3
高まっ,3
フサーバーサイド,3
合い,3
クエリコンソール,3
動産,3
期日,3
api,3
ブランディングデザイン,3
退室,3
言っ,3
アーティスト,3
渡り,3
配慮,3
DL,3
競技,3
推奨,3
若干,3
カー,3
漢字,3
算数,3
Athena,3
フロントエンドエ,3
BtoBtoC,3
院内,3
匿名,3
見積り,3
返却,3
大丈夫,3
見越し,3
税務,3
小学校,3
楽しみ,3
個々,3
クラウドソーシングプラットフォーム,3
反響,3
Sports,3
アジア,3
ヨーロッパ,3
シス,3
サーバーサイドアプリケーション,3
試行錯誤,3
社団,3
道路,3
遷移,3
進歩,3
育て,3
起点,3
Insight,3
想い,3
輪番,3
細か,3
メタバースプロダクト,3
責務,3
データマート,3
Spark,3
Data,3
ブリッジ,3
分かる,3
運,3
固め,3
レジスター,3
シート,3
原稿,3
挿入,3
始まり,3
バックエンド・フロントエンド,3
IPO,3
努力,3
磨き,3
データサイエンスプラットフォームサービス,3
同期,3
主催,3
話し,3
またがる,3
切り出し,3
Datadog,3
Kibana,3
比重,3
MVC,3
以内,3
コマース,3
差分,3
真剣,3
手がける,3
老朽,3
つける,3
短縮,3
レスポンス,3
データチェック,3
解釈,3
個所,3
プロダクトグロース,3
承認,3
恋愛,3
読ん,3
AIR,3
ガ,3
ジェット,3
ホワイト,3
レコメンドシステム,3
加味,3
ハイエンドファッションブランド,3
め,3
動,3
FPGA,3
IaC,3
奮っ,3
礎,3
貪欲,3
データレイク,3
バンク,3
明るい,3
コメント,3
信託,3
アプリーケーション,3
卸業者,3
贅沢,3
積み,3
チャットフィクションアプリ,3
react,3
活か,3
フロントエンド・サーバーサイド,3
サーバレスアーキテクチャ,3
任さ,3
数少ない,3
強固,3
組む,3
俯瞰,3
有料,3
勝敗,3
ミラー,3
パーソナル,3
Q,3
切り出す,3
スト,3
ー,3
コミックアプリ,3
バトル,3
AAI,3
オフショアメンバ,3
独立,3
リグレッションテスト,3
リクエスト,3
願書,3
出願,3
コーダ,3
カム,3
Menu,3
MW,3
ブランディングサイト,3
ナビゲーション,3
質感,3
オーサ,3
ESG,3
Environment,3
Governance,3
制約,3
コンバート,3
ＵＴ,3
パッチ,3
ステップ,3
テナント,3
口,3
コミアプリ,3
⽀,3
明確,3
Snowflake,3
教え,3
イントラ,3
アイキャッチ・バナー,3
コンタクト,3
起業,3
コト,3
サイトフロントエンド,3
見つける,3
サービスオンラインショッピングサービス,3
オンラインカーリースサービス,3
有益,3
キャラ,3
アプリチーム,3
クライアントサイト,3
定着,3
サウンド,3
訴求,3
同人,3
起票,3
おこす,3
∟,3
mysSQ,3
居住,3
千葉,3
データモデル,3
日進月歩,3
芸能,3
満たす,3
点検,3
サービスディリバー,3
COMPANY,3
風,3
FFMpeg,3
Ansible,3
SQLAlchemy,3
AirFlow,3
Ceph,3
Gateway,3
減らす,3
コーチングサービス,3
コーチ,3
シミュレータ,3
⾦,3
融,3
絡ん,3
ショッピングカートサービス,3
レタッチ,3
両面,3
　(,3
国立,3
読み書き,3
ジョブ,3
UiPath,3
締結,3
浅く,3
AutoML,3
Looker,3
LIVE,3
採点,3
スマホアプリエンジニアオープンポジション,3
制限,3
見た目,3
網羅,3
買収,3
年賀状,3
Rubys,3
フリーミアム,3
言える,3
IA,3
EmotionTech,3
AUTOSAR,3
動き出し,3
Maas,3
MDM,3
AsIs,3
GRANDIT,3
棲み,3
メイク,3
手配,3
オペレーター,3
カバレッジツール,3
GCOV,3
LCOV,3
QAC,3
授受,3
顧問,3
寄り添っ,3
アプリリリース,3
チラシ・ポスター・バナー・メルマガ,3
フルリモート・ワーケーション,3
上り,3
競合,3
大学生,3
師,3
コメディカル,3
kotlin,3
意図,3
都庁,3
Robot,3
サッカー,3
無し,3
アジャイアル,3
持,3
蒲田,3
本町,3
ＰＨＰ,3
博多,3
単発,3
)：,3
php,3
小倉,3
大和高田,3
浅草橋,3
熱帯魚,3
ORACLE,3
)＜,3
海浜幕張,3
セブ,3
島,3
デザイナー・クリエイター,3
！(,3
長原,3
日間,3
DIY,3
ガーリー,3
神戸,3
Bilingual,3
14,2
21,2
31,2
38,2
62,2
90,2
127,2
150,2
160,2
1500,2
2007,2
2018,2
Chrome,2
メタ,2
オプション,2
財産,2
苦戦,2
響く,2
つなげる,2
施し,2
事例,2
NG,2
WP,2
IcT,2
作品,2
バックオフィスシステム,2
技,2
医学,2
ネイリスト,2
シームレス,2
クラウドシフト,2
置き,2
ユニークネス,2
！[,2
FiNANCiE,2
クライ,2
システムインテグレーター,2
?,2
ai,2
co,2
google,2
06,2
x,2
w,2
O,2
ls,2
au,2
アプリ・システム,2
運輸,2
中堅,2
デジタルウォレットアプリ,2
GameFi,2
グループプラットフォームアプリ,2
サ,2
GAS,2
いけ,2
チャットボットシステム,2
ＡＷＳ,2
チャットボ,2
管制,2
個性,2
才能,2
発掘,2
抜擢,2
OutSystems,2
制度,2
ガバナンス,2
デザインパトナー,2
勘定,2
蓄電池,2
RAG,2
広げる,2
精密,2
markdown,2
グロースフェーズ,2
珍しく,2
多め,2
曜日,2
発券,2
伝わる,2
動かす,2
Revel,2
故障,2
クラウドセキュリティソリューション,2
EUC,2
LLM,2
エンゲージメントプラットフォーム,2
人生,2
根本,2
恒久,2
呼ば,2
配,2
クライアントアプリ,2
治療,2
バランス,2
オペレーションアウトソーシング,2
好奇,2
Small,2
理念,2
常識,2
Suite,2
メタバース,2
各所,2
PLSQL,2
アミューズメント,2
スキマバイトアプリ,2
今季,2
前年度,2
比,2
ラーニング・キャリア,2
最寄り駅,2
ブラウザゲーム,2
軽量,2
スペシャリティ,2
落とし,2
練習,2
のち,2
枚,2
空気,2
開放,2
Tailwind,2
Dart,2
申込み,2
支え,2
アルバム,2
組版,2
LMS,2
古く,2
amazon,2
来年,2
┗,2
TB,2
リアーキテクチャ,2
iPad,2
ツリー,2
パーキング,2
橋渡し,2
皆さん,2
[",2
",",2
"],2
立ち上がり,2
大塚,2
祝日,2
半蔵門,2
麹,2
買い物,2
DocumentDB,2
つない,2
♪,2
ライブラリー,2
入場,2
単月,2
リール,2
Instagram,2
溶接,2
打点,2
ハンディアプリ,2
自動的,2
夜,2
みんな,2
付帯,2
ドリ,2
Ubuntu,2
可否,2
）...,2
計,2
Symfony,2
検眼,2
眼鏡,2
組合わ,2
編成,2
時価,2
VC,2
MFC,2
筋,2
年内,2
Vercel,2
Notion,2
朝会,2
各人,2
警備,2
見込む,2
終え,2
投げ,2
Selenium,2
応対,2
EV,2
体育館,2
グラウンド,2
住民,2
貸し出す,2
長期間,2
データベースシステム,2
駐在,2
募,2
⽉,2
⽇,2
当事者,2
※...,2
デプロイメント,2
nd,2
１つ,2
使え,2
例外,2
質疑,2
合成,2
一丸,2
ベテラン,2
退職,2
決まり,2
流,2
決める,2
平均,2
充電,2
Chatwork,2
Teeams,2
meet,2
以,2
どれ,2
WPF,2
笑顔,2
聴き,2
触り,2
小中学校,2
CAN,2
整形,2
➢,2
特権,2
隔週,2
重工業,2
使,2
Services,2
request,2
わけ,2
サブスクサービス,2
派,2
カルチャー,2
コンテンツマネジメントシステム,2
多彩,2
用いる,2
７,2
８,2
合理,2
Jira,2
某社,2
Sitecore,2
来店,2
Core,2
補完,2
スタイリング,2
即し,2
ヤフオク,2
実,2
悩む,2
取込み,2
引き継ぎ,2
他者,2
クラウドプラットフォーム,2
浅い,2
PostgeSQL,2
違い,2
終,2
Agile,2
機動,2
アプリデータ,2
echo,2
Desktop,2
Jenkins,2
Gradle,2
ハンズオン,2
提言,2
生まれる,2
フード,2
アプリバックエンド,2
付き合い,2
⼿,2
エンタテインメント,2
コマースサイト,2
医薬品,2
ごろ,2
LaravelPHP,2
ウェフ,2
運営上,2
エクストリーム,2
調べる,2
スピーカー,2
思想,2
近づけ,2
先回り,2
ドライバー,2
運行,2
事故,2
VPoE,2
Andoroid,2
保全,2
手続き,2
照会,2
HOST,2
既定,2
ブレスト,2
ガントチャート,2
則り,2
フィットネスアプリ,2
信用,2
的確,2
研修生,2
フルリプレース,2
書き直す,2
ビルドシステム,2
読解,2
オウンドメディアサイト,2
図版,2
OracleDB,2
BusinessObject,2
カラーミーショップ,2
Makeshop,2
Embulk,2
見極め,2
ヘッドレスコマースプラットフォーム,2
jamstack,2
合致,2
ドローンシステム,2
カスタムサーチコマンド,2
サーチクエリ,2
議事,2
録,2
プライス,2
一時,2
任意,2
還元,2
shopify,2
選挙,2
スニーカーフリマアプリ,2
ファームウェア,2
ホスト,2
ディレクション・プランニング,2
Swing,2
金曜日,2
チャットフレームワーク,2
NLP,2
表,2
ログイン,2
TypeScipt,2
AgriTech,2
サーバーサイドエンドエンジニア,2
アマゾン,2
手作業,2
実相,2
PositioningService,2
マネ,2
SCM,2
MacPC,2
生き,2
パフォーマンスチューニング・フィードバック,2
Twitter,2
感覚,2
プルリクエストベース,2
マージ,2
sp,2
LHL,2
とどまら,2
新型,2
ウイルス,2
DMZ,2
PostgresQL,2
MariaDB,2
ハイエンド,2
志望,2
プレイヤー,2
シェーダー,2
ひとりひとり,2
パート,2
Legal,2
条文,2
ドクターズコスメ,2
MQ,2
電文,2
紐解き,2
マーケッター,2
ワークショップファシリテーション,2
ビジョンドリブン,2
ジョブカンシリーズ,2
アイ,2
リクルーティングサービス,2
あげ,2
クリア,2
freee,2
含み,2
振り分け,2
ススメ,2
案出,2
入り,2
ピル,2
インテグレート,2
CTA,2
アドテクプラットフォーム,2
流通サービス,2
盛り込ん,2
挙げ,2
ruby,2
抱く,2
バウンド,2
トレード,2
防犯,2
すり,2
合わせる,2
行なう,2
開示,2
レセプト,2
だれ,2
公,2
庁,2
はかる,2
巻き込み,2
正確,2
わかる,2
マン,2
有効,2
推し進める,2
兼ね備え,2
訳,2
フロントエンドエンジニアリング,2
係わっ,2
プロトコル,2
デジタルトークン,2
システムアプリ,2
棚卸し,2
マッチングプラットフォームシステム,2
イラストレーター,2
アドホック,2
シミュレーション,2
活発,2
ウェルネス,2
出会い,2
EPM,2
ハイクラス,2
有利,2
回す,2
セキュリティー,2
Notes,2
ベンダーコントロール,2
マッチングアプリサービス,2
傾向,2
出向,2
とらわれる,2
デグレード,2
すすめ,2
SoftwareEngineer,2
与信,2
エネルギーニュースアプリ,2
太陽光,2
ソーラー,2
GIF,2
Flash,2
)~,2
いい,2
バックエンドリードエンジニア,2
素早い,2
..）,2
入所,2
識別,2
逸脱,2
サイバーリンク,2
FaceMe,2
録音,2
SharePointServer,2
SPS,2
常時,2
スタートアップコミュニティ,2
起きる,2
要因,2
確率,2
見合っ,2
春,2
キュレーションアプリ,2
キュレーション,2
未知,2
検収,2
リンク,2
コーティング,2
あげる,2
右肩,2
上がり,2
創,2
サーベイ,2
フロントエンドコーディング,2
リファクタリング・,2
ストア,2
跨い,2
食材,2
入会,2
考え方,2
btob,2
立ち上がっ,2
角度,2
折込,2
ポ,2
スティング,2
Symphony,2
リライト,2
センス,2
客観,2
産廃,2
選ん,2
著名,2
photoshop,2
Thymeleaf,2
プロデューサー,2
加わり,2
unity,2
CG,2
Capybara,2
イレギュラー,2
コーポレートサイトリニューアル,2
EOSL,2
スタンス,2
残り,2
かたち,2
コーポレートブランディング,2
動態,2
症,2
リファラル,2
放題,2
支,2
MPA,2
聴取,2
オンボーディングプログラム,2
AssetBundle,2
最善,2
モビリティサービスアプリケーション,2
返し,2
軽度,2
http,2
prosheet,2
opportunities,2
edit,2
006165708299719761,2
da,2
没頭,2
システムチューニング,2
SET,2
テストカバレッジ,2
Vuetify,2
ハード,2
プロダクトサイトデザイン,2
サービスページ・コーポレートサイトデザイン・コーディング,2
テクニカルサポートエンジニア,2
語学,2
改訂,2
出納,2
データアノテーション,2
抱え,2
一人ひとり,2
あと,2
身体,2
)　,2
着け,2
相性,2
バーコード,2
割り込み,2
z,2
相当,2
脈,2
波,2
接触,2
機構,2
VBScript,2
PowerShell,2
バイト,2
誕生,2
おしゃれ,2
準ずる,2
デバッガー,2
コーポレートサイトデザイン,2
下さる,2
及ん,2
ソート,2
クライアントコミュニケーション,2
サウンドアプリ,2
楽器,2
作曲,2
親子,2
進む,2
橋梁,2
鋼材,2
破断,2
非破壊,2
受信,2
そう,2
リズム,2
システムクラウド,2
入れる,2
細かく,2
ソーシャルネットワークプロジェクト,2
リコメンド,2
向上心,2
BPO,2
重,2
ヘア,2
SF,2
線,2
オンボーディングツール,2
値,2
カスタマー,2
対処,2
使いこなせる,2
尊重,2
築く,2
スマートフォンサイト,2
タブ,2
技法,2
オンラインバカラゲーム,2
カジノ,2
直結,2
スマホベース,2
バカラゲーム,2
ヒストリ,2
走行,2
プレミアム,2
スマホビジネス,2
ワンストップソリューション,2
作法,2
ストアガイドライン,2
十分,2
アプリケーションレイヤー,2
かかわっ,2
アプリーケーションエンジニア,2
アセンブラ,2
雑誌,2
大きい,2
ユーザー・リピーター,2
アドテク,2
ビュー,2
ソーシャルビッグデータ,2
Serverless,2
読む,2
反応,2
子ども,2
遊び,2
急激,2
伸びる,2
レスポンシブサイト,2
インフルエンサーマーケティングプラットフォーム,2
挙げれ,2
働ける,2
預金,2
メディアアプリ,2
Bitcoin,2
Ethereum,2
ソリューションツール,2
Drupal,2
量産,2
ベンチャーエコシステム,2
出向き,2
創っ,2
パフォーマンス・チューニング,2
話題,2
性質,2
南,2
Ext,2
根拠,2
日報,2
クリエイターマッチングプラットフォーム,2
クリエイターツール,2
ネイティブアドネットワークサービス,2
レコメンドエンジンサービス,2
procedure,2
GitHUB,2
エクセル,2
UWP,2
解説,2
Chatbot,2
ネットバンキングアプリ,2
Rudux,2
内訳,2
ハイライト,2
重量,2
マイクロフロントエンド,2
ブロー,2
オンボーディングプラットフォーム,2
orWEB,2
①〜③,2
マークアップエンジニアリング,2
Fin,2
詐欺,2
被害,2
小説,2
参入,2
エディトリアルデザイナー,2
引っ張っ,2
ジョブスケジュール,2
PowerPoint,2
競馬,2
同様,2
授業,2
勉強,2
セル,2
グラフィックス,2
戻す,2
回っ,2
r,2
男女,2
請,2
芸能人,2
チャットボットサービス,2
入居,2
所持,2
静止,2
Movable,2
ELT,2
薬品,2
AngularJS,2
Sentry,2
AdobeAnalytics,2
08,2
ドット,2
プロジェクトゲームエンジニア,2
損益,2
EDA,2
わたる,2
利便,2
解く,2
オンラインストア,2
♦,2
きれ,2
SAS,2
渡っ,2
美少女,2
書類作成,2
受払,2
利息,2
着せ,2
替え,2
ライブラリアン,2
スポーツマーケットプレイス,2
車検,2
スタブ,2
SQLite,2
起こす,2
書け,2
予備,2
ノイズ,2
除去,2
インクリメント,2
プレ,2
Cobol,2
PostGres,2
扱い,2
支社,2
スマートデバイスアプリケーション,2
KPT,2
dailymeeting,2
さがし,2
Musubi,2
かせる,2
!】,2
切り口,2
DMM,2
WEBCAMP,2
年数,2
Airflow,2
携,2
不可,2
スポーツエンタメ,2
推し,2
ローコードシステム,2
下半期,2
発表,2
体感,2
為替,2
オフシュア,2
即時,2
PRJ,2
補強,2
機材,2
機密,2
永い,2
培わ,2
新鋭,2
万全,2
定評,2
Job,2
三田,2
すまい,2
Backbone,2
TL,2
!!（,2
規格,2
地方自治体,2
オブジェクト,2
指向,2
回路,2
chatwork,2
演劇,2
ファンコミュニティサイト,2
ナビ,2
社用,2
北海道,2
ギャラリー,2
デザイナ,2
こなし,2
不安定,2
Proof,2
Concept,2
最後,2
SSO,2
保持,2
プログラマブル,2
ホワイトボックス,2
スイッチ,2
データ・プレーン,2
リピート,2
残っ,2
ポインタ,2
容,2
枠組み,2
BW,2
FTP,2
クリーニング,2
判別,2
金属,2
名寄せ,2
オンドメディア・,2
コミュニティー,2
問診,2
手元,2
PCR,2
直感,2
関数,2
場面,2
モンキー,2
立て,2
csv,2
立体,2
復元,2
レーザー,2
Coldfusion,2
RPM,2
CF,2
デザインモックアップ,2
離脱,2
デジタルカメラネットワーク,2
Salseforce,2
データパイプラインアーキテクチャ,2
拡販,2
延長,2
デジタルワークプレイス,2
ワークプレイス,2
打鍵,2
エビデンス,2
簿,2
サンプリング,2
ユーザーマイページ,2
ユーザマイページ,2
喜び,2
既製,2
売店,2
発達,2
出入り,2
役所,2
サイト・アプリ,2
LDR,2
Three,2
root,2
デザインレイアウト,2
オフショアリング,2
ホスピタリティ,2
サーババックエンド,2
バックオフィスツール,2
マーケティンク,2
推論,2
生む,2
Tabiq,2
話し合っ,2
方向,2
くる,2
クローラ,2
日付,2
本文,2
顔合わせ,2
RTE,2
Xtend,2
工業,2
レーザ,2
メトリクス,2
Tool,2
サーボ,2
治,2
ゲイン,2
HW,2
やる,2
++」「,2
になっ,2
盛り上げ,2
ロイヤルカスタマー,2
フリマサービスプラットフォーム,2
フリマサービス,2
Gem,2
完璧,2
かた,2
Js,2
ボディ,2
ユニークブラウザ,2
Payme,2
➤,2
併売,2
WebJava,2
Smartphone,2
Programming,2
Console,2
game,2
platform,2
facebook,2
MNO,2
締め,2
Asteria,2
EAI,2
SFTP,2
DynamoDB,2
全社,2
フラット,2
耐え,2
クオリティアップ,2
最近,2
アフィリエイトメディア,2
先日,2
多人数,2
ミドルウェアバージョンアップ,2
ワークフローパッケージ,2
廃止,2
代替,2
回覧,2
目下,2
工学,2
聞か,2
中高生,2
提起,2
ライティング・,2
キャンペーンサイト・プロモーションサイト,2
Middleman,2
Gulp,2
Grunt,2
Webpack,2
スケジューラ,2
NC,2
手薄,2
マネージ,2
読,2
影,2
SCCS,2
）],2
しよ,2
惜しま,2
邁進,2
禍,2
Saleforce,2
Saleseforce,2
かご,2
降り,2
アウトソーシングサービス,2
サーバーリプレイスサービス,2
インテリア,2
イノベイティブ,2
交え,2
ロジスティクスサービス,2
分断,2
トレースソリューション,2
スマートロジスティクス,2
フロンエンドエンジニア,2
診察,2
処方箋,2
メンタルケア,2
夢中,2
firebase,2
エキサイティング,2
リプログラミングソフトウェア,2
リプログラミング,2
フローチャート,2
開発元,2
珍しい,2
ビジネスメンター,2
マネージド・サービス,2
issue,2
グランド,2
アドバイザリーチャットボット,2
バリュエンスグループ,2
雑貨,2
抜,2
税込,2
フロントエンドポジション,2
バックエンドポジション,2
ポーティング,2
うまく,2
要請,2
ITRON,2
バッグエンドエンジニア,2
境界,2
スマートフォンアプリベース,2
ファースト,2
サイバーセキュリティ,2
⾮,2
アドバイザリー,2
CVC,2
ｽｷﾙ,2
デンソーアジャイル,2
ヘッダー,2
レギュレーション,2
フィックス,2
AccessVBA,2
千代田,2
集まる,2
楽しむ,2
造る,2
弱,2
祝,2
大会,2
PS,2
直後,2
PP,2
フライヤー,2
良し,2
WindowsServer,2
九段下,2
収支,2
QCD,2
マテリアルプラットフォーム,2
ライフサイクル,2
探索,2
易い,2
ン,2
抵抗,2
09,2
清算,2
埋め込み,2
がちがち,2
Gatsby,2
陶磁器,2
砥石,2
洋食,2
輸出,2
各国,2
IEO,2
PLT,2
ブロックエクスプローラー,2
DEX,2
マーケットプレイスシステム,2
ウィルス,2
ルーム,2
クラブ,2
富裕,2
キーワード,2
花,2
intra,2
mart,2
南森,2
フリー,2
関東,2
コーディネーター,2
声優,2
起用,2
明細,2
愛知,2
ビジネスコンサル,2
人形,2
キッティング,2
検体,2
請負う,2
RaaS,2
パス,2
急ピッチ,2
収入,2
局内,2
～　,2
下支え,2
甲斐,2
ハッピー,2
末日,2
作り直し,2
ビルダー,2
ウェブデザイナー,2
エクセルデータ,2
越境,2
スタイリッシュ,2
～／,2
小学生,2
月島,2
ボーナス,2
試し,2
小遣い,2
ブレーン,2
ワークフローソフト,2
）～,2
４月,2
西麻布,2
首都,2
圏,2
水草,2
京橋,2
/：,2
冊子,2
アク,2
アクリル,2
ＩＣＴ,2
宇都宮,2
スマートフォンエンジニア,2
手芸,2
染め,2
染料,2
芝公園,2
区内,2
大門,2
麻布,2
番,2
松山,2
24,1
25,1
28,1
35,1
42,1
47,1
64,1
68,1
74,1
93,1
96,1
98,1
130,1
170,1
240,1
309,1
350,1
365,1
450,1
550,1
600,1
800,1
900,1
1400,1
2010,1
2012,1
2016,1
2500,1
14000,1
20000,1
52500,1
速やか,1
モバイルウェブアプリ,1
モバイルブラウザ,1
Safari,1
Firefox,1
Edge,1
XSS,1
CSRF,1
JWT,1
ワイヤーフレームビュー,1
レスポンシブレイアウト,1
alt,1
帰属,1
歯,1
矯正,1
薄れ,1
アピール,1
引き出す,1
解体,1
屋号,1
戸建て,1
⼯,1
プライバシー,1
ポリシー,1
active,1
okayama,1
パク,1
RWD,1
マイナー,1
さくら,1
増やせる,1
プラポリ,1
除く,1
学べる,1
こだわら,1
guriko,1
プロコンシステム,1
ハブ,1
質量,1
分析計,1
添付,1
ミュージックビデオ,1
drive,1
music,1
見やす,1
前面,1
打ち出す,1
bridal,1
moe,1
kekkon,1
enmusubinin,1
verslemariage,1
およ,1
ネイルデザイン,1
行え,1
シ,1
Negotiable,1
Japanese,1
Designer,1
:【,1
オーケストレーションサービス,1
SO,1
オフシ,1
あえ,1
消防,1
防災,1
仮称,1
ツー,1
スキマバイト,1
ガバメントクラウド,1
専業,1
データ通信,1
オリパ・ガチャサイト,1
googleadservices,1
pagead,1
aclk,1
sa,1
DChcSEwi,1
ifaG,1
KuKAxVGWw,1
CHZ,1
SGewYABAGGgJ,1
Yg,1
gclid,1
CjwKCAiAmfq,1
BhAsEiwAX,1
jsZzDiZb,1
GtHnxPr,1
phPBLfn,1
IeTKaQIK,1
OMQSeuSKfM,1
DMeiXpXm,1
RoCbxwQAvD,1
BwE,1
ohost,1
cid,1
CAESwQHg,1
teA,1
uYqAh,1
kHBbHp,1
swT,1
wXgBqmfDBKNmPKmNqsPhFGCTpyL,1
05,1
fh,1
vcnZTqiS,1
rbEHTiKHAxjPVcLh,1
GLXn,1
ESwEWKA,1
xI,1
xQKmzjF,1
CXm,1
HU,1
iWrY,1
Bj,1
mEEQ,1
OhFbZkxAvml,1
DNrNPgEJ,1
NmzPspax,1
CSGZFNOu,1
MIrX,1
uSPihmuCH,1
EG,1
IiUhLjgwhAP,1
ZZaNqEIzwqHWyMYzIbkat,1
sECPe,1
aKYGD,1
isu,1
pMWoA,1
sig,1
AOD,1
YcS,1
lT,1
YtDVKMyMvyY,1
a,1
q,1
adurl,1
ved,1
ahUKEwi,1
ovGG,1
KuKAxUWqFYBHZ,1
TNPEQ,1
Qx,1
BAgPEAE,1
SGewYABAIGgJ,1
jsZ,1
QIVbVm,1
hKDTABYxLeLToa,1
bPB,1
rOvbWtF,1
oZpG,1
yg,1
Kbq,1
nBoC,1
RUQAvD,1
sph,1
laA,1
wg,1
Fto,1
OXhZvZ,1
jvLbw,1
BAgREAE,1
japan,1
toreca,1
oripa,1
pokemon,1
utm,1
source,1
gsn,1
new,1
medium,1
bd,1
campaign,1
official,1
general,1
term,1
oripatantai,1
content,1
hc,1
ak,1
AVQcx,1
N,1
ix,1
&_,1
gl,1
prv,1
*_,1
gcl,1
aw,1
NMLjE,1
MzQ,1
NjM,1
NzIuQ,1
p,1
NBaUFwWS,1
03,1
QmhCakVpd,1
FRTXJyRVd,1
NXFZRTBvM,1
QzTURYRXdYSWFrMmktamFraEptZVpPWFVEalFGTTVnR,1
FkNkZiLUljYnF,1
NDSGdRQXZEX,1
RQ,1
..*_,1
NzgyMzg,1
ODcuMTczNDM,1
Njg,1
OA,1
防衛,1
船舶,1
航行,1
結ぶ,1
免税,1
DataStage,1
SPARK,1
インフォマティカ,1
プリントアウトソーシング,1
フィードバ,1
前進,1
メイ,1
申し込む,1
フロントエンドサイト,1
Webview,1
SMP,1
マッ,1
ツ,1
シェアフル,1
ジュニアメンバーポジション,1
乗り越え,1
気象,1
予報,1
指輪,1
左手,1
薬指,1
学内,1
インフラソリューション,1
工具,1
WinActor,1
許諾,1
不十分,1
~/「,1
Made,1
Japan,1
好ましい,1
アプリフロントエンド,1
半導体,1
Fab,1
any,1
趣向,1
挑む,1
伸ばす,1
八王子,1
翌月,1
しな,1
セキュリティソリューション,1
概念,1
Qast,1
エディタ,1
components,1
actions,1
堅牢,1
バラバラ,1
脱却,1
こ,1
前任,1
⼒,1
余す,1
要領,1
給付,1
適,1
本数,1
Fuel,1
⾔,1
v,1
Mysql,1
フレームワ,1
（±,1
リファインメント,1
キモチ,1
ギフト,1
至り,1
#_,1
ひと,1
リソウ,1
LABO,1
さら,1
プロジ,1
プライベートクラウド,1
集積,1
DataBricks,1
BigData,1
エンゲージメントプラット,1
IBM,1
なくす,1
【...,1
応急,1
ガイダンス,1
NestJS,1
づく,1
力強く,1
メタバースサービス,1
街,1
ディスパッチ,1
悪かっ,1
Dynamics,1
減少,1
ソフトウェアソリューション,1
二子,1
玉川,1
Pytho,1
V,1
デリバティブ,1
使命,1
アプリケ,1
Think,1
big,1
Start,1
バックエンドリプレース,1
バックエンドリプレースプロジェクト,1
こなす,1
オフショアメンバー,1
アジャ,1
人類,1
非常識,1
Workflows,1
Center,1
ウェブシステム,1
メタバースプラットフォーム,1
周囲,1
ソーシャルコマースサービス,1
アプリプロジェクト,1
並,1
要項,1
熱中,1
誇れる,1
地位,1
遊べる,1
classicASP,1
Database,1
Exadata,1
エンタメマッチングアプリ,1
界隈,1
OBIC,1
エントリ,1
XML,1
SOAP,1
WSDL,1
JSON,1
(...,1
ビルド・,1
責,1
カジ,1
天王,1
洲,1
アイル,1
フロ,1
続き,1
組織立ち,1
抵,1
コンプライアンス,1
プ,1
ヒット,1
Struts,1
バナーデザイン・クリエイティブ,1
合計,1
臨席,1
eKYC,1
滑らか,1
遅,1
バッチアプ,1
Project,1
summary,1
Nextjs,1
Work,1
respon,1
GoLand,1
PHPStorm,1
,...,1
換気,1
送風,1
空調,1
温水,1
Point,1
ゲームイベントプラットフォーム,1
OTE,1
こころ,1
We,1
MOBI,1
AGENT,1
ドキ,1
ステーブルコイン,1
夏,1
つい,1
決,1
留学生,1
技能,1
実習,1
ボランティア,1
スマホマルチ,1
揃える,1
...）,1
Blue,1
Monkey,1
願,1
系統,1
ＯＳ,1
対向,1
CloudFront,1
#),,1
Et,1
火葬,1
移り,1
かみ,1
砕き,1
着く,1
!!,1
切磋琢磨,1
バックエンドライブラリ,1
あらた,1
モ,1
津,1
アプリ・バッチサーバ,1
小川,1
昼,1
休日,1
土,1
toＢ,1
幾つ,1
球団,1
様子見,1
リモー,1
②　①,1
攻略,1
道,1
Sp,1
codecommit,1
backlog,1
課,1
離任,1
抜け,1
忙しい,1
府,1
貝塚,1
直面,1
livero,1
service,1
システムリニューアルプロジェクト,1
カスタマーサポ,1
リーン,1
バックエンドアーキテクト,1
Developer,1
eXperience,1
コーディ,1
当日,1
インドア,1
集まれる,1
）​,1
定める,1
叶える,1
info,1
チャンネル,1
(※),1
フルリモー,1
Vagrant,1
GitSVN,1
ペライチデザイン,1
漸進,1
バックエンドメンバー,1
顧,1
Sy,1
】],1
ゲート,1
間違い,1
上昇,1
チケットレス,1
嗜好,1
総額,1
！.,1
デジタルカメラバンドルソフト,1
重心,1
動揺,1
電,1
呼気,1
ホテルフロントページ,1
パーソナライズ,1
script,1
ウェブメディア,1
ぎめなどもご,1
　...,1
左右,1
エデ,1
布,1
裁断,1
丸,1
企図,1
誤っ,1
%〜】,1
】[,1
読み解い,1
難しく,1
沢山,1
モビルス,1
Security,1
集める,1
前述,1
属し,1
✖,1
ラベル付け,1
直轄,1
TO,1
末永く,1
入れ替え,1
損なわ,1
ユーサビリティ,1
絶賛,1
送迎,1
災害,1
危機,1
Map,1
エクサウィザーズ,1
正面,1
伝承,1
ライフ,1
新米,1
づらく,1
出せ,1
離職,1
紙面,1
プロダクトマーケティングマネージャー,1
づ,1
トーン,1
マナー,1
幅広,1
評論,1
傍観,1
前半,1
Ra,1
クライアントサービスインフラ,1
Hygraph,1
Contentful,1
Headless,1
スモール,1
FastAPI,1
データテクノロジーカンパニー,1
推し進め,1
図れる,1
フリーランスウェブデザイナー,1
アイラッシュサロン,1
コミュニティアプリ,1
自作,1
マンツーマン,1
収録,1
リアーキテクト,1
リアーキ,1
Teamcenter,1
つく,1
クリーン,1
TDD,1
後半,1
時短,1
スポー,1
■...,1
レンタカー,1
Wor,1
コグラフ,1
フレック,1
Yahoo,1
カスタマーサクセス・マーケティング・セールスチーム,1
特性,1
電動,1
キックボードシェアリングサービス,1
偏っ,1
是正,1
流行り,1
ノート,1
アプリログ,1
適合,1
ハイブリット,1
AWS×,1
アプリポジション,1
インフ,1
ホームセンター,1
カウンター,1
目処,1
曖昧,1
立てる,1
①～③,1
アカウントマネジメントソフトウェア,1
差配,1
バッジ,1
Salceforce,1
アフターサービス,1
./,1
もとづく,1
Sprint,1
Output,1
ブラシュアップ,1
精一杯,1
GoSTEP,1
モビリティ,1
ルネサスマイコン,1
エレクトロニクス,1
オススメポイント,1
パワエレ,1
シニアフロントエンドエンジニア,1
サックル,1
付く,1
プロフェッ,1
イテレーション,1
コンシューマーユーザー,1
UIU,1
モリサワフォント,1
有償,1
フォントベンダー,1
著しい,1
東南アジア,1
アフリカ,1
ボイスボットサービス,1
グラフィカル,1
特記,1
チームワーク,1
メッセージングプラットフォーム,1
可用性,1
VMW,1
ドライバーサポートアプリ,1
パッキング,1
配達,1
追跡,1
‼］,1
‼,1
コードリプレイス,1
Chat,1
歩く,1
分から,1
オフィシャル,1
専念,1
提出,1
一式,1
アプリプッシュ,1
マンガクリエーター,1
Amplify,1
AmazonEKS,1
フロントエンドリードエンジニア,1
改,1
フィットネスグループ,1
プロテイン,1
弁当,1
郡,1
落とせる,1
クライアントサーバ,1
コーポレートサイトメイン,1
:...,1
model,1
spec,1
MY,1
アーキテクトチーム,1
リードサーバーサイドエンジニア,1
ギリギリ,1
健全,1
敷き,1
CTR,1
実力,1
ユニコーンベンチャー,1
ストレスチェックシステム,1
DBMS,1
VRT,1
Regression,1
特許庁,1
Sa,1
九州,1
北部,1
冷凍,1
フルーツ,1
ボイスボット,1
積め,1
出し合い,1
fix,1
世紀,1
迎え,1
電算システム,1
人的,1
プレーヤー,1
RWA,1
モバイルアプリチーム,1
FA,1
２月,1
npm,1
縮め,1
教諭,1
世帯,1
Asana,1
コントロールールパネルサイト,1
モバイルフロントエンド,1
Ob,1
組み込む,1
コミュニテ,1
つけ,1
クラウドカルテ,1
rdPar,1
指南,1
Miro,1
クライアン,1
呼ん,1
確,1
集まっ,1
サー,1
レ,1
冠,1
受賞,1
プレイングマネージャー,1
あたっ,1
サーバー・バックエンドエンジニア,1
メリット,1
垣根,1
リラックス,1
出口,1
ドラッグストア,1
店員,1
タッチパネル,1
スマートシティデータ,1
サービスポータル,1
粒,1
妥当,1
合意,1
デジタルマーケットプレイス,1
ReactJS,1
NExtJS,1
Wi,1
Fi,1
ドリンク,1
省庁,1
バックエンド・インフラエンジニア,1
nest,1
荷主,1
見込める,1
毎年,1
廃棄,1
ご存知,1
売,1
流動,1
周,1
Cocos,1
ポテンシャル,1
DVD,1
マーケットプレイスサービス,1
UOL,1
遊技,1
ホール,1
応える,1
マイページリニューアル,1
QuickSight,1
流し込む,1
アプリバックエンドエンジニア,1
サンプルアプリ,1
外郭,1
⚫,1
Phalcon,1
方面,1
増える,1
エラーコード,1
疑い,1
事情,1
汲む,1
良好,1
衛生,1
Remix,1
Material,1
Book,1
Pro,1
inch,1
ラップ,1
PLM,1
クライアントサーバシステム,1
インストールレス,1
色彩,1
Lv,1
RHEL,1
Tomcat,1
クラスタ,1
台数,1
検,1
農地,1
EIP,1
頂戴,1
据え,1
symfony,1
ソフトウェ,1
Service,1
ジェネレーティブ,1
PWA,1
アーキテクチーム,1
製する,1
Op,1
OpenSea,1
リバースエンジニアリング,1
プロダクトバックログ,1
るい,1
Mackerel,1
集い,1
Hands,1
旧来,1
Tailw,1
asp,1
MicroStrategy,1
teradata,1
グランピング,1
Messaging,1
リニュ,1
スーパーマーケット,1
惣菜,1
SpringBatch,1
CVR,1
Astro,1
二人三脚,1
フルコミット,1
税別,1
⼀,1
掛け,1
As,1
ウォレットアプリ,1
orDocker,1
Runner,1
VSCode,1
新品,1
新古,1
特設,1
スポートサイト,1
フロントエンドエンド,1
TypeScrip,1
Ant,1
未定,1
ビジ,1
サーヒ,1
BA,1
LAD,1
oE,1
デジタルタコグラフ,1
kafka,1
瑕疵,1
パイオニア,1
歴史,1
継承,1
真摯,1
低減,1
住まい,1
はじまっ,1
教示,1
リデザイン,1
差し掛かっ,1
切る,1
⑴,1
CSO,1
ひとつ,1
売り,1
インデックス,1
oauth,1
urllib,1
chromedriver,1
argparse,1
９,1
血,1
カテゴリー,1
Terrafor,1
競争,1
優位,1
かつ,1
)...,1
MacOS,1
近けれ,1
厳密,1
MaterialUI,1
ｗｅｂ,1
Schoo,1
月頃,1
センタ,1
イレレーション,1
⑦,1
レビ,1
換金,1
友達,1
招待,1
ミル,1
キューブ,1
スカウト,1
エンジニアオープンポジション,1
Optimise,1
モゲチェック,1
JOINS,1
Supporting,1
Doctors,1
Helping,1
Patients,1
.」,1
栄養士,1
ユ,1
Internet,1
Things,1
スターティング,1
拡げる,1
ステム,1
クラウドアーキテクチャ,1
外壁,1
塗装,1
Med,1
皆,1
MacOSX,1
無形,1
TikTok,1
ディレクション・,1
単,1
価,1
OCPP,1
Kafka,1
ギャップ,1
今年,1
Yuimedi,1
成熟,1
Re,1
バナー・メルマガ・,1
SMS,1
経,1
一翼,1
ActiveDirectory,1
++/】,1
包括,1
マテリアル,1
ナビゲーションシステム,1
HUD,1
Elastics,1
そっ,1
シークレット,1
セルフレジプラットフォーム,1
誇り,1
⇔,1
FuelPHP,1
#,,1
eSquare,1
eCompass,1
スポーツアプリ,1
マイクロサービシーズ,1
興味深い,1
しれ,1
コー,1
ネイリー,1
保つ,1
Codeigniter,1
インド,1
学力,1
現地,1
模試,1
比べ,1
Enterprise,1
CXM,1
FIT,1
パフォーマンス・アクセシビリティ,1
指揮,1
寄り添う,1
コンシェルジュサービス,1
バックエンドチーム,1
innsa,1
フォロートレードサービス,1
スマフォアプリ,1
メンテンナンス,1
Rest,1
食事,1
Rudy,1
不妊,1
産科,1
赤ちゃん,1
お母さん,1
過ごし,1
コーポレートサイトフルリニューアル,1
ランディングページ・,1
連結,1
横暴,1
お答え,1
一部分,1
会見,1
類する,1
できあがり,1
スクレイパー,1
フェア,1
ブラウザアプリサイド,1
来期,1
踏襲,1
除い,1
目指,1
ご覧,1
マシン,1
組み立て,1
ユニフォーム,1
バナ,1
服,1
刺繍,1
コネクテッドカー,1
クリエティブ,1
母国,1
強力,1
tact,1
AN,1
ZIN,1
特別,1
ファッションアプリ,1
縁,1
力持ち,1
逆算,1
Anguar,1
アバターデザイン,1
解,1
取捨選択,1
いらっしゃる,1
複,1
助成,1
世界一,1
デジタルサイネージ,1
Domino,1
sharepoint,1
ダウンサイジング,1
情,1
余り,1
スマホシステム,1
プロダクトマネージャー・アプリ,1
ブランディングサイト・,1
洗い出す,1
コスメ・,1
Non,1
fungible,1
token,1
想起,1
Box,1
クラウドサーバ,1
整,1
Webix,1
Chromium,1
カラム,1
ニューアル,1
RS,1
ビザ,1
オーダーメイドジュエリーブランド,1
オーダーメイドブライダルリング,1
VTuber,1
付属,1
クローリングシステム,1
インタラクションコンテンツ,1
コマースプラットフォーム,1
フロントエンドアーキテクチャ,1
使い勝手,1
データビジュアライゼーション,1
メーカースマホアプリ,1
Listening,1
User,1
導出,1
ペーパレス,1
追尾,1
デザイン・ディレクション,1
クライアントニーズ,1
進出,1
アプリゲーム,1
Learing,1
線形,1
回帰,1
グレー,1
ド,1
傾,1
新分野,1
愛着,1
こだわり,1
タスクマネジメントツール,1
役立つ,1
各自,1
アラーム,1
起動,1
光,1
分光,1
積分,1
⽰,1
順,1
ヶ,1
段取り,1
レポーティングメイン,1
レコメンドアルゴリズム,1
k,1
s,1
サーバーレスコンピューティング,1
Prep,1
Model,1
Scoring,1
アイデンティティ,1
キービジュアル,1
カンファレンス,1
Html,1
アパレルシャツメーカー,1
中部,1
シャツ,1
インスタ・,1
FB,1
有数,1
ブロックチェーンエンジニア,1
ノード,1
エンタメサービス,1
C×,1
ら,1
カレンダー,1
横,1
串,1
有難い,1
ポータルサイトフロントエンド,1
サーバーサイト・フロントエンド,1
ビジュアルテイスト,1
トライ,1
役務,1
RFP,1
アクセント,1
イラストレータ,1
モックページ,1
対し,1
図形,1
水平,1
黒い,1
赤,1
黄,1
青,1
トリガー,1
パズル,1
不安,1
採り,1
取組ん,1
高性能,1
取りかかっ,1
マテリアルデザイン,1
ためし,1
キャッチアップ,1
最短,1
中軸,1
猫,1
流行っ,1
似,1
生み出せる,1
チャットボットプラットフォームサービス,1
とりまとめ,1
考査,1
コンサルフ,1
ロシ,1
ェクト,1
ビズリーチ,1
InGame,1
ネイティブプラグイン,1
スマホソーシャルゲーム,1
プラットフォーマー,1
リクルート,1
Air,1
ユーザーエキスペリエンス,1
mod,1
plsql,1
面倒,1
有用,1
GIS,1
アプリケーションーバ,1
台帳,1
気に入っ,1
OT,1
IOT,1
過半数,1
占め,1
株,1
エンジェル,1
済ませ,1
Jquery,1
json,1
Query,1
Framwork,1
わから,1
協議,1
細やか,1
気遣い,1
ソーシャブルカート,1
unreal,1
engine,1
HDMI,1
患,1
着地,1
Wedding,1
ＮＹ,1
ＯＢ,1
通う,1
頼ま,1
不随,1
キーマン,1
DOC,1
出る,1
思わ,1
仕訳,1
EJB,1
ObjectStore,1
出し合っ,1
FILE,1
logstash,1
フィールド,1
分割,1
Jolokia,1
JVM,1
Metricbeat,1
設,1
キッチン,1
トイレ,1
信用度,1
増強,1
NoSQL,1
おい,1
learning,1
Yii,1
入館,1
館,1
クライアント・サーバー,1
ラーニングプラットフォーム,1
ロイヤルティ,1
ルーチン,1
ビルドツール,1
ネットワークセキュリティシステム,1
ドイツ,1
アーム,1
調理,1
おもてなし,1
プレゼンス,1
デザイン・ブランディング,1
デジタルキーサービスフロントエンド,1
ロック,1
エスカレーション,1
出せる,1
コワーキングスペース,1
動物,1
ニアショア,1
バンドル,1
Spine,1
AfterEffects,1
tomcat,1
HULFT,1
つぎ,1
継ぎ,1
バトンタッチ,1
Fashion×Tech,1
マネキン,1
什器,1
ディスプレイ,1
ラグジュアリーブランド,1
アパレルメーカー,1
perl,1
HD,1
データワークフロー,1
精緻,1
急務,1
オンラインマルチプレイゲーム,1
リニュールサイト,1
逆,1
引き,1
グリッド,1
志し,1
スマートグリッド・ソリューション,1
OpenADR,1
デマンド,1
OEM,1
タイポグラフィ,1
片方,1
メインフレームストレージ,1
Series,1
Lift,1
and,1
Shift,1
高まる,1
先導,1
CoE,1
精査,1
定形,1
年次,1
プロファイル,1
バイタルセンシングソフトウェア,1
採取,1
Autosar,1
Adaptive,1
コンフィグレーション,1
Generator,1
ランタイムコード,1
成り,1
準じる,1
繁忙,1
セットアップ,1
クローリングツール,1
ロボティック・プロセス・オートメーション,1
ダッシュ,1
ボート,1
PowerBI,1
デザインカンプ,1
ソリューションベンダー,1
redmine,1
攻撃,1
WAF,1
まる,1
エクセルベース,1
プロシージャ,1
DDL,1
台,1
旧,1
Maria,1
新,1
探し出す,1
流動的,1
EnergyTech,1
細胞,1
折り込み,1
ランナー,1
熱狂,1
対外,1
ネイティブライク,1
ミニゲーム,1
ARkit,1
表情,1
Medium,1
Business,1
Big,1
コンピューター,1
学科,1
修士,1
号,1
博士,1
セレクト・アウトレット,1
活気,1
名義,1
居,1
リポジトリ,1
ソリューションベンダ,1
座標,1
作家,1
だき,1
貴重,1
学ん,1
歩数,1
創発,1
交流,1
引き起こす,1
ファクター,1
そのもの,1
スマホページ,1
少なめ,1
お出かけ,1
タイトルゲームアプリ,1
日頃,1
法的,1
かかわら,1
手軽,1
享受,1
絡め,1
良品,1
振動,1
耳,1
聞き分け,1
わかっ,1
プロダクト・ディベロップメント,1
パートナーソリューション,1
クラウドアプリケーション,1
ビート,1
刻ん,1
DJ,1
公益,1
絞っ,1
電流,1
モニタ,1
電源,1
温度,1
湿度,1
オールインワン,1
MVNO,1
XP,1
solidity,1
迫る,1
整合,1
ポップ,1
Nodejs,1
ネイティブアドネットワーク,1
アドテクエンジニア,1
レコメンドウィジェット,1
ＥＣ,1
Ｗｅｂ,1
空港,1
知っ,1
選ぶ,1
サーバサイドプログラミング,1
WMS,1
刺激,1
モットー,1
受け持つ,1
添加,1
座,1
Marketing,1
Automation,1
いけれ,1
マーケティングオートメーションツール,1
インストアマーケティングツール,1
インストアマーケティング,1
打,1
刻,1
質屋,1
ポップアップ,1
上手,1
ecbeing,1
ペン,1
若年,1
なれ,1
GoogleAnalytics,1
Optimizely,1
VWO,1
Mouseflow,1
クラウドサポート,1
データクレンジング,1
帳簿,1
民間,1
HTM,1
マークアップスキル,1
変わり,1
つくら,1
元号,1
SpringFramework,1
PostreSQL,1
記帳,1
アジャイルベース,1
とっ,1
つながる,1
前払い,1
ソーシャルレンディングサービス,1
社債,1
エムスリードクターサポート,1
ページバナー,1
ヘアサロン,1
専売,1
ウェブフロントエンド,1
回避,1
アイエスエフネット,1
MVVM,1
ローレベルドライバ,1
ローレベル,1
CPU,1
伝送,1
圧縮,1
英文,1
取り上げ,1
先見,1
サイ,1
巻き込ん,1
ソーシャルネットワーク,1
Analytics,1
置く,1
サービスリプレイス,1
♯】,1
引合い,1
クレーム,1
フロントコーダー,1
invision,1
見せ,1
ビジュアライゼーション,1
チャットフィクションアプリ・,1
サーバーサイドメイン,1
コーダーバイト,1
振り分ける,1
フリマアプリ・,1
WebApp,1
クチコミ・リサーチサイト,1
パートナーエコシステムクラウド,1
フォローアップ,1
何れ,1
農,1
畜,1
水産物,1
産地,1
デスカッション,1
スポットコンサルサービス,1
販路,1
SFDC×AWS,1
Devops,1
小,1
第三者,1
風力,1
発電,1
フロントエンドシステム,1
onRails,1
RDS,1
参り,1
美味し,1
買い,1
香港,1
上海,1
中国語,1
ビット,1
コイン,1
ユーザーインターフェイス,1
balloon,1
送り状,1
入り口,1
DBElasticSearch,1
ブラウザチェック,1
下層,1
スクラッチシステム,1
売上げ,1
子連れ,1
行ける,1
習い事,1
フロントエンドメイン,1
サード,1
魅了,1
回復,1
プロトタイピングツール,1
ワイヤーフレーム・デザインカンプ,1
Responsible,1
Movabletype,1
見つけ出す,1
ウェブマーケティングツール,1
ES,1
Pull,1
JEST,1
スリー,1
スマートキーボックス,1
バイオセンシング,1
進展,1
ブラウザサイド,1
睡眠,1
ヘルスケアアプリ,1
掲示板,1
レンダリングエンジン,1
スマートフォンアプリケーション,1
Kotkin,1
レッスン,1
フィットネスサービス,1
On,1
カスタマーエンジニア,1
メディアソリューションパートナー,1
フィージビリティ,1
受ける,1
探究,1
建て,1
いえ,1
カメラマン,1
コードチューニング,1
アプリシステム,1
view,1
ハイブリッドモバイルアプリ,1
CRUD,1
クラウドファンディングプラットフォーム,1
さばく,1
GMOSSP,1
アドテクプロダクト,1
VFX,1
スカルプティング,1
併設,1
RubyOnRails,1
ゲームクライアント,1
植物,1
コミュニケーションアプリ,1
みどり,1
ストアドプロシージャ,1
クライアンント,1
テックソリューションシステム,1
PaaS,1
テイ,1
で,1
バリュー,1
SalesForce,1
バックオフィスメンバー,1
パブリック,1
統制,1
上段,1
Cake,1
GoogleCloudPlatform,1
ウェブマーケティング,1
恋,1
使い分け,1
字幕,1
単語,1
意味,1
サーバーバックエンド,1
データストリーミング,1
ステータス,1
停止,1
本年度,1
REDIS,1
RedShift,1
Coffee,1
申告,1
いち早く,1
リッチブラウザゲーム,1
え,1
クラウドソーシング,1
ユーザアクセサビリティ,1
ブロックチェーンプロジェクト,1
工務,1
Rython,1
考,1
役立てる,1
想像,1
こだわる,1
Oralce,1
書き換え,1
献立,1
信じる,1
請け負わ,1
テスト・リグレッションテスト,1
GDB,1
寄せ,1
enechain,1
フォワード,1
カーブ,1
SVG,1
FAX,1
原本,1
サテライト,1
兼業,1
MISRA,1
セキュアコーディング,1
擦り,1
データファイル,1
モーダルデザイン,1
称し,1
コンテンツスマホ,1
ver,1
準じ,1
saas,1
PowerCMS,1
明らか,1
Quorum,1
後押し,1
推薦,1
臨み,1
クチコミアプリ,1
メイクアップコンテンツ,1
レイアウトデザイン,1
システムベンダー,1
恒常,1
レッジ,1
ク,1
ライアント,1
仰っ,1
レスポンシブルデザイン,1
オンラインショップシステム,1
サーバリプレイス,1
SEM,1
リファラルリクルーティングプラットフォーム,1
熱量,1
ギーク,1
物事,1
持ち合わせ,1
独り,1
アプリ・モバイルアプリ,1
株主,1
総会,1
パワー,1
RESTAPI,1
クライアントフレームワーク,1
Aurelia,1
コンテンツマーケチーム,1
ｺﾐｭﾆｹｰｼｮﾝﾃﾞｻﾞｲﾅｰ,1
ﾌﾞﾛｯｸﾁｪｰﾝ,1
ﾌｧﾝｺﾐｭﾆﾃｨｻｰﾋﾞｽ,1
ファンコミュニティアプリ,1
現金,1
リホスト,1
JCL,1
取り込む,1
データリネージ,1
コミニケーション,1
搬入,1
公営,1
深夜,1
使い方,1
大変,1
コーディング・ディレクション,1
tech,1
瀬,1
高校生,1
スマホ・タブレット,1
クラウドアーキテクティング,1
オーケストレーション,1
載せ,1
ハイブリッドモバイルアプリケーション,1
行けれ,1
汚れ,1
管,1
切れ,1
不信,1
見地,1
ピボット,1
可読性,1
モーションキャプチャ,1
モーションキャプチャー,1
ヒト,1
ソフトゥェア,1
デイリー,1
仕上がっ,1
Teradata,1
go,1
soliditiy,1
ミ,1
ライ,1
いつ,1
美しく,1
生きる,1
祭り,1
受診,1
mobx,1
batch,1
つもり,1
Fintec,1
ターゲティングデータ,1
PPT,1
文法,1
Valid,1
TovalValidator,1
JOB,1
HUB,1
掛ける,1
様子,1
演算,1
世代,1
ひとり,1
コーポレイトサイトデザイン,1
スマホアプリデザイン,1
エージェントアプリ,1
BCommerce,1
あく,1
発売,1
マネージメント,1
点在,1
込む,1
BluePrism,1
バナー・ページ・,1
承り,1
レイテンシー,1
ランニングポータルサイト,1
趣味,1
ランニング,1
絶好,1
躓か,1
出来れ,1
マス,1
作,1
画期的,1
テクニカルレポート,1
固有,1
注釈,1
クリエーションライン,1
Confluent,1
モバイルオンラインゲーム,1
Visualforce,1
Scss,1
gulp,1
細分,1
hook,1
CC,1
合え,1
頂こ,1
ADVA,1
アドバ,1
Redwood,1
Prisma,1
柄,1
原画,1
アレンジ,1
下絵,1
デフォルメ,1
ポージング,1
kakari,1
Clinic,1
MS,1
拠出,1
年金,1
キーパー,1
桜木,1
モデルチューニング,1
報,1
動機,1
OracleDBA,1
レガシーブラウザ,1
IE,1
chrome,1
上がっ,1
)））,1
♦　,1
マーケター・,1
Repos,1
御苑,1
PullRequest,1
シーサイド,1
勝どき,1
％～,1
イメージワークフローシステム,1
インシデント,1
明大,1
多摩,1
Sprig,1
PosgreSQL,1
K,1
武蔵,1
小杉,1
読み,1
ElasticStack,1
処方せん,1
送っ,1
おく,1
待合室,1
待ち時間,1
保管,1
新潟,1
差し替え,1
JavaSpringboot,1
存続,1
Bigquery,1
Reac,1
Mobile,1
チャレンジング,1
マリン,1
後払い,1
openAI,1
ウェブアプリ,1
触っ,1
触る,1
優しい,1
)+,1
値段,1
セール,1
コンフィグ,1
インストラクション,1
チームメンタリング,1
もたらし,1
～｜,1
持ち込ん,1
学歴,1
職歴,1
永く,1
電鉄,1
出入,1
荷,1
入替,1
物覚え,1
テキパキ,1
LivePerson,1
Conversational,1
...＞,1
感知,1
飛ばし,1
ギミック,1
APL,1
デザインブラッシュアップ,1
インターネットバンキングアプリ,1
インターネットバンキング,1
拾い上げ,1
カーナビ,1
地理,1
STB,1
エッジソリューション,1
Databricks,1
立替,1
シェアードサービスセンター,1
モデラー,1
流入,1
健保,1
バイジョンアップ,1
オフショアチーム,1
LinuxOS,1
フルリモートワーク,1
運ん,1
戦闘,1
VideoWorks,1
PSQ,1
Pkg,1
テム,1
テムエンハンス,1
Pos,1
⼼,1
Version,1
ファムロード,1
ブレストインキュベーション,1
Fuelphp,1
用賀,1
PowerAppps,1
Tictok,1
補聴器,1
フィッティングシステム,1
モンスター,1
国分寺,1
バンキングアプリ,1
Basic,1
SCADA,1
上手く,1
退社,1
解明,1
PLC,1
HMI,1
ローコードツール,1
NEXACRO,1
BEYOND,1
ネクサアクロ,1
中間,1
共鳴,1
バーチャルライブプラットフォームサーバサイド,1
Salesforc,1
アクティブ,1
DICE,1
CP,1
臨時,1
定め,1
時差,1
要事,1
レコメンドデータ,1
MakeShop,1
Affectiva,1
Sensor,1
リズミル,1
同上,1
Sacala,1
念頭,1
受け入れる,1
ける,1
ダイエットアプ,1
MoT,1
ブランディング・ロゴデザイン,1
ロボットコールシステム,1
改変,1
載っ,1
ヘルステックカンパニー,1
突入,1
Sacla,1
当てはめ,1
模倣,1
カスタマーサービス・,1
エンドツーエンド,1
上がる,1
バナーデザイン・,1
リサーチャー,1
ゲーミングデバイス,1
アクセサリー,1
取扱い,1
アプリケーションアーキテクト,1
パ,1
ブリ,1
和気あいあい,1
スロークエリ,1
index,1
起こる,1
アダルト,1
シニアアプリケーションエンジニア,1
サービスシステムアーキテクチャー,1
平行,1
売主,1
ビジネスオーナー・プロダクトマネージャー・デザイナー,1
リスペクト,1
忘れ,1
マルチテナント・マルチプロダクト,1
Redshift,1
マネージドサービス,1
dbt,1
ハコベルカーゴ,1
オンラインイベントプラットフォーム,1
シニアサーバーサイドエンジニア,1
プルリクエスト,1
linux,1
クラアント,1
LogiTech,1
スコープ,1
yamory,1
イノベート,1
ヴィジュアルデザイン,1
JavaScrip,1
knew,1
Merpay,1
Frontend,1
組合せ,1
バナー・デジタル,1
レット,1
Kotolin,1
取り組も,1
到達,1
変数,1
If,1
構文,1
View,1
表面,1
】​,1
３つ,1
政治,1
爆,1
速,1
駆け抜け,1
会い,1
気付か,1
セガサミーグループ,1
少年,1
パーティ,1
ターン,1
引出し,1
/.,1
インボイス,1
ＰＧ,1
コーダー・フロントエンドエンジニア,1
法令,1
浜松町,1
microCMS,1
育てる,1
めど,1
終わる,1
使い慣れ,1
キャディ,1
ラベル,1
プリンター,1
cloud,1
流体,1
コリジョン,1
せき止め,1
自主,1
重んじ,1
Seesar,1
離れ,1
解像度,1
Lararvel,1
バイナリーデータ,1
おこない,1
ASTERIA,1
ムービー,1
バッグ,1
ハイエンドマルチプラットフォームゲーム,1
アルバイトマッチングサイト,1
出会え,1
NFC,1
ゲーミフィケーション,1
アプロ,1
増し,1
バックエンドメイン,1
吸収,1
概略,1
キオスク,1
PTP,1
アプリサーバーサイドエンジニア,1
最速,1
北,1
SpringFW,1
Phython,1
心療内科,1
不可欠,1
綺麗,1
まとまっ,1
泥臭い,1
ＣＲＭ,1
モビリティプラットフォーム,1
サンドボックスゲーム,1
補正,1
Continuous,1
Integration,1
四半期,1
JavaPython,1
マーケティングアソシエイト,1
ウェビナー,1
クリエーショライン,1
広め,1
スキーマ,1
リス,1
やれる,1
反復,1
醸成,1
分解,1
造詣,1
シェアフルサービス,1
ネットスーパーシステム,1
office,1
越える,1
疑問,1
正,1
Liquid,1
習,1
カラリスト,1
検定,1
お互い,1
助け合う,1
セラピー,1
気持ち,1
受けとめ,1
ブライダル,1
根底,1
衣裳,1
婚礼,1
溢れる,1
はやく,1
楽しめ,1
生まれたて,1
アライアンスシステム,1
紀尾井町,1
eMCOS,1
トレーサビリティ,1
₋,1
VisualSLAM,1
ナショナル,1
NP,1
,、,1
感動,1
ツアー,1
就労,1
テコ入れ,1
巡り,1
合える,1
代替え,1
壁,1
打ち,1
添削,1
よろしい,1
余白,1
フォント,1
プリペイド,1
LIFF,1
生業,1
漁業,1
斡旋,1
ウエア,1
乗っ,1
カスタムアプリ,1
オルタナティブデータ,1
移せる,1
中途,1
IDaaS,1
走出,1
来る,1
センシングソリューションシステム,1
楽しま,1
少な目,1
コンシェルジュチャットプラットフォーム,1
CRE,1
AutoStream,1
POSIX,1
Team,1
スニーカー,1
ハイブランドフリマ,1
ディレクションアシスタント,1
オペレーティング,1
もとづき,1
SSRWEB,1
成立,1
行,1
Reactjs,1
NAS,1
促成,1
見つけ,1
SmartTV,1
ChromeCast,1
関われ,1
めざし,1
出し合う,1
言葉,1
IX,1
HANA,1
MRP,1
サンド,1
ボックス,1
自力,1
プリザーブ,1
SRDU,1
フリーランスエージェント,1
フリーランスコミュニティプラットフォーム,1
ロイド,1
++),1
オンラインマニュアルサイト,1
STUDIO,1
おます,1
analytics,1
感染,1
VisualStudio,1
OMO,1
多少,1
稀,1
プラダクトエンジニア,1
MM,1
ヒューマン,1
Trello,1
アスリート,1
追っかけ,1
Mapbox,1
換算,1
Qt,1
QML,1
Markup,1
Language,1
テイクアウトサービス,1
lambda,1
カ国,1
Fix,1
資源,1
再建,1
グループシナジー,1
願う,1
プロジェクションマッピング,1
Kinect,1
測,1
域,1
クラウド・バックエンドエンジニアリング,1
ゲスト,1
混雑,1
空い,1
官庁,1
Hana,1
⇨,1
Loader,1
おなじみ,1
本郷三丁目,1
湯島,1
ファミリー,1
IdP,1
ウェビナーツール,1
AdobeIllustrator,1
合さ,1
AKS,1
体系,1
WebGL,1
好評,1
市販,1
ゆく,1
マーケティングオートメーションシステム,1
Facebook,1
instagram,1
未満,1
テール,1
ブローカー,1
キャンセル,1
空き,1
オンラインギフトプラットフォームサービス,1
～】】,1
ダイエットアプリ,1
スキン,1
サイト・バナー,1
⾊,1
適し,1
真似,1
ネーミング,1
思いつい,1
東海,1
地区,1
スマホアプリゲーム,1
総勢,1
アフェリエイトネットワーク,1
実例,1
スピーキングテスト,1
FIDO,1
不正,1
コラボアプリ,1
アフェリエイト,1
私服,1
ソフトウェアフロントエンド,1
解放,1
Feasibility,1
Study,1
関する,1
丁目,1
受取,1
プロビジョニング,1
有無,1
楽,1
なに,1
齟齬,1
金曜,1
#],1
トピア,1
低かっ,1
正解,1
試行,1
錯誤,1
難題,1
新富,1
サイボーズ,1
様様,1
後処理,1
レクチャー,1
うけ,1
１０月,1
テレビ局,1
デジタルコンテンツ・バナー,1
ドラマ,1
走る,1
コミュニケ,1
厨房,1
MQTT,1
堺,1
OBS,1
Good,1
For,1
Everyone,1
驚き,1
メソッド,1
サスティナブル,1
ヴァージョンアップ,1
GIT,1
Rekognition,1
仕上げる,1
席,1
Postgres,1
伺っ,1
赴く,1
aws,1
sql,1
希少,1
フルリモート・フルフレックス,1
UML,1
証明,1
ISO,1
切り分ける,1
ベンダ,1
八丁堀,1
清,1
算,1
談,1
目利き,1
探し出し,1
俳優,1
GAE,1
Stripe,1
ペア,1
沖縄,1
四谷,1
ライフログプラットフォーム,1
アプリプロモーション,1
医薬,1
デザインガイドライン・レギュレーション,1
Expert,1
総括,1
特装車,1
余,1
亘り,1
管轄,1
アノテーションシステム,1
竹橋,1
　～　※,1
miro,1
ava,1
Doma,1
卸売り,1
持ち分,1
渡し,1
ブロックチェーンデータプラットフォーム,1
神谷町,1
不得意,1
orAR,1
デリバリーアプリ,1
地方銀行,1
CV,1
集荷,1
ルート,1
フロントエンジ,1
tableau,1
ServiceNowr,1
先立ち,1
ゲノミック,1
農家,1
Raect,1
ベンダーコミュニケーション,1
Wizardry,1
VA,1
スマートフォンタイトル,1
;,1
CAM,1
コンシューマー・スマホ,1
纏わる,1
ライブコマースアプリ,1
戦術,1
創り出す,1
いかし,1
Oculus,1
オンプレサーバ,1
移設,1
IDCF,1
マルチクラウドハイブリッド,1
クラウドアンケートシステム,1
整い,1
フォトショ,1
単独,1
推移,1
変遷,1
追える,1
⾃,1
つながっ,1
成,1
⻑,1
レビュアー,1
Drowio,1
アーティストファンクラブアプリ,1
モダナイズ,1
主管,1
Lamda,1
orTypeScript,1
Phargate,1
snowflake,1
コンシューマーアクションゲーム,1
左記,1
アプリサイト,1
++,,1
モバイルオーダーシステム,1
省力,1
apex,1
ハイクオリティ,1
交替,1
スプレットシート,1
Apps,1
機種,1
SunOS,1
PowerBuilder,1
内定,1
承諾,1
現れる,1
身近,1
マネジメントアプリ,1
用具,1
働きかけ,1
対戦,1
相手,1
居酒屋,1
レコメンド・クーポン,1
ギフティング,1
差し入れ,1
寄付,1
プレゼント,1
脳神経,1
契,1
バイク,1
ECCUBEn,1
スマホアプリプログラマー,1
ECCUBE,1
コンカフェ,1
コンカフェサイト,1
コム,1
安く,1
水道,1
節約,1
省エネ,1
栓,1
登場,1
ライブコマース,1
リファクタリングパートナー,1
ライバー,1
Wix,1
Audio,1
不良,1
延べ,1
各地,1
新築,1
分譲,1
プラグイン・システム,1
付与,1
ポータルメディア,1
ポータルメディアフロント,1
アイコン・ヘッダーデザイン,1
SD,1
yahoo,1
RDBMS,1
インターン,1
コーポレートサイトリニューアルデザイン,1
デイタイム,1
コンテンツ・バナー,1
服飾,1
レンタルスペースサイト,1
ウェブクローリング,1
教員,1
免許,1
状,1
講習,1
INSPIX,1
修繕,1
認定,1
算定,1
指数,1
(.,1
Blazor,1
スーパーフードハニーベリー,1
actix,1
親しみ,1
Live,1
デスクトップアプリケーションエンジニア,1
WCF,1
ストリーミングサイト,1
星ヶ丘,1
ネクストエンジン,1
出退勤,1
まちまち,1
見合う,1
FPS,1
問,1
クイズ,1
出題,1
AVMultiCamPiP,1
Capturing,1
from,1
Multiple,1
Cameras,1
ARN,1
Id,1
どり,1
易く,1
セルフエステサロン,1
壁面,1
リマーケティング,1
ワードプレスサイト,1
野田,1
歌,1
レベルアップ,1
OR,1
スマホネイティブ,1
滋賀,1
大津,1
労力,1
欲しい,1
日当,1
監督,1
麻雀,1
プレイ,1
♡,1
Bluetooth,1
Reatct,1
マスメディア,1
かゆい,1
届く,1
Ajax,1
即決,1
フランス,1
お住い,1
ノマド・テレワーク,1
wp,1
スマートフォンシステム,1
インフルエンサーズマーケット,1
SPEED,1
Full,1
Time,1
BASIS,1
ＤＢ,1
ＤＢＭＳ,1
SuccessFactors,1
切実,1
切り開く,1
Wanted,1
!!】,1
始動,1
GIGA,1
浅,1
スマホゲーム,1
窮屈,1
夢,1
和歌山,1
脱毛,1
Claris,1
Filemaker,1
ルビー,1
代々木上原,1
八幡,1
福山,1
タイヤ,1
PSD,1
オンラインコーディングテスト,1
ショッピファイ,1
パース,1
Shade,1
代官山,1
webRTC,1
本業,1
VPN,1
秒,1
分の,1
Pyrhon,1
来社,1
墨田,1
スペシャリスト,1
早い,1
勝ち,1
キャスト,1
自由自在,1
電算,1
稼ぐ,1
乗り,1
留学,1
CDO,1
医学部,1
産学,1
土曜日,1
bsh,1
作画,1
アニメーター,1
コミックストア,1
勤,1
原宿,1
かわいい,1
制服,1
マッサージ,1
耐火,1
シェルター,1
製図,1
門真,1
Xamarin,1
汐留,1
アプリデザイナー,1
安,1
定収入,1
アンチエイジングサプリメント,1
パッケージ・フライヤーデザイナー,1
高田馬場,1
Youtuber,1
ティラノスクリプト,1
サウンドノベルゲーム,1
LiveMaker,1
浦和,1
]　,1
one,1
実写,1
Bot,1
振り,1
CE,1
ハンディ,1
ターミナル,1
府中,1
成人,1
ＣＧ,1
サイトバナー,1
ゆるい,1
辻堂,1
半減,1
ころ,1
配線,1
表参道,1
ネイルヘア,1
CALL,1
北欧,1
照明,1
ディベロッパー,1
門前仲町,1
月数,1
当たり,1
休,1
隣,1
ディレクションサポート,1
金魚,1
メダカ,1
駒場,1
東大,1
じじ,1
ばば,1
インフルエンサーメディア,1
インフルエンサーサイト,1
Access,1
pop,1
フリーランサー,1
バイナリー,1
アリ,1
聖蹟,1
桜ヶ丘,1
再々,1
掲,1
潮見,1
ITP,1
アフィリエイトタグ,1
クライアントサポート,1
北本,1
再掲,1
撮り,1
ランディングサイト,1
笹塚,1
技士,1
羽,1
ＢＹＯＤ,1
好条件,1
総務,1
川口,1
付近,1
パチンコ,1
新装,1
mysql,1
前橋,1
Twillio,1
physon,1
ゲームサーバーエンジニア,1
クリック,1
弥生,1
Andorid,1
WelCart,1
一斉,1
新木場,1
ウェブデザイナー・フロントサイドエンジニア,1
劇団,1
新横浜,1
蘇州,1
見附,1
Optimisation,1
forex,1
trading,1
prices,1
bootstrap,1
改造,1
お茶,1
AndroidJava,1
Api,1
DLPO,1
三宮,1
LINESIX,1
デビュー,1
iphone,1
Monaca,1
譲渡,1
益,1
虎,1
門,1
ジム,1
板橋,1
西新宿,1
駒沢,1
フロントエンドデベロッパー,1
add,1
溜池,1
山王,1
金沢,1
池尻大橋,1
ウェブエンジニア・プログラマ,1
淀屋橋,1
中学校,1
ランサー,1
実業,1
団,1
中学,1
駒沢大学,1
変わっ,1
衣類,1
梱包,1
ok,1
ｵﾝﾗｲﾝ,1
Imagemagick,1
錦糸町,1
プラグイン・デモサイト,1
給,1
歩合,1
付,1
フロントエンジニア・マークアップマイスター,1
ハイブリッドアプリ,1
芝,1
世田谷,1
急ぎ,1
ＪＡＶＡ,1
ジュエリー,1
宝石,1
梱,1
はんだ,1
融通,1
利か,1
大手町,1
通える,1
#　,1
軒,1
茶屋,1
パンフ,1
フィットネスウェア,1
梅田,1
UGC,1
ラフイメージ,1
直し,1
西口,1
こえ,1
JR,1
来れる,1
クライアントメイン,1
♪】,1
大須,1
整体,1
院,1
アフィリエイトシステム,1
ヤフー,1
レイハウオリ,1
作り上げる,1
流し込み,1
壁紙,1
ウィジェット,1
鷺宮,1
大江戸,1
赤羽,1
橋,1
そば,1