3,2
依頼,2
サイト,2
内容,2
(,2
),2
～,2
業務,2
費,2
運用,2
使用,2
画像,2
経験,2
写真,2
円,2
/,2
問い合わせ,2
等,2
連絡,2
程度,2
可能,2
フォーム,2
代,2
1,1
2,1
5,1
10,1
30,1
40,1
50,1
60,1
100,1
300,1
3500,1
5000,1
急募,1
海外,1
在住,1
者,1
方,1
ハイ,1
ブランド,1
品,1
買,1
付,1
パートナー,1
募集,1
初め,1
ご覧,1
ファッション,1
通販,1
BUYMA,1
ショップ,1
運営,1
商品,1
在庫,1
確認,1
店舗,1
メール,1
電話,1
オンライン,1
撮影,1
あたり,1
枚,1
検品,1
梱包,1
発送,1
報告,1
買い付け,1
必要,1
経費,1
代金,1
送料,1
交通,1
全て,1
支払い,1
の,1
弊社,1
アカウント,1
応募,1
様,1
安心,1
権利,1
所有,1
報酬,1
変動,1
件,1
場合,1
仕事,1
期間,1
継続,1
的,1
お願い,1
お客様,1
注文,1
左右,1
シフト,1
不定期,1
掛け持ち,1
歓迎,1
人材,1
住まい,1
日本人,1
身分,1
証明,1
書,1
パスポート,1
免許,1
証,1
交換,1
レスポンス,1
マメ,1
日,1
以内,1
誠実,1
日常,1
会話,1
現地,1
語,1
顔出し,1
面談,1
国,1
フランス,1
イタリア,1
ドイツ,1
イギリス,1
シンガポール,1
オーストラリア,1
中国,1
香港,1
韓国,1
アメリカ,1
ハワイ,1
オーストリア,1
マレーシア,1
ドバイ,1
上記,1
以外,1
近く,1
店,1
時,1
下記,1
質問,1
コピー,1
回答,1
分,1
名前,1
年齢,1
地域,1
現在,1
状況,1
バイマ,1
有無,1
可否,1
みなさま,1
お待ち,1
住宅,1
解体,1
工事,1
集客,1
特,1
化,1
デザイン,1
構築,1
WordPress,1
概要,1
構成,1
TOP,1
ページ,1
屋号,1
名,1
会社,1
情報,1
プラン,1
料金,1
一覧,1
>,1
戸建て,1
⼯,1
事,1
マンション,1
ビル,1
施工,1
事例,1
詳細,1
新着,1
ブログ,1
無料,1
見積,1
プライバシー,1
ポリシー,1
マップ,1
参考,1
https,1
://,1
active,1
-,1
okayama,1
.,1
com,1
要件,1
イメージ,1
基本,1
パク,1
形,1
制作,1
PC,1
RWD,1
どちら,1
素材,1
提供,1
一部,1
相談,1
性,1
ライティング,1
実装,1
(※,1
マイナー,1
プラグ,1
イン,1
NG,1
保守,1
さくら,1
サーバー,1
X,1
月額,1
形式,1
月,1
,,1
000,1
修正,1
WP,1
何,1
際,1
メンテナンス,1
備考,1
今後,1
簡単,1
よう,1
種類,1
サービス,1
ターゲット,1
女性,1
男性,1
目的,1
アクセス,1
売上,1
CMS,1
導入,1
SEO,1
対策,1
コーディング,1
企画,1
数,1
プラポリ,1
対応,1
デバイス,1
レスポンシブ,1
web,1
URL,1
用意,1
もの,1
テキスト,1
納品,1
方法,1
指定,1
サーバ,1
アップ,1
ロード,1
後,1
サポート,1
希望,1
先,1
選び,1
重視,1
点,1
こまめ,1
クオリティ,1
実績,1
評価,1
柔軟,1
知識,1