開発,7
定番,6
メタバース,5
技術,4
お願い,4
向け,4
設計,4
内容,4
週,4
/,4
サービス,4
フルリモ,4
案件,4
領域,4
3,3
サポート,3
し,3
概要,3
業務,3
実装,3
関連,3
運用,3
調査,3
API,3
関係,3
いたし,3
日,3
制作,2
プロジェクト,2
いただき,2
中,2
課題,2
解決,2
等,2
可能,2
月,2
～,2
インフラ,2
ビジネス,2
検証,2
...,2
サーバー,2
サイド,2
任せ,2
エンジニア,2
主,2
Swift,2
次世代,2
コミュニケーション,2
iOS,2
アプリエンジニア,2
対話,2
型,2
Vtuber,2
性,2
育む,2
こと,2
できる,2
アプリ,2
UI,2
繋ぎ,2
込み,2
4,1
5,1
10,1
20,1
360,1
VRChat,1
ワールド,1
依頼,1
背景,1
進める,1
専門,1
的,1
必要,1
進行,1
伴い,1
具体,1
要件,1
アドバイス,1
考え,1
い,1
Unity,1
Unreal,1
Engine,1
構築,1
方法,1
内,1
インタラクション,1
動作,1
設定,1
支援,1
デザイン,1
素材,1
基,1
最適,1
提案,1
化,1
アップ,1
ロード,1
発生,1
する,1
対応,1
策,1
提示,1
特徴,1
現実,1
世界,1
景観,1
出来事,1
活用,1
没入,1
感,1
高い,1
もの,1
現地,1
収集,1
写真,1
動画,1
D,1
スキャン,1
データ,1
案,1
ストーリー,1
ボード,1
すべて,1
こちら,1
準備,1
の,1
特,1
役割,1
効率,1
プラットフォーム,1
仕様,1
適合,1
いただけれ,1
幸い,1
求める,1
スキル,1
経験,1
実務,1
アップロード,1
実績,1
ある,1
方,1
ビデオ,1
チャット,1
オンライン,1
形式,1
月極,1
契約,1
１,1
２,1
回,1
メッセージ,1
制限,1
時間,1
あり,1
目安,1
柔軟,1
調整,1
条件,1
相談,1
ください,1
範囲,1
定義,1
テスト,1
ツール,1
種類,1
UnrealEngine,1
VRDesign,1
重視,1
要素,1
ソーシャル,1
VR,1
用意,1
いる,1
ガイドライン,1
プロトタイプ,1
度,1
映像,1
３,1
継続,1
先,1
選び,1
点,1
知識,1
フロント,1
エンド,1
メタバースサービス,1
Web,1
クライアントアプリ,1
企業,1
自動,1
運転,1
車載,1
システム,1
社会,1
IoT,1
ロボット,1
AI,1
モバイル,1
機器,1
ソフトウェア,1
品質,1
金融,1
機関,1
ヘルプ,1
デスク,1
IT,1
商品,1
販売,1
インテグレーション,1
クラ,1
ウド,1
提供,1
ゲーム,1
コンテンツ,1
企画,1
導入,1
保守,1
ユーザー,1
仮想,1
空間,1
全般,1
メタバースプラットフォーム,1
行っ,1
頂き,1
その他,1
各種,1
IP,1
HP,1
SNS,1
周り,1
自身,1
手,1
動かし,1
周囲,1
各所,1
連携,1
MTG,1
参加,1
海外,1
展開,1
マイル,1
ストーン,1
控え,1
おり,1
そこ,1
PHP,1
想定,1
さ,1
れる,1
以下,1
-,1
起こる,1
パフォーマンス,1
改善,1
下記,1
通り,1
自社,1
メタバースプロダクト,1
PM,1
,,1
フルスタックエンジニア,1
エンターテイメント,1
入社,1
新卒,1
名,1
自由,1
発想,1