開発,1435
週,1308
/,1278
日,1042
定番,1028
し,874
アプリ,775
エンジニア,772
業務,763
3,651
サービス,546
募集,544
フルリモ,532
iOS,526
いただき,500
5,474
リモート,450
担当,448
Swift,408
機能,406
設計,401
Android,369
可,365
システム,357
内容,353
相談,336
案件,327
向け,313
する,301
運用,284
自社,276
新規,275
Kotlin,273
いる,252
改善,248
方,226
おり,224
的,218
い,217
実装,215
さ,212
アプリケーション,208
保守,206
企業,201
管理,195
4,194
ため,190
携わっ,188
対応,183
リリース,182
技術,181
プロダクト,174
(,162
仕様,155
事業,150
等,149
可能,144
スマホアプリ,143
プロジェクト,143
概要,141
社内,141
詳細,139
経験,139
UI,137
者,136
～,136
なり,133
企画,132
追加,131
チーム,129
こと,127
いただく,126
支援,125
様,125
れ,124
運営,124
デザイナー,123
),122
行っ,122
化,121
勤務,121
全般,119
活用,119
いただける,118
テスト,118
コード,113
今回,112
会社,111
弊社,110
頂き,109
ユーザー,108
既存,102
PHP,102
エンド,101
Web,101
最大,101
行い,100
提供,99
改修,97
サイト,97
品質,97
大手,96
中,93
検討,92
作成,91
顧客,90
主,90
立ち,89
利用,88
提案,87
できる,87
データ,87
構築,87
上げ,87
いたし,86
C,86
具体,86
お願い,85
Flutter,85
1,84
要件,83
調整,83
継続,82
メンバー,82
-,82
各種,81
デバイス,81
関連,80
新しい,79
連携,79
リード,78
フル,78
協力,77
Java,77
選定,77
配信,76
国内,76
動画,75
性,73
作業,70
系,70
用,68
DX,68
プラットフォーム,68
体験,68
環境,67
仕事,67
側,67
東京,67
定義,66
情報,66
面談,65
アプリエンジニア,65
後,63
規模,63
フロント,62
あり,61
予定,60
複数,60
クライアント,60
体制,60
推進,59
当社,59
ネイティブアプリ,58
WEB,58
2,57
急募,57
API,57
開始,57
...,57
成長,57
任せ,57
向上,57
せ,56
最適,56
要望,55
スキル,55
時,55
員,55
ない,54
型,54
モバイルアプリ,53
プロセス,53
用い,53
言語,51
タクシー,51
効率,50
UX,50
実施,50
スマートフォンアプリ,50
次,50
ヘルプ,50
デスク,50
分析,49
強化,49
以上,48
配車,48
接続,48
拡充,48
いただい,47
SDK,47
ツール,47
検証,47
修正,47
長期,47
意思,47
移行,46
スマホアプリエンジニア,46
ネイティブ,46
中心,46
設置,46
密,46
疎通,46
図り,46
級,46
為,46
自体,46
使用,45
町,45
時間,45
基盤,45
クラ,45
ウド,45
連動,45
基本,44
サーバー,44
年,44
課題,44
せる,44
バージョンアップ,44
乗務,44
オーナー,44
展開,43
月,43
導入,43
関わる,43
コア,43
サービスディリバリー,43
デジタル,42
レビュー,42
様々,42
スマートフォン・タブレット・ウェアラブルデバイス,42
新宿,42
ある,41
行う,41
参画,41
なっ,41
メディア,41
大学,41
都,41
問い合わせ,40
ソフトウェア,40
都内,40
現在,40
き,40
必要,39
AI,39
大きく,39
モバイル,39
上,38
.,38
アーキテクチャ,38
Unity,38
全て,38
５,38
日本,37
内,36
フェーズ,36
探し,35
コミュニケーション,35
EC,35
専用,35
昇華,35
業界,34
受託,34
リニューアル,34
ステップ,34
でき,33
先,33
調査,33
リファクタリング,33
ベンチャー,33
講師,33
採用,33
在宅,33
秋葉原,33
依頼,32
広告,32
考え,32
toC,32
名,32
サイド,32
DevOps,32
React,32
ベース,32
度,32
学習,31
最新,31
ワーク,31
メイン,31
拡大,31
状況,30
OK,30
一,30
部分,30
池袋,30
アジャイル,29
伴う,29
拡張,29
制作,29
メンテナンス,29
バグ,29
取り組ん,29
歓迎,28
サポート,28
工程,28
業,28
人,28
キャリア,28
社会,28
市,28
プログラミング,28
常駐,28
渋谷,28
以下,27
DB,27
QA,27
求め,27
進め,27
領域,27
チェーン,27
AndroidJava,27
安定,26
万,26
バック,26
出社,26
自動,26
応じ,26
PM,26
基づく,26
よう,25
カスタマイズ,25
IT,25
スマート,25
多く,25
コーディング,25
近辺,25
ライブラリ,25
10,24
背景,24
製造,24
,,24
アップ,24
いく,24
県内,24
更新,23
期間,23
+,23
解決,23
使っ,23
営業,23
策定,23
の,23
++,23
人材,23
機器,23
オンライン,23
特定,23
パフォーマンス,23
なら,23
操作,23
料理,23
女子大,23
学,23
版,22
書,22
契約,22
いき,22
重要,22
AWS,22
デザイン,22
一部,22
IoT,22
リーダー,22
コンテンツ,22
Native,22
店舗,22
担っ,22
IOS,22
映像,22
なる,21
含む,21
グロース,21
インターフェース,21
通信,21
想定,21
js,21
ゲーム,21
立案,21
組織,21
診療,21
ソリューション,21
ウェアラブルデバイス,21
ニュースアプリ,21
医師,21
コミュニティ,21
無く,21
視点,21
参加,21
or,21
標準,21
iPhone,20
稼働,20
リプレイス,20
価値,20
数,20
タスク,20
テクノロジー,20
上記,20
発生,20
スクラム,20
３,20
られる,20
計画,19
希望,19
入力,19
場所,19
決済,19
基幹,19
資産,19
暗号,19
統合,19
ログ,19
swift,19
スマ,19
ホ,19
バックエンドエンジニア,19
今後,19
他社,19
フロントエンドエンジニア,19
ポジション,19
頂ける,19
ブロック,19
マーケティングソリューション,19
#/,19
日野,19
理解,18
魅力,18
OS,18
働き,18
認識,18
サーバ,18
)】,18
スマホ,18
サイクル,18
インフラ,18
一緒,18
すべて,18
合わせ,18
クラッシュ,18
ほか,18
ソーシャルアプリ,18
コードレビュ,18
円,17
重視,17
JavaScript,17
SE,17
スタート,17
保険,17
方式,17
下記,17
店,17
~,17
得,17
関わっ,17
見え,17
くる,17
食生活,17
コーディネート,17
最先端,17
エンジニアリング,17
取り扱っ,17
)/,17
れる,16
評価,16
Windows,16
通貨,16
SAP,16
旅行,16
いずれ,16
フォン,16
POS,16
取引,16
:,16
お客様,16
その他,16
求人,16
医療,16
マネジメント,16
お伝え,16
マッチング,16
証券,16
ウェアラブル,16
CI,16
指針,16
取得,16
PL,16
栄養士,16
ごと,16
ネット,16
お手伝い,16
区,16
Salesforce,16
説明,15
設定,15
登録,15
仮想,15
グループ,15
方針,15
ICT,15
00,15
ReactNative,15
飲食,15
視聴,15
JS,15
神田,15
フィット,15
不具合,15
銘打っ,15
@,15
六本木,15
動作,14
ください,14
効果,14
進行,14
健康,14
グローバル,14
ソフト,14
幅広い,14
程度,14
処理,14
発見,14
ヘルスケア,14
ネス,14
そこ,14
完全,14
サービスアプリ,14
多様,14
裁量,14
変え,14
マルチ,14
周り,14
教育,14
限定,14
会計,14
くれる,14
増員,14
都心,14
埼玉,14
錦糸,14
赤坂,14
決定,13
ポイント,13
形,13
提示,13
更改,13
PC,13
浜松,13
テック,13
最大限,13
発揮,13
目指し,13
ユーザ,13
サロン,13
製品,13
シリーズ,13
上流,13
社員,13
段階,13
Laravel,13
VR,13
Gradle,13
multi,13
module,13
満足,13
監視,13
画像,13
ネットワーク,13
iPad,13
取り組む,13
内部,13
SQL,13
net,13
0,12
思い,12
ビジネス,12
検索,12
応募,12
紹介,12
金融,12
解析,12
チャレンジ,12
不動産,12
変更,12
配属,12
持っ,12
関係,12
次期,12
マネージ,12
iPadOS,12
Linux,12
テレ,12
#,12
Ruby,12
SaaS,12
デジタルサイネージアプリ,12
必須,12
駅,12
外部,12
場合,12
レベル,12
以外,12
仕組み,12
単体テスト,12
可視,12
モバイルアプリエンジニア,12
パートナー,12
BtoB,12
志向,12
インタラクティブ,12
切り替え,12
指定,12
退室,12
変革,12
神保,12
御茶ノ水,12
専門,11
実現,11
使い,11
画面,11
鑑み,11
新た,11
マーケティング,11
予約,11
音声,11
本人,11
もと,11
他,11
位置,11
群,11
大阪,11
エンハンス,11
委託,11
<,11
>,11
その後,11
一気,11
通,11
貫,11
含め,11
Objective,11
自身,11
出来る,11
週間,11
MTG,11
伴い,11
抱え,11
適性,11
施策,11
放送,11
VOD,11
レイアウト,11
製,11
今,11
アライアンス,11
持ち,11
当該,11
HTML,11
自由,11
人員,11
エンジン,11
客,11
さん,11
単価,11
研修,11
神奈川,11
shell,11
DWH,11
19,10
30,10
販売,10
やすい,10
共有,10
もの,10
条件,10
気軽,10
創出,10
独自,10
MVVM,10
モデル,10
良い,10
商品,10
フィードバック,10
優秀,10
エラー,10
要求,10
世界,10
CD,10
イベント,10
スマートフットウェア,10
BtoC,10
興味,10
並行,10
参照,10
沿っ,10
とり,10
全国,10
現場,10
市内,10
お話,10
プログラマー,10
恵比寿,10
9,9
11,9
回,9
Python,9
点,9
実績,9
電子,9
実行,9
刷新,9
部署,9
豊富,9
オーダー,9
積極,9
スキルトランスファー,9
例,9
応,9
活動,9
進める,9
多い,9
イメージ,9
折衝,9
育成,9
軸,9
ヶ月,9
マッチングアプリ,9
ござい,9
間,9
レジ,9
求める,9
活,9
プログラマ,9
貢献,9
申し込み,9
ヘルステックベンチャー,9
作っ,9
モバイルソリューション,9
プログラム,9
従業,9
サーバーサイドエンジニア,9
制,9
モバイルオーダーシステム,9
図る,9
外食,9
一貫,9
マルチプラットフォームアプリケーション,9
スクール,9
県,9
横浜,9
web,9
エリア,9
ABAP,9
l,9
#.,9
SQLServer,9
日本橋,9
7,8
面,8
会員,8
料,8
ライブ,8
ドキュメント,8
行なっ,8
事務,8
認証,8
kotlin,8
ハードウェア,8
通り,8
Rails,8
従事,8
地,8
PJ,8
美容,8
即日,8
端末,8
センサー,8
ディレクター,8
頂く,8
地方,8
分,8
Andoroid,8
送信,8
致し,8
インターネット,8
案,8
機械,8
リアル,8
終了,8
部,8
ローカル,8
ハイブリッドアプリ,8
英語,8
知見,8
対象,8
セルフ,8
革新,8
省力,8
来店,8
両立,8
個,8
副業,8
エステ,8
中小,8
行程,8
時給,8
Oracle,8
建築,8
施工,8
大森,8
中央,8
問わ,8
6,7
8,7
試験,7
問題,7
目的,7
表示,7
進捗,7
事項,7
用意,7
予算,7
貸与,7
パッケージ,7
調達,7
力,7
全体,7
TypeScript,7
精算,7
更,7
toB,7
回し,7
高い,7
期,7
Firebase,7
エン,7
代,7
ToC,7
学校,7
済,7
新入,7
観点,7
いただけ,7
～/,7
完了,7
協業,7
テレビ,7
ゼロ,7
上げる,7
経由,7
就業,7
東証,7
上場,7
車,7
AndroidTV,7
ショップ,7
本番,7
GCP,7
コスト,7
SNS,7
アルゴリズム,7
たち,7
手,7
できれ,7
運動,7
創造,7
フォーム,7
WebView,7
１,7
MMORPG,7
Photon,7
Monobit,7
プロトタイピング,7
パイプライン,7
ミーティング,7
４,7
WordPress,7
サブ,7
ウェブサイト,7
Eclips,7
試算,7
ガス,7
20,6
60,6
過去,6
指導,6
セキュリティ,6
際,6
A,6
チャット,6
投稿,6
簡単,6
⇒,6
見積もり,6
現行,6
編集,6
保護,6
持つ,6
人数,6
ベンダー,6
役割,6
整備,6
[,6
物流,6
周辺,6
銀行,6
担う,6
併用,6
スマートフォンゲーム,6
補助,6
幅広く,6
CentOS,6
デプロイ,6
Xcode,6
海外,6
はじめ,6
配送,6
高める,6
ページ,6
)、,6
目,6
支える,6
店頭,6
android,6
くださる,6
六,6
平日,6
戦略,6
組み込み,6
トップクラス,6
おまかせ,6
メーカー,6
昨年,6
FX,6
個人,6
AR,6
フロー,6
牽引,6
同席,6
生成,6
別,6
おこなっ,6
口コミ,6
自分,6
CRM,6
メーカ,6
Health,6
Kit,6
Zeplin,6
Bluetooth,6
かけ,6
ステルス,6
続け,6
あっ,6
資金,6
タイミング,6
特,6
カー,6
取り,6
たくさん,6
リース,6
思っ,6
ニュース,6
)。,6
HR,6
アプリサービス,6
オススメ,6
カスタマー,6
プロトタイプ,6
最寄駅,6
睡眠,6
バーチャル,6
&,6
私,6
前,6
量,6
骨格,6
加算,6
通過,6
他者,6
始め,6
構造,6
Ob,6
　～　,6
最低,6
２,6
～】,6
麻布十番,6
新橋,6
不問,6
12,5
18,5
40,5
100,5
発注,5
シンプル,5
タイトル,5
フレーム,5
済み,5
改良,5
Slack,5
スピード,5
電力,5
マネージャー,5
られ,5
],5
自動車,5
単体,5
所,5
SwiftUI,5
基づい,5
モニタリング,5
宿泊,5
子育て,5
RedHat,5
Alamofire,5
Realm,5
研究,5
結合,5
ユニット,5
確認,5
ロボット,5
フリマアプリ,5
受け,5
MySQL,5
見,5
買い物,5
短期,5
共同,5
それ,5
都合,5
毎,5
品,5
クラス,5
日々,5
携わり,5
活躍,5
薬局,5
小売,5
現状,5
ミッション,5
モダン,5
プロ,5
成果,5
数値,5
tvOS,5
記載,5
組ん,5
選択,5
Kotolin,5
ブロックチェーンゲーム,5
Fintech,5
バックエンドシステム,5
マイニング,5
ブランド,5
ハイ,5
こちら,5
経済,5
入っ,5
FireTV,5
サーバサイドエンジニア,5
原因,5
通知,5
アプリ・,5
話し合う,5
風通し,5
追求,5
ホテル,5
続ける,5
事,5
ワイヤー,5
タクシーアプリ,5
PG,5
CSS,5
ビジネスパーソン,5
最初,5
ところ,5
活かし,5
無線,5
フレックス,5
層,5
ならでは,5
オフィス,5
アップデート,5
案内,5
ｷｬﾘｱ,5
ｱﾌﾟﾘ,5
コンシューマ,5
間隔,5
見積,5
観客,5
エンタメプラットフォームアプリ,5
エンターテイメント,5
プラットフォームアプリ,5
観戦,5
システムエンジニア,5
福岡,5
大量,5
オフショア,5
java,5
行き来,5
ショッピング,5
・,5
見込み,5
単位,5
両国,5
CUBE,5
JAVA,5
Wordpress,5
新卒,5
システム・アプリ,5
群馬,5
持ち帰り,5
ＩＴ,5
ＷＥＢ,5
Office,5
パソコン,5
講座,5
最寄り,5
つくば,5
老,5
LAMP,5
社,5
銀座,5
地域,5
葛西,5
局,5
資格,4
知識,4
申請,4
限り,4
報告,4
やすく,4
公開,4
QR,4
以降,4
お待ち,4
柔軟,4
Mac,4
自治体,4
リプレース,4
RPA,4
田町,4
構成,4
生産,4
アドオン,4
介護,4
経営,4
Go,4
コンポーネント,4
経費,4
CTO,4
候補,4
UIKit,4
Protocol,4
Buffers,4
パフォーマンスチューニング,4
行動,4
法人,4
これ,4
ニーズ,4
制御,4
PMO,4
金,4
GitHub,4
下,4
搭載,4
川崎,4
翻訳,4
コンサルティング,4
場,4
on,4
ハンス,4
元,4
密接,4
家電,4
先方,4
～（,4
注目,4
高校,4
生徒,4
増え,4
本木,4
事象,4
フィットネスアプリ,4
付き,4
近郊,4
PdM,4
スポーツ,4
通じ,4
担保,4
ソースコードレビュー,4
結婚,4
手法,4
醍醐味,4
味わっ,4
適正,4
kafka,4
蓄積,4
就,4
マイ,4
つき,4
踏まえ,4
社外,4
２つ,4
考える,4
知能,4
プランナー,4
観,4
キャラクター,4
勧め,4
それら,4
動かし,4
カバレッジ,4
面白い,4
ビジネスマッチングアプリ,4
モビリティーサービス,4
定額,4
マイカー,4
サブスクリプション,4
モビリティサービス,4
査定,4
進ん,4
持ち込み,4
ローンチ,4
積ん,4
カーナビ,4
基づき,4
リーダ,4
遂行,4
PoC,4
基,4
携わる,4
使う,4
教材,4
作り上げ,4
一員,4
仮説,4
作る,4
関わり,4
人々,4
なく,4
音楽,4
出勤,4
日数,4
やりがい,4
初,4
アサイン,4
マネージャ,4
ヘルスケアアプリ,4
ディレクション,4
伸ばし,4
写真,4
push,4
加速,4
帳票,4
センター,4
メール,4
フィジビリティスタディ,4
計測,4
ADNW,4
有り,4
テレワーク,4
中長期,4
ユーザビリティ,4
合っ,4
RoR,4
リソース,4
不足,4
歩数,4
青山,4
ホスピタリティ,4
仲介,4
オペレーション,4
ベータ,4
最終,4
合わせる,4
⇔,4
カレンダー,4
土日,4
組込み,4
◾,4
PJT,4
SFA,4
HP,4
完成,4
wordpress,4
上野,4
フリーランス,4
主婦,4
受注,4
飯田橋,4
外国,4
籍,4
~/,4
JP,4
jQuery,4
】.,4
16,3
65,3
2022,3
2023,3
2024,3
受験,3
スマートフォンアプリケーション,3
視野,3
ターゲット,3
無料,3
立場,3
方法,3
初期,3
幸い,3
感,3
B,3
詳しい,3
ほしい,3
か月,3
掲載,3
状態,3
連絡,3
工場,3
NET,3
士,3
随時,3
車載,3
VBA,3
連続,3
家,3
設立,3
アイデア,3
No,3
ios,3
収集,3
加工,3
維持,3
投資,3
係る,3
整理,3
通販,3
インテグレーション,3
購買,3
取り入れ,3
スタック,3
正社員,3
結果,3
得る,3
方向,3
Dart,3
進め方,3
末,3
職種,3
所属,3
PO,3
テーマ,3
補足,3
年齢,3
加盟,3
┗,3
初日,3
単月,3
タブレット,3
LINE,3
小中学校,3
加え,3
000,3
校,3
漫画,3
主力,3
TV,3
休憩,3
よい,3
SI,3
行える,3
フィットネスモバイルアプリ,3
時期,3
_,3
流用,3
作り替える,3
ネイティブアプリエンジニア,3
MR,3
さまざま,3
グラス,3
ToB,3
フィックス,3
アプリ・ツール,3
CS,3
オリジナル,3
ウェブ,3
婚,3
グロースハックエンジニア,3
チュートリアル,3
策,3
ペア,3
ローン,3
タブレットアプリ,3
伸び,3
市場,3
ロジック,3
キャッチ,3
生,3
欠か,3
選考,3
対策,3
ロボティクス,3
Mission,3
側面,3
主体,3
ステーク,3
ホルダー,3
保有,3
メンバ,3
スタッフ,3
フルリプレイス,3
ケア,3
マネジャー,3
自立,3
すれ,3
人工,3
有益,3
マスター,3
キャッチアップ,3
前向き,3
チャレンジング,3
囲ま,3
うってつけ,3
自負,3
融合,3
骨董,3
品等,3
買取,3
主軸,3
いか,3
繋げる,3
ブラウザアプリ,3
権,3
渡し,3
OEM,3
Ver,3
UP,3
追従,3
都度,3
リバースエンジニアリング,3
図,3
PF,3
++),3
kubernetes,3
基板,3
OSS,3
GoogleFit,3
Fitbit,3
日常,3
ドリブン,3
工数,3
算出,3
再現,3
スマートウォッチシリーズ,3
アクセラレーションプログラム,3
生まれ,3
Low,3
Energy,3
スマートウォッチ,3
Release,3
update,3
アーキテクチャー,3
見解,3
落とし込み,3
UT,3
動産,3
機会,3
日本語,3
携わ,3
読み書き,3
タメ,3
測定,3
適切,3
競合,3
優位,3
スマホゲーム,3
機,3
アプローチ,3
リ,3
増加,3
触れる,3
リッチ,3
嬉しい,3
百,3
望ましい,3
意欲,3
対話,3
英単語,3
Tech,3
それぞれ,3
Andriod,3
アドバイス,3
使わ,3
始まる,3
携われ,3
アプリリリース,3
分担,3
アパレル,3
LIVE,3
ハイブリッド,3
停止,3
本年度,3
adjust,3
類,3
XCode,3
オンラインギフトプラットフォーム,3
ギフト,3
モール,3
デベロッパー,3
促進,3
下さる,3
撮影,3
注文,3
xR,3
個別,3
台数,3
診断,3
機材,3
COBOL,3
形態,3
＃,3
Githab,3
FW,3
てる,3
大型,3
IOT,3
名古屋,3
flutter,3
紀尾井町,3
実務,3
給与,3
要員,3
ヘルス,3
深く,3
転職,3
スマートフォン,3
中核,3
マイクロ,3
汎用,3
フォロー,3
明細,3
らっしゃる,3
メガ,3
加速度,3
計,3
用品,3
解消,3
腕,3
装着,3
毎週,3
いっ,3
シェア,3
トッパン,3
特許,3
五反田,3
書ける,3
ホームページ,3
ＰＨＰ,3
至急,3
兼ね,3
Django,3
上級,3
売買,3
Angular,3
FE,3
h,3
ワード,3
プレス,3
LP,3
html,3
一括,3
vue,3
働い,3
人事,3
教室,3
)：,3
小倉,3
常勤,3
奈良,3
大和高田,3
VB,3
浅草橋,3
製薬,3
ORACLE,3
g,3
c,3
)＜,3
海浜幕張,3
プラグ,3
イン,3
豊洲,3
！(,3
長原,3
公的,3
Bilingual,3
Software,3
Engineer,3
基礎,3
門前仲,3
立,3
15,2
140,2
150,2
180,2
250,2
4000,2
収益,2
収入,2
種類,2
App,2
Google,2
指南,2
課金,2
安全,2
メリット,2
当初,2
同等,2
費用,2
いただけれ,2
わから,2
参考,2
URL,2
app,2
E,2
選び,2
円滑,2
交換,2
要素,2
同士,2
取れる,2
やり取り,2
名刺,2
欲しい,2
公式,2
ヒアリング,2
準備,2
納期,2
納品,2
さま,2
質問,2
Figma,2
なし,2
クオリティ,2
クレジットカード,2
検査,2
ガイド,2
保育,2
IcT,2
保育園,2
Docker,2
官公庁,2
顔,2
ソーシャルゲーム,2
遠隔,2
機関,2
需給,2
BI,2
資本,2
ノウハウ,2
売却,2
起業,2
一体,2
併せ持ち,2
発,2
非常,2
加わっ,2
防災,2
ロー,2
設備,2
予測,2
予報,2
前進,2
人月,2
見える,2
アラート,2
ト,2
アミューズメント,2
キャッシュ,2
レス,2
抽出,2
レシピ,2
繋ぐ,2
議事,2
録,2
デモアプリ,2
eKYC,2
書類,2
大切,2
ペイント,2
クリエイティブ,2
抱える,2
クリエイター,2
創作,2
ラストワンマイル,2
ドライバーサポートアプリ,2
キング,2
パッキング,2
配達,2
追跡,2
形式,2
スタイル,2
素早く,2
目標,2
実感,2
製作,2
最大手,2
Studio,2
時代,2
入れ,2
請求,2
フリーランスエンジニア,2
虎ノ門,2
す,2
ありがたい,2
優れ,2
コンセプト,2
デリバリー,2
プルリクエスト,2
Javascript,2
兼,2
モック,2
手伝っ,2
上位,2
配布,2
幅,2
入場,2
MacbookPro,2
出来,2
児童,2
予想,2
精一杯,2
エ,2
Platform,2
満たし,2
コミックビューア,2
動向,2
）～,2
|,2
自前,2
満たす,2
シティ,2
エッジ,2
健全,2
敷き,2
難易,2
不明,2
テスター,2
部品,2
コンシューマー,2
進化,2
備考,2
在住,2
クリーン,2
直感,2
周,2
時点,2
ごろ,2
達,2
意見,2
注力,2
GraphQL,2
配慮,2
両面,2
ナビゲーションアプリ,2
パー,2
献立,2
最長,2
native,2
だき,2
メールアプリ,2
SMTP,2
IMAP,2
鉄道,2
詳しく,2
クロス,2
SM,2
D,2
表現,2
手掛ける,2
マザーズ,2
リユース,2
やり,2
テストケース,2
出す,2
ionic,2
クローズド,2
オープン,2
ソース,2
書か,2
一般,2
照合,2
うまく,2
懸念,2
実験,2
とりまとめ,2
コンサルタント,2
コロナ,2
フルリニューアルプロジェクト,2
BugFix,2
京都,2
お寺,2
本格,2
禅,2
アフ,2
゚,2
快適,2
主務,2
皆様,2
始動,2
ウェブアプリ,2
マーケットプレイスアプリ,2
立て,2
PDCA,2
まいり,2
運転,2
クラウドシステム,2
業種,2
新車,2
付け,2
通し,2
部門,2
キュレーションアプリ,2
付随,2
行,2
カテゴリ,2
率,2
ペット,2
最前線,2
働く,2
チャットボット,2
異なり,2
存在,2
扱う,2
スキマ,2
覚え,2
み,2
UIUX,2
方々,2
Androidjava,2
不要,2
以内,2
学び,2
モビリティプラットフォーム,2
伝え,2
ママ,2
女性,2
妊娠,2
体,2
食事,2
出力,2
印刷,2
生み出す,2
この世,2
本気,2
伴っ,2
シェアリング,2
OA,2
自然,2
楽器,2
ガ,2
ジェット,2
作曲,2
英会話,2
ソーシャルネットワーク,2
ソーシャルネットワークプロジェクト,2
カメラ,2
見合い,2
帯,2
slack,2
会議,2
来社,2
培っ,2
スマホビジネス,2
ワンストップソリューション,2
作法,2
ストアガイドライン,2
明るい,2
いける,2
アプリエンドエンジニア,2
スマートホームセキュリティアプリ,2
防犯,2
ホーム,2
切り口,2
くらし,2
スマートホームアプリ,2
在籍,2
フルスタックエンジニア,2
順調,2
売上げ,2
分野,2
作り上げる,2
ファッション,2
Andorid,2
クライアントサイド,2
チャットフィクションアプリ,2
エンターテインメント,2
探究,2
心,2
おすすめ,2
枚,2
議論,2
少数,2
精鋭,2
組み合わせ,2
ver,2
多数,2
採点,2
コントロール,2
AndroidStudio,2
バージョン,2
倉庫,2
①,2
②,2
途中,2
人気,2
ツールアプリ,2
挙げ,2
頂けれ,2
集客,2
マーケター,2
代表,2
ライター,2
小規模,2
小学校,2
先生,2
ウェブアプリケーション,2
自律,2
Q,2
チケット,2
良く,2
マイグレーション,2
千葉,2
さがし,2
H,2
フルリモート,2
∟,2
再生,2
BLE,2
伝統,2
産業,2
エネルギー,2
千,2
アプリバックエンド,2
CtoC,2
ハンディ,2
FinTech,2
プロトタイプアプリ,2
代理,2
IF,2
Saas,2
豊か,2
正式,2
勤怠,2
計算,2
労務,2
入る,2
言え,2
メニュー,2
広く,2
スケーラビリティ,2
カウンセリング,2
カウンセラー,2
知り,2
くれ,2
心理,2
熱意,2
サブシステム,2
あなた,2
テキスト,2
素材,2
稿,2
尺,2
サイズ,2
文言,2
あわせ,2
本質,2
目安,2
下さい,2
十分,2
宜しく,2
WebAPI,2
WebCMS,2
EKS,2
ECS,2
Fargate,2
Azure,2
いくつ,2
個々人,2
直近,2
若手,2
MLaaS,2
声,2
合う,2
小中学生,2
大崎,2
09,2
マーケット,2
余白,2
ツアー,2
クライアントサイドエンジニア,2
KPI,2
コミュニケーションアプリ,2
振り分け,2
口座,2
開設,2
残高,2
照会,2
出金,2
同社,2
ICO,2
総合,2
ドライバー,2
Typescript,2
当日,2
来客,2
受付,2
ビルド,2
依存,2
融通,2
割り振ら,2
ソーシャル,2
誇っ,2
ランサーズ,2
kotolin,2
行き,2
RxSwift,2
ビルディング,2
開発元,2
交渉,2
範囲,2
->,2
(+,2
スマートフォンアプリベース,2
すり合わせ,2
具合,2
延長,2
スマホアプリサービス,2
アプリテスト,2
な,2
人口,2
減少,2
スニーカーフリマアプリ,2
遂げ,2
次世代,2
枠,2
to,2
クイックコマース,2
クイックコマースサービスアプリ,2
アニメーション,2
愛知,2
墨田,2
キッティング,2
RPG,2
未来,2
メンテ,2
テクニカル,2
高,2
オフライン,2
アシスタント,2
MT,2
原則,2
品川,2
スクレイピング,2
エクセルデータ,2
フルタイム,2
CakePHP,2
node,2
優遇,2
クライアントサイト,2
Node,2
コンセプトシェアハウス,2
仲間,2
コーダー,2
中野,2
サイエンティスト,2
小学生,2
茅場,2
Vue,2
ワークフローソフト,2
市ヶ谷,2
稼ぎ,2
額,2
在庫,2
CMS,2
４月,2
スクラッチ,2
新人,2
首都,2
圏,2
/：,2
ＩＣＴ,2
テンプレート,2
ERP,2
宇都宮,2
スマートフォンエンジニア,2
船橋,2
php,2
報酬,2
芝公園,2
区内,2
徒歩,2
大門,2
松山,2
修理,2
四ツ谷,2
e,2
Sports,2
文字,2
列,2
見れる,2
基地,2
17,1
22,1
23,1
24,1
25,1
35,1
50,1
80,1
85,1
86,1
90,1
94,1
95,1
98,1
120,1
126,1
300,1
350,1
360,1
400,1
550,1
800,1
890,1
900,1
2000,1
2007,1
2016,1
2018,1
2019,1
2025,1
5000,1
14000,1
20000,1
664960488,1
集,1
水平,1
有料,1
持ち合わせ,1
助言,1
Store,1
Play,1
手続き,1
半年,1
削除,1
前提,1
打ち合わせ,1
信頼,1
確実,1
用語,1
分かり,1
定期,1
過程,1
デメリット,1
見込めれ,1
同型,1
上限,1
対,1
相場,1
解答,1
データベース,1
長め,1
長く,1
余裕,1
合格,1
一助,1
なれる,1
バナー,1
挿入,1
https,1
://,1
apps,1
apple,1
com,1
jp,1
/%,1
%,1
F,1
AA,1
AC,1
BB,1
-%,1
AE,1
AD,1
id,1
シーン,1
プロフィール,1
掲示板,1
リアルタイム,1
メッセージ,1
business,1
交流,1
読み込み,1
従来,1
line,1
アルファ,1
決まっ,1
フラッター,1
フラッターフロー,1
バブル,1
Agora,1
revenuecat,1
firebase,1
S,1
server,1
決め,1
ドメイン,1
figuma,1
ストア,1
金額,1
税,1
抜,1
税込,1
差し引い,1
ワーカー,1
受取,1
自己,1
ポートフォリオ,1
引継ぎ,1
こまめ,1
プロコンシステム,1
ハブ,1
ファイル,1
ASP,1
質量,1
分析計,1
新着,1
Github,1
Backlog,1
Kibera,1
バックオフィスシステム,1
クラウドシフト,1
消防,1
利,1
生命,1
ガバメントクラウド,1
kintone,1
トランザクション,1
防衛,1
船舶,1
航行,1
ノー,1
アプリ・システム,1
運輸,1
月末,1
免税,1
レポート,1
レンタル,1
プリントアウトソーシング,1
GUI,1
PCI,1
DSS,1
つなぐ,1
改,1
クラウドインテグレーション,1
HRT,1
Joy,1
意識,1
デー,1
気象,1
受発注,1
管制,1
学内,1
協,1
働,1
GenieeSDK,1
システムリプレイス,1
工具,1
WinActor,1
制度,1
mobile,1
ア,1
~/「,1
Made,1
in,1
Japan,1
広める,1
ID,1
ける,1
:【,1
キャッシュレスアプリ,1
強み,1
高度,1
応じる,1
遊技,1
情報処理,1
公共,1
アプリフロントエンド,1
半導体,1
異常,1
検知,1
Fab,1
勘定,1
蓄電池,1
ダウンロード,1
要領,1
EUC,1
監査,1
ダッシュボード,1
IBM,1
OpenAI,1
VoIP,1
Androi,1
取り込む,1
SwiftPackage,1
XCFramework,1
TestFligh,1
幸せ,1
あした,1
エナジー,1
理念,1
″,1
一番,1
多彩,1
応え,1
溜池,1
山王,1
ゴルフ,1
トイ,1
BigQuery,1
Looker,1
Data,1
Stackdriver,1
Monitoring,1
Datadog,1
PagerDuty,1
Sentry,1
分け,1
ユ,1
循環,1
加わる,1
申込み,1
該当,1
カスタマーサポート,1
開,1
府,1
貝塚,1
Redis,1
Notion,1
朝会,1
ボード,1
各人,1
確,1
歴史,1
把握,1
見据え,1
Next,1
代行,1
補佐,1
Redwood,1
仮称,1
）　(,1
Rea,1
お客,1
徹底的,1
起点,1
体現,1
プロジェク,1
対面,1
デザイナ,1
-...,1
室,1
現時点,1
非公開,1
平均,1
歳,1
モチベーション,1
タフ,1
向い,1
ブラウザ,1
互換,1
script,1
検出,1
サイトアプリ,1
PostgreSQL,1
SRE,1
%〜】,1
‼/,1
本体,1
サブリーダー,1
不在,1
TestFlight,1
復活,1
クライアントサービスインフラ,1
DELISH,1
KITCHEN,1
CircleCI,1
JIRA,1
Confluence,1
嗜好,1
時価,1
総額,1
事例,1
セルフレジ・セミセルフレジ,1
PayPay,1
Pay,1
券,1
ロール,1
Golang,1
小説,1
育児,1
公営,1
競技,1
coroutine,1
Architecture,1
Components,1
OkHttp,1
Retrofi,1
元々,1
ヘルスケアブロックチェーンゲーム,1
与える,1
視覚,1
障,1
歩行,1
ナビゲーションシステム,1
プレイングマネージャー,1
読み込ん,1
調剤,1
ディスプレイ,1
ZoomSDK,1
ポーティング,1
独力,1
事実,1
ストレスチェックシステム,1
サイネージアプリ,1
サイネージ,1
DBMS,1
組み込ん,1
両方,1
ウォーターフォール,1
バッチ,1
Kintone,1
影響,1
トラッキング,1
アプリ・ユーザ,1
難しい,1
前例,1
記述,1
確保,1
ファームウェア,1
シームレス,1
省庁,1
POC,1
バックエンド・インフラエンジニア,1
Cocos,1
d,1
人物,1
像,1
■...,1
フラット,1
雰囲気,1
Riverpod,1
したて,1
成,1
ユーザーエクスペリエンス,1
容易,1
コ,1
Microsoft,1
HoloLens,1
Vuzix,1
M,1
Moverio,1
BT,1
サン電子,1
AceReal,1
On,1
トレーディング,1
Unreal,1
Engine,1
固有名詞,1
スキャン・デジタルツインアプリケーション,1
スキャン,1
ツイン,1
デジタルツインアプリケーション,1
要,1
期待,1
先行,1
国籍,1
チームリーダー,1
スマホアプリケーション,1
求職,1
派遣,1
エンゲージメント,1
スマホアプリエンジニアオープンポジション,1
福祉,1
お越し,1
シーケンス,1
コンテナ,1
テ,1
照らし,1
合わ,1
MongoDB,1
Neo,1
j,1
Kafka,1
アーキテクト,1
ギャップ,1
T,1
ライブアプリ,1
オペレーター,1
類する,1
分かる,1
大事,1
文章,1
こだわっ,1
書き換え,1
支払い,1
禍,1
崩壊,1
防ぐ,1
体調,1
好き,1
記憶,1
残る,1
創る,1
オンラインクレーンゲームシステム,1
特別,1
ゲームセンター,1
クレーン,1
景品,1
獲得,1
自宅,1
storyboards,1
リニュアル,1
EPM,1
アプリフロント,1
O,1
ジョイン,1
ランチャー,1
ウェブページ,1
遷移,1
プッシュ,1
バス,1
血圧,1
値,1
多種,1
運行,1
Reactnative,1
トップ,1
受ける,1
コラボレーション,1
ブリッジ,1
天気,1
地震,1
台風,1
XR,1
動く,1
空間,1
現実,1
ストーリー,1
物語,1
境目,1
なくし,1
地続き,1
図面,1
SPIDERPLUS,1
優先,1
エンハンスメント,1
有数,1
親会社,1
パフォーマンス・チューニング,1
ニュースサイトアプリ,1
観光,1
グルメ,1
フェイズ,1
片方,1
是非,1
猫,1
生活,1
疑似,1
流行っ,1
似,1
考え方,1
生み出せる,1
共感,1
調べる,1
便利,1
文脈,1
スピーカー,1
思想,1
人間,1
近づけ,1
先回り,1
寄り添い,1
秘書,1
親友,1
つくっ,1
本,1
柱,1
創業,1
大きい,1
メンタルヘルス,1
陣,1
擦り,1
一連,1
等々,1
マーケティングオートメーションプラットフォーム,1
ビッグ,1
大幅,1
増強,1
ジャンル,1
放題,1
ラーニングデータ,1
あり方,1
百貨店,1
レイヤー,1
キャリアポイントカードスマホアプリ,1
ポイントカードスマホアプリ,1
得意,1
行なう,1
関する,1
行わ,1
何,1
ホスティング,1
コミュニティアプリ,1
出産,1
ビッグデータアプリ,1
エクササイズアプリ,1
読めれ,1
体重,1
脂肪,1
テレビ局,1
サーマルプリンター,1
世の中,1
主要,1
データマーケティングプラットフォーム,1
ともない,1
増やし,1
液晶,1
請け,1
持ち物,1
いつ,1
みえる,1
食品,1
レコメンドシステム,1
マネーアプリ,1
中規模,1
着手,1
Git,1
サウンドアプリ,1
流れ,1
アフレコ,1
マイク,1
向かっ,1
話し,1
正しい,1
発音,1
持た,1
ダイエットアプリ,1
記録,1
ファン,1
エコノミー,1
ドリームシェアリングサービス,1
Interface,1
Builder,1
実用,1
迫る,1
ポータルアプリ,1
リファレンス,1
まね,1
スタジアム,1
球場,1
アリーナ,1
施設,1
全,1
格闘,1
決定的,1
瞬間,1
アングル,1
体勢,1
選手,1
リプレイ,1
高く,1
心がけ,1
服装,1
考慮,1
無理,1
いら,1
JR,1
神戸,1
請け負っ,1
続く,1
コミュケーション,1
伺っ,1
子供,1
メディアネイティブアプリ,1
フォト,1
話題,1
専念,1
アクティブ,1
増やす,1
サウンドスマホアプリ,1
排泄,1
ユーザーインサイト,1
リーディング,1
ペイメント,1
Microservices,1
協調,1
インフルエンサーマーケティングプラットフォーム,1
屈指,1
任さ,1
自ら,1
挙げれ,1
文化,1
働ける,1
職場,1
東南アジア,1
器,1
アンドロイドタブレット,1
ナビ,1
USB,1
ジャイロ,1
つくり,1
もっ,1
言い,1
強い,1
装置,1
フィールド,1
勢い,1
ファンド,1
出身,1
外資,1
アナリスト,1
バラエティ,1
富ん,1
プロフェッショナル,1
fluct,1
内外,1
アイテム,1
毎日,1
累計,1
みたい,1
臨機応変,1
固まり,1
アジャイル・スクラム,1
毎年,1
シェアリングアプリ,1
育て,1
手がける,1
見劣り,1
エンターテーメント,1
残,1
残っ,1
エキサイティング,1
記事,1
ｻｰﾋﾞｽｱﾌﾟﾘ,1
ベンダ,1
アプリアップデート,1
サービスローンチ,1
病院,1
領収,1
OCR,1
テイクアウトアプリ,1
配達員,1
３つ,1
会話,1
敏感,1
集合,1
そちら,1
バーチャルアバター,1
グロースハック,1
RFID,1
アクセス,1
SCM,1
ラベル,1
③,1
バーコード,1
読み取り,1
特殊,1
クーポンアプリ,1
アニメ,1
スマートフォンゲームアプリ,1
ライフ,1
サイエンス,1
帳簿,1
概念,1
実証,1
質疑,1
応答,1
スマホアプリゲーム,1
障害,1
台,1
ステージング,1
物理,1
linux,1
CDN,1
駆け付け,1
土地,1
パイオニア,1
外注,1
スケジュール,1
ランニングポータルサイト,1
自発,1
趣味,1
ランニング,1
絶好,1
稀,1
䛾,1
WE,1
プリ,1
次元,1
タイム,1
有,1
所定,1
労働,1
08,1
JapanTaxi,1
最中,1
我々,1
移動,1
ステージ,1
札幌,1
資材,1
出庫,1
保存,1
マーカ,1
読取,1
％,1
SwiftDX,1
openAI,1
ディリ,1
バリー,1
モバイルアプリ・クラウド,1
HCTech,1
感情,1
心拍,1
推定,1
適用,1
有する,1
併せ,1
残業,1
DMM,1
WEBCAMP,1
メンター,1
薬剤師,1
お出かけ,1
DM,1
ネイル,1
Lead,1
SWIFT,1
LeSS,1
Framework,1
横断,1
分かれ,1
PHPReact,1
ストアアプリ,1
リング,1
関西,1
平行,1
にあっ,1
コーワキングスペース,1
コーワーキングマッチングサービス,1
時短,1
*,1
Mobile,1
Leanback,1
Amazon,1
マシン,1
サービスディリバー,1
プロダクマネージャー,1
もらい,1
PowerAppps,1
見つかっ,1
釣銭,1
プリンタ,1
バンキングアプリ,1
スマートフォン・タブレットデバイス,1
TOP,1
go,1
マーケットプレイス,1
スニーカー,1
TensorFlow,1
OpenCV,1
モジュール,1
ユビレジ,1
オーク,1
ション,1
オークションサービスアプリ,1
TDD,1
目線,1
良質,1
バリュエンスグループ,1
動い,1
オークション,1
顔合わせ,1
細分,1
立てる,1
実践,1
いち早く,1
見つけ,1
とっ,1
クロスプラットフォームアプリ,1
簡易,1
ベンダーコントロール,1
医薬,1
沿え,1
Ktolin,1
根幹,1
学生,1
英,1
検,1
TOEIC,1
TOEFL,1
GRE,1
コンビニ,1
«,1
»,1
社風,1
世界一,1
ミ,1
ライ,1
ロード,1
扱っ,1
ダッシュボードアプリ,1
パーソナル,1
南,1
Schoo,1
ACES,1
CocoaPod,1
Carthage,1
++】,1
ウェアラブルスマートバンド,1
協同,1
自転車,1
盗難,1
防止,1
合さ,1
主義,1
差,1
効く,1
民間,1
家庭,1
勉強,1
人生,1
向き,1
あう,1
育てる,1
メディア・アプリ・スクール,1
スーパー,1
二子,1
玉川,1
MacBook,1
故障,1
ST,1
Agile,1
引き継ぎ,1
主導,1
フルリモート・フルフレックス,1
チケットアプリ,1
ハード,1
白金,1
高輪,1
頻度,1
～※,1
多方面,1
広がる,1
駆使,1
ひとつひとつ,1
スニーカーダンク,1
毎月,1
きれ,1
正直,1
SCRUM,1
メタバース,1
Vtuber,1
育む,1
繋ぎ,1
込み,1
ネットスーパーシステム,1
研鑽,1
留まら,1
身,1
つけ,1
KonyVisualizer,1
集め,1
ライフスタイル,1
手掛け,1
正誤,1
判定,1
コマース,1
増進,1
啓蒙,1
HTTP,1
ありえる,1
フルリモ・,1
メディカル,1
01,1
妊,1
パパ,1
届ける,1
置き換える,1
商,1
流,1
単,1
電動,1
マイクロモビリティ,1
組み,1
中身,1
永続,1
発展,1
コーデレビュー,1
打破,1
直接,1
中途,1
作ら,1
作り替え,1
中継,1
バックグラウンド,1
四谷,1
++/,1
Spine,1
モーション,1
AfterEffects,1
#】,1
大人気,1
アニメシリーズスマホ,1
　：～,1
比率,1
神谷町,1
クライアントエンジニア,1
年生,1
東新宿,1
深い,1
引出し,1
至る,1
ワン,1
ストップ,1
奮っ,1
ポータルサイト,1
Oculus,1
SQLite,1
クリニック,1
apex,1
ハイクオリティ,1
交替,1
TL,1
決める,1
スプレットシート,1
マクロ,1
Apps,1
Script,1
共,1
MAU,1
契,1
本社,1
バイク,1
屋,1
ECCUBEn,1
スマホアプリプログラマー,1
ECCUBE,1
Shopify,1
コンカフェ,1
最低限,1
伝える,1
カスタム,1
コンカフェサイト,1
作り直し,1
GAS,1
リファクタリングパートナー,1
請,1
！/,1
Audio,1
音,1
不良,1
各地,1
プラグイン・システム,1
ベテラン,1
ミラー,1
トレード,1
デイタイム,1
服飾,1
レンタルスペースサイト,1
ウェブクローリング,1
財務,1
定型,1
不可,1
港,1
BE,1
Backbone,1
夜間,1
月額,1
ストリーミングサイト,1
ネクストエンジン,1
リスト,1
GPS,1
出退勤,1
ゲームアプリ,1
見合う,1
FPS,1
固定,1
問,1
クイズ,1
出題,1
付き合い,1
関東,1
ランディングページ,1
AVMultiCamPiP,1
Capturing,1
from,1
Multiple,1
Cameras,1
ARN,1
Id,1
楽天,1
渦,1
システムリプレース,1
出品,1
レベルアップ,1
OR,1
スマホネイティブ,1
滋賀,1
大津,1
どれ,1
労力,1
かかる,1
教え,1
日当,1
工事,1
監督,1
麻雀,1
プレイ,1
Reatct,1
マスメディア,1
受入,1
エキスパート,1
かゆい,1
届く,1
Ajax,1
即決,1
スクリプト,1
ハウス,1
ノマド・テレワーク,1
wp,1
laravel,1
スマートフォンシステム,1
インフルエンサーズマーケット,1
礎,1
Full,1
Time,1
システムクラウド,1
BASIS,1
ＤＢ,1
ＤＢＭＳ,1
SF,1
SuccessFactors,1
切実,1
数学,1
切り開く,1
Wanted,1
!!】,1
GIGA,1
構想,1
浅,1
め,1
越境,1
半分,1
BaaS,1
指摘,1
Springboot,1
当面,1
宅配,1
和歌山,1
どちら,1
Claris,1
Filemaker,1
カルテ,1
補完,1
データベースシステム,1
ルビー,1
タイヤ,1
チャットボットサービス,1
ai,1
花,1
代官山,1
etc,1
webRTC,1
PowerShell,1
本業,1
不定期,1
アマゾン,1
VPN,1
⭐,1
Cloud,1
Pyrhon,1
初回,1
責任,1
早い,1
勝ち,1
自由自在,1
電算,1
稼ぐ,1
乗り,1
応対,1
rails,1
国立,1
医学部,1
産学,1
マネ,1
土曜日,1
bsh,1
トラック,1
コミックストア,1
勤,1
原宿,1
SpringBoot,1
門真,1
z,1
Xamarin,1
汐留,1
～）,1
０,1
麹,1
ティラノスクリプト,1
同人,1
サウンドノベルゲーム,1
LiveMaker,1
浦和,1
]　,1
ソーラー,1
扱える,1
熟知,1
one,1
化粧,1
実写,1
Bot,1
WPF,1
運送,1
業者,1
CE,1
ターミナル,1
SPA,1
アセンブラ,1
ゆるい,1
Maya,1
西麻布,1
配線,1
RubyonRails,1
CALL,1
セールス,1
Spring,1
門前仲町,1
月数,1
当たり,1
隣,1
コン,1
サル,1
駒場,1
東大,1
Access,1
コンバート,1
かせる,1
フリー,1
バイナリー,1
聖蹟,1
桜ヶ丘,1
組,1
込,1
潮見,1
AccessVBA,1
ITP,1
アフィリエイトタグ,1
埋め込み,1
クライアントサポート,1
北本,1
デバッガー,1
デバッグ,1
笹塚,1
建設,1
電気,1
技士,1
Sass,1
AS,1
羽,1
ＢＹＯＤ,1
Movable,1
Type,1
Symfony,1
好条件,1
総務,1
川口,1
エントリー,1
国際,1
展示,1
付近,1
〜/,1
mysql,1
事前,1
文京,1
前橋,1
Twillio,1
physon,1
ゲームサーバーエンジニア,1
単発,1
エクセル,1
売上,1
シート,1
クリック,1
弥生,1
セル,1
コピー,1
WelCart,1
項目,1
メルマガ,1
一斉,1
新木場,1
演習,1
新横浜,1
google,1
スプレッドシート,1
見附,1
Optimisation,1
of,1
forex,1
trading,1
prices,1
bootstrap,1
改造,1
Api,1
Gateway,1
DynamoDB,1
～　,1
LINESIX,1
デビュー,1
居住,1
日間,1
祝祭日,1
休み,1
改定,1
iphone,1
近い,1
三田,1
事務所,1
Monaca,1
オフィシャルサイト,1
譲渡,1
益,1
オートメーション,1
虎,1
門,1
メタデータ,1
三,1
茶,1
コーポレート,1
麻布,1
十,1
番,1
大分,1
打ち合わ,1
手伝い,1
高級,1
西新宿,1
駒沢,1
フロントエンドデベロッパー,1
add,1
金沢,1
池尻大橋,1
ウェブエンジニア・プログラマ,1
淀屋橋,1
中学校,1
東,1
駒沢大学,1
変わっ,1
python,1
関数,1
Imagemagick,1
錦糸町,1
今期,1
参入,1
初心者,1
プラグイン・デモサイト,1
フロントエンジニア・マークアップマイスター,1
静的,1
レスポンシブ,1
世田谷,1
ＪＡＶＡ,1
css,1
バックエンド・フロントエンド,1
コミット,1
隙間,1
はんだ,1
うち,1
九段下,1
利か,1
蒲田,1
大手町,1
Design,1
変える,1
通える,1
レスポンシブサイト,1
#　,1
梅田,1
食,1
づくり,1
こえ,1
大須,1
SES,1
本町,1
アフィリエイトシステム,1
レイハウオリ,1
大江戸,1
線,1
赤羽,1
橋,1
そば,1