定番,5096
開発,4653
/,4620
週,4422
日,4394
し,3618
業務,3216
3,2636
フルリモ,2594
サービス,2242
システム,2166
いただき,2067
設計,1930
する,1890
内容,1734
リモート,1732
相談,1644
案件,1583
可,1572
担当,1466
自社,1441
機能,1351
エンジニア,1349
おり,1199
向け,1197
運用,1193
新規,1168
募集,1167
5,1159
PHP,1103
サイド,1084
実装,1080
サーバー,996
プロダクト,963
的,924
ため,919
化,907
いる,902
い,894
Web,870
方,846
詳細,841
企業,835
管理,835
Python,834
概要,797
データ,794
4,792
エンド,791
技術,790
改善,759
事業,743
Java,742
行っ,734
Ruby,712
テスト,706
弊社,705
対応,686
なり,685
バック,681
チーム,663
さ,662
API,617
構築,608
プロジェクト,608
携わっ,607
アプリケーション,606
Go,605
アプリ,583
等,583
今回,558
プラットフォーム,556
既存,550
保守,548
いたし,545
要件,527
利用,526
顧客,520
サーバーサイドエンジニア,517
作成,513
メンバー,509
仕様,504
(,502
支援,501
いただける,496
時,491
実施,491
会社,490
AI,488
),488
者,468
面談,463
改修,454
作業,446
社内,446
ツール,444
大手,438
こと,434
C,433
リード,429
環境,424
リリース,421
～,418
サイト,417
任せ,416
コード,406
調査,403
予定,403
提供,401
主,389
系,385
企画,377
運営,376
中,376
追加,371
ユーザー,370
定義,368
行う,365
お願い,363
れ,362
クライアント,362
経験,360
いただく,360
様,354
フロント,353
分析,352
性,351
関連,348
可能,348
できる,348
レビュー,348
情報,347
頂き,347
側,347
行い,345
連携,342
ある,342
活用,338
使用,322
部分,321
参画,320
あり,318
.,315
業界,314
クラ,312
ウド,312
基本,309
依頼,309
せ,302
メイン,299
1,296
当社,295
-,292
GCP,291
サポート,287
選定,287
領域,285
下記,285
中心,281
用い,279
具体,278
検討,274
想定,274
展開,273
導入,273
課題,272
内,267
WEB,264
現在,260
必要,258
提案,256
サーバ,255
自動,255
アーキテクチャ,253
基盤,250
...,248
検証,247
後,243
書,243
販売,242
EC,240
UI,240
進め,235
複数,227
SQL,227
ポジション,226
AWS,225
各種,224
拡大,224
言語,223
モデル,220
ライブラリ,218
歓迎,215
バックエンドエンジニア,210
上,210
デザイナー,209
仕事,208
調整,208
業,205
工程,204
2,203
画面,203
BtoB,203
担っ,202
継続,202
js,200
医療,199
製造,197
インフラ,195
学習,195
成長,192
向上,192
受託,191
商品,189
スキル,188
++,188
コンテンツ,187
考え,186
ソフトウェア,185
推進,184
制作,184
研究,183
いき,182
人材,178
解決,176
以下,176
コア,175
予測,175
上げ,174
様々,174
オンライン,174
お客様,171
使っ,170
SaaS,169
型,168
規模,168
アップ,168
処理,167
致し,166
いく,165
希望,164
全般,164
多く,163
メディア,163
最適,161
基幹,161
応じ,159
標準,158
テック,156
今後,156
オーナー,156
,,153
よう,153
DevOps,152
Kotlin,150
最大,150
コミュニケーション,150
説明,150
なっ,150
ゲーム,149
ワーク,148
CI,148
グループ,147
フェーズ,147
数,146
名,145
DX,144
ドキュメント,143
採用,142
機械,141
すべて,140
DB,140
バッチ,139
移行,139
小売,139
モデリング,138
サービスディリバリー,138
#,137
立ち,137
一部,136
科学,136
拡張,135
れる,134
マッチング,134
Node,134
稼働,133
デザイン,133
障害,132
通信,131
なる,131
要望,131
脳,131
効率,130
更新,130
アサイン,130
お伝え,130
整理,130
マイクロ,128
ベース,126
用,125
広告,124
在庫,124
一緒,123
教育,123
関わる,122
アジャイル,122
デジタル,121
新しい,121
立案,121
サービスアプリ,121
安定,120
報告,120
整備,120
紹介,119
必須,119
保険,119
Scala,119
いただけ,118
国内,117
製品,117
策定,117
Rails,116
為,116
体制,114
決済,113
リファクタリング,113
検索,112
マーケティング,112
その他,112
フレーム,112
伴い,112
需要,112
社員,111
スタート,111
電子,111
リプレイス,111
予約,110
構成,109
伴う,108
リーダー,108
実現,108
ビジネス,108
結合,108
上記,107
頂く,107
サイエンティスト,107
フル,106
高度,106
本番,106
外部,106
TypeScript,105
動画,105
状況,105
思い,105
リニューアル,104
営業,104
プロセス,104
Laravel,103
リーディング,103
解析,102
ベンチャー,102
クラウドインフラ,102
見積,102
品質,101
確認,101
Unity,100
Vue,99
間,99
クラス,99
目的,99
目指し,98
配信,98
入れ,98
インテグレーション,97
スマホアプリ,97
修正,96
画像,95
プロトタイプ,95
IT,94
視野,94
物流,94
UX,94
幅広い,93
アルゴリズム,93
診断,93
スピード,93
詳しく,93
試験,91
日本,91
モニタリング,91
共同,91
PJ,90
JavaScript,90
プログラム,90
生産,90
パッケージ,90
でき,89
金融,89
他,89
React,89
カスタマイズ,88
総合,88
求め,88
年,87
バージョンアップ,87
合わせ,87
満たし,87
全体,86
特,86
形,86
周り,86
構造,86
条件,86
かいつまん,86
部門,85
計画,85
会員,85
店,83
査定,83
時間,82
世界,82
関係,82
HR,82
動い,82
受発注,82
強化,81
積極,81
法人,80
価値,80
万,80
店舗,80
オークション,80
支える,79
現場,79
ください,79
インター,79
フェイス,79
興味,78
組織,78
発生,78
チャレンジ,78
公開,78
RubyonRails,78
実行,77
月,77
自動車,77
基づい,77
VR,77
コンサルティング,76
コーディング,76
部品,76
問合せ,76
参加,75
将来,75
持っ,74
方針,74
デバイス,74
刷新,73
先,73
要求,73
請求,73
計算,73
級,73
ソリューション,72
機関,72
ソース,72
お話,72
人,71
決定,70
使い,70
可視,69
マネジメント,69
横断,69
度,69
不具合,69
テクノロジー,69
資料,69
含め,69
スクラム,68
制御,68
ヒアリング,68
:,68
自身,68
従事,68
表示,68
on,67
Azure,67
HTML,67
建設,67
クラウドサービス,67
世界中,67
力,66
最新,66
結果,66
施策,66
スマート,66
中核,66
取得,66
給与,66
理解,65
データベース,65
10,64
社会,64
チェーン,64
就業,64
の,64
PoC,64
高い,64
メンテナンス,64
資産,64
物販,64
取引,63
段階,63
不動産,63
一般,63
感,63
行なっ,63
長期,62
維持,62
物,62
アーキ,62
26,61
登録,61
き,61
ミドル,61
意識,61
られる,61
伝票,61
共通,60
現状,60
一貫,60
スタッフ,60
ECS,60
活動,59
場合,59
変更,59
製,58
機器,58
ポイント,58
新た,58
設定,58
活かし,58
D,58
ブロック,58
損害,58
EDI,58
リサイクル,58
ブランディング,58
せる,57
一,57
協力,57
フォン,57
買取,57
扱え,57
効果,56
部,56
勤務,56
<,56
>,56
インターネット,56
カンパニー,56
以上,56
動作,56
ござい,56
統合,56
やすく,56
グロース,55
進捗,55
CMS,55
ウェア,55
執筆,55
醍醐味,55
フロー,55
価格,55
別,54
業者,54
OSS,54
幅広く,53
手,53
含む,53
活躍,53
暗号,53
タクシー,53
タクシーアプリ,53
アプリサービス,53
VI,53
成果,52
協,52
働,52
短期,52
IoT,52
増員,52
インターフェース,52
現行,52
受注,52
PJT,52
SRE,52
配車,52
熟知,52
疾患,52
PF,51
貢献,51
&,51
応募,51
志向,51
OK,50
個人,50
人事,50
評価,50
期間,50
られ,50
問い合わせ,50
関わっ,50
詰め,50
もと,50
済み,50
テクニカルサポート,50
キャリア,49
プログラミング,49
PM,49
収集,49
取り組ん,49
チュートリアル,49
Unreal,49
払い,49
働き,48
出社,48
魅力,48
会計,48
長い,48
受け,48
ネイティブアプリ,48
非常,48
印刷,48
それぞれ,48
Engine,48
アウト,48
以降,47
役割,47
上場,47
上流,47
範囲,47
監視,47
B,47
ML,47
UnrealEngine,47
生鮮,47
独自,46
これ,46
契約,46
Nuxt,46
Android,46
ソフト,46
頂ける,46
Saas,46
発注,46
あたり,46
スパン,46
エンハンス,45
パフォーマンス,45
一気,45
通,45
貫,45
バグ,45
開始,45
分野,45
対象,45
性能,45
CD,45
マルチ,45
切り出さ,45
クライアントサイドエンジニア,45
プロジェク,45
３,44
iOS,44
感じ,44
千,44
金額,44
MR,44
補助,43
求める,43
適切,43
元,43
くれる,43
それ,43
寄与,43
Salesforce,43
案,43
販促,43
固有名詞,43
Auto,43
Tables,43
BQML,43
分配,43
プレゼン,43
問題,42
PC,42
背景,42
Linux,42
版,42
社,42
Tech,42
ローンチ,42
認識,42
印刷物,42
扱っ,42
仕組み,42
7,41
加え,41
見,41
SE,41
アップデート,41
その後,41
２つ,41
スマートフォン・タブレット・ウェアラブルデバイス,41
お話し,41
読み取り,41
①,40
知識,40
一員,40
良い,40
産業,40
最先端,40
意思,40
QR,40
例,40
部署,40
ポータルサイト,40
認証,39
集計,39
代理,39
指示,39
始め,39
候補,39
方式,39
マスター,39
ならび,39
ゴーグル,39
アイトラッキング,39
解除,39
中小,38
優秀,38
多い,38
メーカー,38
視,38
鏡,38
テーマ,38
全て,38
BtoC,38
②,37
経営,37
スタック,37
web,37
体験,37
知見,37
携わる,37
どちら,37
思っ,37
単体テスト,37
EKS,37
場所,36
変革,36
やすい,36
発見,36
エンジニアリング,36
タスク,36
ログ,36
類,36
伺い,36
添える,36
Fargate,36
ダッシュボード,35
いただい,35
担う,35
実績,35
ロボット,35
適正,35
メッセージング,35
23,34
考慮,34
行動,34
程度,34
求人,34
単位,34
作り,34
CSS,34
もの,34
私,34
面,34
Google,34
スマートフォンアプリ,34
気軽,34
システムリプレイス,34
大分,34
レベル,33
セキュリティ,33
オフィス,33
統計,33
toC,33
得,33
携わ,33
自由,33
Jungo,33
繋ぐ,32
ミッション,32
イベント,32
柔軟,32
持ち,32
00,32
取り入れ,32
PG,32
簡単,32
点,32
注目,32
オープン,32
PL,32
持ち込み,32
加工,32
オフショア,31
ニーズ,31
取り組み,31
いずれ,31
地方,31
１,31
申し込み,31
できれ,31
ユーザ,31
プロ,31
モノリシック,31
モジュール,31
声,31
～】,31
イン,31
転職,31
Fintech,31
mysSQL,31
配属,30
回,30
拡充,30
たち,30
スポーツ,30
ビッグ,30
WebAPI,30
スクラッチ,30
レス,30
要員,30
人員,30
知能,30
踏まえ,30
進ん,30
伝統,30
GCE,30
9,29
負債,29
持つ,29
エン,29
併用,29
市場,29
２,29
流通,29
精算,29
バージョン,29
)、,29
上げる,29
ロジック,29
スケジュール,29
帳票,29
アクセス,29
UE,29
視点,28
ネット,28
あれ,28
操作,28
グローバル,28
探し,28
toB,28
蓄積,28
GitHub,28
完了,28
チケット,28
作る,28
項目,28
プロデュース,28
IF,28
東証,28
テレビ,28
自治体,27
NET,27
際,27
アーキテクト,27
ICT,27
そこ,27
更,27
次,27
次世代,27
シフト,27
適性,27
ディレクター,27
検知,27
自然,27
進める,26
団体,26
常駐,26
複雑,26
テキスト,26
基づく,26
OS,26
VB,26
はじめ,26
事,26
なく,26
観点,26
準備,26
こちら,26
MA,26
ユーザビリティ,26
CRM,25
駆使,25
MySQL,25
単体,25
人数,25
Typescript,25
通貨,25
CS,25
申込,25
リー,25
ガル,25
本人,25
会議,25
ない,25
抽出,25
サブシステム,25
前,25
前提,25
見据え,25
エンジン,25
折衝,25
いける,25
勤怠,25
決め,25
映像,25
マイニング,25
自分,25
選択,25
官公庁,24
世の中,24
自ら,24
少数,24
精鋭,24
電話,24
イノベーション,24
売上,24
リソース,24
Cloud,24
並行,24
生活,24
LP,24
作り上げ,24
商用,24
テーブル,24
Perl,24
トラブル,24
定量,24
CM,24
ケース,24
Wordpress,24
遂行,24
スタジオ,24
かかわれる,24
ワールド,24
ワイド,24
取り,23
オペレーション,23
+,23
部隊,23
Oracle,23
議論,23
音声,23
地,23
飲食,23
カメラ,23
周辺,23
派遣,23
ペット,23
創造,23
終了,23
動く,23
臨機応変,23
根幹,23
発信,23
なら,23
色々,23
高める,22
多岐,22
職種,22
証券,22
生成,22
戦略,22
セット,22
VBA,22
他社,22
Javascript,22
工数,22
専任,22
配送,22
Spring,22
幸い,22
内部,22
発展,22
Windows,22
ページ,22
プログラマー,22
把握,22
機,22
パイプライン,22
オンプレ,22
イメージ,22
存じ,22
タイミング,22
Excel,22
お待ち,22
加入,22
DMP,22
ほか,22
層,22
用意,22
マルチプレイ,22
待機,22
ロビー,22
兼ね,22
提,22
行程,22
6,21
100,21
通じ,21
フルリモート,21
トップ,21
何,21
共有,21
公共,21
申請,21
フォーム,21
広く,21
成功,21
原因,21
正社員,21
海外,21
論文,21
急募,21
慣れ,21
実務,21
健康,21
おまかせ,21
ゼロ,21
裁量,21
リサーチ,21
直近,21
とり,21
出来る,21
大量,21
モバイルアプリ,21
送信,21
頂けれ,21
入力,21
局,21
行える,21
人工,21
起こし,21
19,20
Django,20
目指す,20
美容,20
ドメイン,20
],20
多角,20
ベンダー,20
Slack,20
ごと,20
得意,20
モバイル,20
流れ,20
フォロー,20
仮想,20
負荷,20
フィードバック,20
コン,20
サル,20
to,20
特定,20
今,20
改良,20
旅行,20
構想,20
マネージャー,20
SDK,20
入っ,20
バーチャル,20
カフェ,20
専門,19
ネットワーク,19
携わり,19
RPA,19
Docker,19
期,19
群,19
不足,19
LAMP,19
マップ,19
クレジットカード,19
トップクラス,19
全員,19
スケーラビリティ,19
WordPress,19
予算,19
いただけれ,19
手順,19
出力,19
全面,19
ソーシャルゲーム,19
いくつ,19
％,19
UMG,19
最低,19
8,18
30,18
A,18
機会,18
[,18
組み込み,18
net,18
豊か,18
委託,18
フルスタックエンジニア,18
主体,18
HP,18
バックエンドシステム,18
BI,18
装置,18
経過,18
若手,18
走っ,18
キャッシュ,18
QA,18
出し,18
チャット,18
未経験,18
ライブ,18
簡易,18
所,18
労務,18
異常,18
相互,18
煩雑,18
立,18
鑑み,18
専用,18
携帯,18
基地,18
事務所,18
影響,18
熱意,18
HRTech,18
タグ,18
数理,18
素材,18
0,17
20,17
進行,17
シリーズ,17
獲得,17
ワン,17
SPA,17
~,17
協業,17
研修,17
POS,17
人々,17
ノウハウ,17
沿っ,17
一連,17
メール,17
動向,17
頂け,17
繋がる,17
本格,17
ショッピング,17
品,17
ヘルスケア,17
DWH,17
下,17
農業,17
資金,17
接続,17
組ん,17
写真,17
リファクタリングプロジェクト,17
臨床,17
算出,17
工事,17
物件,17
公式,17
実態,17
数値,17
増大,17
18,16
士,16
SNS,16
全国,16
ストップ,16
ハンス,16
介護,16
育成,16
即日,16
施設,16
検査,16
策,16
手法,16
エンターテイメント,16
選考,16
主要,16
注文,16
学校,16
視聴,16
建築,16
スピーディ,16
調達,16
チャットボット,16
在籍,16
倉庫,16
繋げる,16
レポート,16
RoR,16
運送,16
マスタ,16
ディレクション,16
本質,16
仮説,16
ソーシャルアプリ,16
スマートフォン,16
リアルタイム,16
合っ,16
プレゼンテーション,16
理論,16
慣習,16
ASP,15
ショップ,15
タレントマネジメントシステム,15
GUI,15
貸与,15
多様,15
位置,15
*,15
変換,15
４,15
牽引,15
GO,15
まいり,15
ドキュメンテーション,15
消費,15
信頼,15
期待,15
コンテナ,15
報道,15
商社,15
集客,15
遠隔,15
Flask,15
コスト,15
デバッグ,15
望ましい,15
経済,15
クラウドシステム,15
サイエンス,15
ワイヤー,15
初期,15
KPI,15
アプリ・,15
ユース,15
担保,15
見通し,15
詳しい,15
ウェアラブルデバイス,15
高速,15
思考,15
実践,15
学生,15
毎月,15
カルテ,15
変動,15
お客,15
さま,15
T,15
マーケティングソリューション,15
WebCMS,15
スケール,15
手伝っ,15
利,15
BPR,15
クラウドネイティブ,15
主導,14
リプレース,14
パフォーマンスチューニング,14
日々,14
外食,14
フレックス,14
%,14
フロントエンドエンジニア,14
時期,14
国内外,14
なか,14
行わ,14
おすすめ,14
中長期,14
安全,14
観客,14
エンタメプラットフォームアプリ,14
プラットフォームアプリ,14
観戦,14
通り,14
etc,14
ヶ月,14
車両,14
エンタープライズ,14
Net,14
マニュアル,14
製作,14
よく,14
あっ,14
チェック,14
アイデア,14
料理,14
深く,14
コントロール,14
入札,14
個別,14
ネイティブ,14
中古,14
デプロイ,14
自体,14
スマ,14
ホ,14
カウンセリング,14
カバー,14
不要,14
味わっ,14
ヘルス,14
オーナーシップ,14
BFF,14
クオリティ,14
DjangoRestFramework,14
モバイルソリューション,14
生涯,14
取り入れる,14
主力,14
コーポレート,14
分類,14
先行,14
系列,14
依存,14
推定,14
対策,13
図り,13
解消,13
以外,13
挑戦,13
工場,13
RPG,13
学び,13
創出,13
汎用,13
クライアントメディア,13
#】,13
人口,13
最初,13
保有,13
エラー,13
積む,13
新しく,13
形式,13
└,13
立場,13
ターゲット,13
日次,13
都度,13
ETL,13
意見,13
センター,13
窓口,13
ソースコードレビュー,13
係る,13
経理,13
銀行,13
ディーリング,13
プラント,13
板金,13
たくさん,13
ウェアラブル,13
定期,13
形状,13
要素,13
普及,13
両方,13
下さい,13
マーケットプレイスアプリ,13
サーバーサイド・フロントエンド・インフラストラクチャ,13
テンポ,13
ディープラーニング,13
集め,13
シューティング,13
弁護士,13
高まり,13
99,12
強み,12
購買,12
NFT,12
マインド,12
#/,12
人物,12
福祉,12
頻度,12
プロフェッショナル,12
集団,12
方法,12
発揮,12
Platform,12
SEO,12
目線,12
病気,12
スクリプト,12
控え,12
or,12
小規模,12
次第,12
当初,12
SI,12
カスタマーサポート,12
＃,12
_,12
ファイル,12
代行,12
迎える,12
豊富,12
アパレル,12
編集,12
生保,12
存在,12
伴っ,12
ブラッシュ,12
REST,12
下流,12
制,12
売買,12
異なり,12
完成,12
プライシング,12
R,12
こだわっ,12
BIM,12
プラグインソフトウェア,12
纏め,12
グーグルフォーム,12
Elasticsearch,12
android,12
楽しん,12
スマホデバイス,12
保存,12
プリセールス,12
責任,12
発送,12
問い,12
教材,12
クラウドサービスベンダー,12
疎通,12
話し合う,12
風通し,12
投信,12
約定,12
大学,12
ドライブ,12
付け,12
走り,12
法律,12
配分,12
英会話,12
pingfederate,12
有機,12
結びつい,12
フルリモ・,12
投資,11
つなぐ,11
発行,11
住宅,11
進化,11
着実,11
形態,11
テンプレート,11
加速,11
エネルギー,11
指導,11
意欲,11
回数,11
代表,11
軸,11
スムーズ,11
No,11
SpringBoot,11
増加,11
製薬,11
アウトプット,11
空間,11
MTG,11
入る,11
シナリオ,11
東京,11
無い,11
タイトル,11
電力,11
該当,11
付随,11
レコード,11
済,11
オーダー,11
ロード,11
これら,11
使う,11
患者,11
提示,11
状態,11
サービスグロース,11
生命,11
③,11
決まっ,11
毎,11
000,11
メンバ,11
定例,11
統一,11
革新,11
うち,11
本,11
プロモーション,11
指針,11
プラグ,11
OCR,11
アニメーション,11
講師,11
更改,11
書籍,11
まとめ,11
しる,11
laravel,11
成す,11
ElasicSearch,11
完結,11
ビジネスマッチングアプリ,11
重用,11
作っ,11
プロトタイピング,11
大型,11
キャラクター,11
カウンセラー,11
MicrosoftAzure,11
面接,11
枠,11
ボトルネック,11
AR,11
売却,11
カスタマーサクセス,11
経費,11
頂い,11
シーン,11
MD,11
資材,11
答える,11
むけ,11
手動,11
取締役,11
由来,11
母集団,11
各部,11
署,11
サービスサーバーサイドエンジニア,11
SAML,11
OIDC,11
同業,11
到着,11
セルフオーダー・セルフレジ,11
専門医,11
英知,11
流用,11
11,10
2024,10
比較,10
増やす,10
促進,10
大きく,10
さまざま,10
判定,10
測定,10
個,10
特徴,10
シェア,10
財務,10
商談,10
上位,10
SIer,10
S,10
マイル,10
ストーン,10
受付,10
タメ,10
++/,10
対話,10
モノ,10
FinTech,10
購入,10
次期,10
億,10
Aurora,10
場,10
記述,10
計測,10
近く,10
ブランド,10
通販,10
メルカリ,10
Git,10
つき,10
サブ,10
CTO,10
もっ,10
わたり,10
多数,10
トラッキング,10
Backend,10
備考,10
FX,10
扱う,10
アクション,10
コンシューマー,10
搭載,10
宅配,10
スクール,10
図,10
打ち合わせ,10
車,10
ライフスタイル,10
文言,10
手伝い,10
検出,10
チューニング,10
レガシー,10
デスク,10
最終,10
精度,10
出資,10
SFA,10
言わ,10
浸透,10
車載,10
媒体,10
通し,10
インテリジェンス,10
学術,10
カラオケ,10
インタラクティブ,10
目安,10
データドリブン,10
うる,10
フォークリフト,10
データドリブンシステム,10
役に立つ,10
カット,10
Transact,10
心理,10
17,9
50,9
子育て,9
保育,9
求職,9
追求,9
加盟,9
掲げ,9
像,9
取り組める,9
++】,9
実証,9
誇る,9
携われ,9
プライム,9
続ける,9
･,9
CakePHP,9
主軸,9
割,9
パートナー,9
拠点,9
),,9
取り込ん,9
光学,9
アバター,9
便利,9
件,9
Golang,9
移植,9
それら,9
iPhone,9
打合せ,9
課金,9
てる,9
やり,9
メニュー,9
随時,9
す,9
積める,9
自宅,9
訓練,9
員,9
スタイル,9
重視,9
カバレッジ,9
応用,9
活,9
目,9
正式,9
SW,9
副業,9
都市,9
回答,9
モール,9
経由,9
密,9
出品,9
双方,9
顕微鏡,9
優先,9
月次,9
マイ,9
安心,9
Splunk,9
通話,9
閲覧,9
引継ぎ,9
アナリスト,9
スマートフットウェア,9
すり合わせ,9
活性,9
出版,9
ローン,9
サーバサイドエンジニア,9
創業,9
特許,9
アプリエンジニア,9
英語,9
System,9
分,9
完全,9
客,9
社外,9
体,9
あわせ,9
在宅,9
地図,9
グラフ,9
投入,9
展示,9
大胆,9
与え,9
オンコール,9
選択肢,9
クライアントサイド,9
サーバーサイドシステム,9
120,8
直接,8
Redis,8
注力,8
生かし,8
ベスト,8
python,8
一元,8
ビジョン,8
超える,8
やり取り,8
繋ぎ,8
さん,8
初日,8
保証,8
業種,8
おける,8
ニュース,8
専属,8
Swift,8
コンサルタント,8
サプライ,8
シンプル,8
日常,8
週間,8
近い,8
おこなっ,8
容量,8
込,8
まとめる,8
町,8
ライン,8
オリジナル,8
適用,8
対面,8
ハードウェア,8
PostgreSQL,8
ストラクチャ,8
GitLab,8
古い,8
地域,8
置き換える,8
外国,8
限定,8
整っ,8
プラン,8
作ら,8
問わ,8
キャッチ,8
距離,8
担える,8
請け,8
ジョイン,8
Actions,8
医師,8
モダン,8
組み合わせ,8
署名,8
反映,8
使わ,8
基,8
担い,8
システムエンジニア,8
ネイル,8
エンゲージメント,8
稿,8
取り組む,8
戦力,8
ベータ,8
レイアウト,8
方々,8
軽微,8
ER,8
BigQuery,8
FileMaker,8
確定,8
EDR,8
アラートログ,8
定性的,8
負,8
メディアコンサル,8
転送,8
商店,8
救う,8
治験,8
サービ,8
み,8
サブスクリプション,8
合う,8
Terraform,8
実験,8
タイプ,8
指定,8
手掛け,8
格納,8
アド,8
ビジネスインテリジェンスツール,8
略,8
内外,8
最大限,8
ポータル,8
コール,8
英単語,8
一覧,8
事務,8
外資,8
Tableau,8
リッチ,8
深層,8
CX,8
ドライバ,8
組成,8
お手伝い,8
まわり,8
筐,8
バーチャルライブプラットフォーム,8
ウェディング,8
レストラン,8
COBOL,8
Lerning,8
Management,8
AASD,8
知,8
財,8
描か,8
ソリューション・アウトソーシング,8
出勤,8
プロトタイプアプリ,8
知り,8
くれ,8
あなた,8
12,7
560,7
音楽,7
手掛ける,7
開,7
スキマ,7
サイズ,7
Microsoft,7
SES,7
顔,7
配置,7
重要,7
確保,7
無く,7
ハイブリッド,7
づくり,7
発,7
W,7
テレワーク,7
判断,7
生み出す,7
姿勢,7
膨大,7
量,7
Flutter,7
加わる,7
F,7
補充,7
⇒,7
ウェブアプリケーション,7
アドオン,7
パー,7
文書,7
マッチングアプリ,7
配布,7
移動,7
カート,7
フィット,7
ステーク,7
ホルダー,7
生徒,7
連絡,7
組み,7
商,7
FW,7
タブレット,7
習得,7
見直し,7
ToB,7
出来,7
病院,7
トレンド,7
ユニット,7
同士,7
一括,7
運転,7
ホテル,7
出店,7
分業,7
受入,7
新卒,7
Kubernetes,7
クリエイティブ,7
ゆくゆく,7
トレーディング,7
IaaS,7
④,7
⑤,7
MLOps,7
グルメ,7
サイトエンハンス,7
見つけ出し,7
もらう,7
ビデオ,7
䛾,7
軽減,7
見積もり,7
事前,7
マネー,7
フェイズ,7
サブスクリプションモデル,7
検品,7
ex,7
エフェクト,7
ポート,7
本社,7
アノテーション,7
置き換え,7
薬剤師,7
行政,7
アーキテクチャー,7
支払,7
クラウドファンディングサービス,7
Framework,7
化粧,7
クレジット,7
活かす,7
Angular,7
嬉しい,7
見える,7
データウェアハウス,7
当該,7
セールス,7
いらっしゃい,7
二つ,7
デベロッパー,7
取次,7
過程,7
最小限,7
減らし,7
パラメータ,7
デプロイパイプライン,7
定式,7
設備,7
リゾート,7
披露宴,7
引出物,7
オンプレミスサーバー,7
サービスサイトリプレイス,7
収益,7
MVP,7
コーチング,7
言え,7
覚え,7
同席,7
40,6
60,6
140,6
保護,6
新旧,6
クラウドファンディング,6
ID,6
◾,6
好き,6
接客,6
リアル,6
レジ,6
かかわる,6
創る,6
チームリーダー,6
アラート,6
事項,6
進め方,6
有名,6
込み,6
力添え,6
会話,6
年間,6
スーパー,6
組,6
M,6
ソフトウエア,6
正常,6
終わり,6
テストケース,6
回せる,6
よい,6
レポーティング,6
コラボレーション,6
式,6
幅,6
目標,6
!,6
稼動,6
JAVA,6
先端,6
教師,6
薬局,6
切り替え,6
代,6
Next,6
能動,6
業績,6
レンタル,6
速度,6
受け入れ,6
増え,6
落札,6
探せる,6
速報,6
ST,6
マイコン,6
アダプタ,6
シニア,6
出荷,6
漫画,6
入社,6
超,6
商標,6
論理,6
培っ,6
一番,6
とき,6
一人称,6
区,6
GC,6
App,6
掲載,6
やりがい,6
マーケター,6
オンラインクレーンゲームシステム,6
ゲームセンター,6
クレーン,6
景品,6
定型,6
促す,6
コミット,6
入金,6
ランキング,6
表現,6
",6
グルメサイトエンハンス,6
立ち上がる,6
多種,6
CDP,6
アドバイザー,6
広範囲,6
割け,6
デジタルソリューション,6
新薬,6
被験者,6
同意,6
ス,6
集,6
取,6
オーダーシステムサービス,6
雇用,6
ブラウザ,6
MLops,6
エッジ,6
仕入れ,6
CAD,6
品等,6
受領,6
そちら,6
固まっ,6
基準,6
フィジビリティ,6
サロン,6
模索,6
コミュニティ,6
類似,6
ネイルサービス,6
ネイルサロン,6
抱える,6
質,6
大幅,6
以来,6
卸売,6
端末,6
円滑,6
出す,6
JS,6
個々人,6
ホームページ,6
質問,6
生じる,6
率,6
E,6
テレ,6
損保,6
I,6
不問,6
勢い,6
誰,6
≪,6
≫,6
H,6
実機,6
織り,6
交ぜ,6
密接,6
ERP,6
百,6
スプレッドシート,6
セールスフォース,6
Apex,6
次元,6
PyTorch,6
torchvision,6
pytorch,6
image,6
models,6
mmcv,6
mmdetection,6
vissl,6
エージェント,6
ポートレート,6
側面,6
▶,6
尺,6
過去,6
コンビニ,6
請負,6
180,5
監査,5
導く,5
応じる,5
支出,5
徹底的,5
高め,5
至る,5
量販,5
PV,5
こみ,5
円,5
快適,5
高等,5
Redmine,5
予想,5
等々,5
走,5
！/,5
楽しめる,5
フリマアプリ,5
CUBE,5
本部,5
休憩,5
rails,5
メガ,5
PKG,5
職務,5
親会社,5
タイム,5
アドバイス,5
補足,5
ジュニア,5
飯田橋,5
工夫,5
++、,5
ガス,5
自律,5
サーバーレスアーキテクチャ,5
超え,5
紙,5
)/,5
家庭,5
本体,5
種類,5
もらい,5
プランナー,5
家,5
先生,5
落とし込み,5
記載,5
アーキテクティング,5
エンドクライアント,5
割合,5
室,5
記録,5
累計,5
従う,5
Amazon,5
誌,5
ガイド,5
レイヤー,5
Lead,5
原則,5
記事,5
打ち合わ,5
ション,5
分担,5
メーカ,5
SAP,5
リスト,5
アルバイト,5
報酬,5
インタフェース,5
コントロールプレーンネットワークファンクションノード,5
カスタマーサポートチーム,5
厳しい,5
アニメ,5
変わる,5
交通,5
中日,5
サーバサイドプログラム,5
貿易,5
フロントエンド・バックエンド,5
応え,5
テックリードソフトウェアエンジニア,5
役,5
TV,5
集約,5
セキュア,5
シェル,5
HTTP,5
正規,5
納品,5
サブスクリプションサービス,5
決算,5
設立,5
見込ん,5
クラウドソーシングサービス,5
⑥,5
レコメンデーション,5
増やし,5
カジュアル,5
是非,5
陣,5
トラフィック,5
※(,5
アーキチーム,5
航空,5
コンシューマ,5
java,5
順位,5
ios,5
フルリニューアル,5
昨年,5
本件,5
ルール,5
通知,5
システムリプレース,5
所定,5
遅延,5
中国,5
食品,5
文字,5
クリニック,5
マイグレーション,5
ビックデータ,5
適宜,5
ファッション,5
異なる,5
取り扱う,5
絵,5
取り扱い,5
アフィリエイト,5
達,5
働く,5
ミーティング,5
Deep,5
案内,5
小中学生,5
書く,5
メンテ,5
物理,5
登用,5
ゲームアプリ,5
新聞,5
受講,5
アカウント,5
【.,5
併せ,5
git,5
職人,5
長年,5
出金,5
賃貸,5
中規模,5
EX,5
仲介,5
Script,5
就職,5
リリー,5
スチーム,5
所属,5
同時,5
見込ま,5
プランニング,5
平日,5
再生,5
ストーリー,5
最寄駅,5
RDB,5
一つ,5
UNIX,5
職,5
Shell,5
物体,5
サンプル,5
オンラインギフトプラットフォーム,5
カンタン,5
中流,5
詰める,5
レイヤ,5
国際,5
LPO,5
EFO,5
デジタルアドエージェンシー,5
有,5
届け,5
salesforce,5
ともなう,5
　～　,5
大小,5
ブランチ,5
Glue,5
バックエンド,5
NDA,5
非公開,5
（～,5
都,5
カ月,5
<<,5
>>,5
MLaaS,5
レジャー,5
か月,5
ECU,5
XR,5
看護,5
15,4
45,4
400,4
保育園,4
金,4
新着,4
改革,4
認可,4
認,4
ブロックチェーンゲーム,4
マーケットプレイス,4
組み込ん,4
短時間,4
POC,4
ローカル,4
タレント,4
マネジャー,4
両立,4
基礎,4
審査,4
語,4
スプリント,4
jQuery,4
しまっ,4
兆,4
渋谷,4
優れ,4
先進,4
コンバージョン,4
お金,4
スピーディー,4
満足,4
考案,4
h,4
‼】,4
未来,4
心,4
Boot,4
ウォーターフォール,4
自己,4
エンターテインメント,4
無料,4
持続,4
おかげ,4
受け渡し,4
法務,4
アメリカ,4
トレーニング,4
直,4
洗い出し,4
Gin,4
kintone,4
一環,4
駐車,4
WF,4
基づき,4
(※,4
若い,4
事象,4
貸し,4
カスタム,4
深い,4
本来,4
法,4
組込み,4
出庫,4
ビューア,4
撮影,4
感じる,4
難しい,4
ダイレクト,4
DDD,4
子会社,4
マッチ,4
６,4
寄り,4
オートメーション,4
組合,4
学ぶ,4
ならでは,4
我々,4
ディスカッション,4
読み解き,4
Backlog,4
ロール,4
ゴール,4
おこなえる,4
スマートコントラクト,4
実感,4
ところ,4
変化,4
書か,4
Github,4
全文,4
得る,4
応答,4
支払い,4
付加,4
単価,4
手段,4
十,4
MongoDB,4
初,4
仕,4
映画,4
決裁,4
リーダ,4
モビリティサービス,4
CircleCI,4
マーケット,4
精通,4
ｷｬﾘｱ,4
LINE,4
デリバリー,4
Lambda,4
PDF,4
生損保,4
持ち帰っ,4
人気,4
不明瞭,4
人間,4
つくっ,4
ウェブサービス,4
防止,4
介し,4
＃】,4
講義,4
カリキュラム,4
伝え,4
最高,4
プロダクション,4
福利,4
厚生,4
テスター,4
送金,4
オンラインウォレット,4
削除,4
GW,4
コマンド,4
レコメンド,4
お気に入り,4
履歴,4
UT,4
カード,4
Manager,4
ビルディング,4
マーケ,4
土台,4
ライセンス,4
望め,4
夜間,4
通用,4
転換,4
設置,4
会,4
出席,4
DSL,4
各々,4
リハーサル,4
連続,4
モニターアライアンス,4
ゼロイチフェーズ,4
融合,4
任せる,4
パネル,4
コーディネート,4
ブロックチェーントークン,4
チャート,4
フルスタック,4
ハイ,4
提携,4
大都市,4
シェアリング,4
少なく,4
プログラマ,4
育児,4
of,4
復旧,4
再発,4
ライフメディアプラットフォーム,4
データ・ドリブン,4
開設,4
呼び出す,4
デスクトップアプリ,4
互換,4
急速,4
器,4
繁栄,4
繁盛,4
ニュー,4
ノーマル,4
ゼロトラストソリューション,4
割り振り,4
GPU,4
聞い,4
税理士,4
大まか,4
開催,4
描画,4
薬,4
歴,4
フサーバーサイド,4
期日,4
アライアンス,4
OMR,4
マーク,4
読取,4
材,4
おら,4
放送,4
RESTful,4
日本語,4
～）,4
やっ,4
一体,4
マンション,4
削減,4
トータル,4
リプレイスプロジェクト,4
動き,4
自発,4
かけ,4
見越し,4
鉄道,4
後方,4
パワポ,4
excel,4
書ける,4
従業,4
仲間,4
交換,4
Native,4
データマーケティングプラットフォーム,4
球,4
要,4
スマホサーバ,4
取り持つ,4
AP,4
描い,4
スマホ,4
ゴルフ,4
取り込み,4
Learning,4
Blockchain,4
工作,4
答え,4
ドリブン,4
やる気,4
配下,4
手配,4
とおり,4
取っ,4
塾,4
需給,4
メジャー,4
予防,4
スコア,4
手数料,4
債権,4
ラボ,4
スペース,4
始まっ,4
CtoC,4
売り上げ,4
積ん,4
大人気,4
土日,4
協調,4
伸ばし,4
職場,4
応,4
支持,4
早く,4
バトル,4
困難,4
IC,4
)。,4
願書,4
出願,4
HRtech,4
読み込み,4
パソコン,4
有識者,4
CSV,4
SP,4
明るく,4
楽しい,4
髪型,4
良質,4
マクロ,4
訪問,4
書き,4
駅,4
flow,4
加わっ,4
コンピュータ,4
⾏,4
OpenCV,4
Store,4
Play,4
まし,4
フォーマット,4
無人,4
デバック,4
統括,4
，,4
信託,4
汲み取り,4
改定,4
前後,4
受け取っ,4
メイド,4
マーケティンク,4
゙,4
回線,4
ロボティクス,4
外,4
#/.,4
先方,4
ToBe,4
学べ,4
属人,4
落とし込む,4
モビリティーサブスクリプションサービス,4
定額,4
マイカー,4
Pythpn,4
グレード,4
認知,4
喚起,4
プレー,4
クラウドインテグレーション,4
服装,4
続け,4
13,3
500,3
2019,3
2021,3
2022,3
2025,3
5000,3
活かせ,3
Slim,3
クリエイター,3
能力,3
具,3
近年,3
JP,3
暮らし,3
結びつける,3
短期間,3
トータルサポートシ,3
ナレッジプラットフォーム,3
幸せ,3
コンポーネント,3
GraphQL,3
デジタルトランスフォーメーション,3
従来,3
圧倒的,3
変え,3
Rust,3
皆様,3
努め,3
卒業,3
大人,3
二,3
経路,3
短い,3
伴走,3
共,3
労働,3
Forbes,3
JAPAN,3
選出,3
新進,3
気鋭,3
飛躍,3
オンサイト,3
人月,3
動かし,3
元請け,3
つながり,3
順調,3
遂げ,3
P,3
位,3
分散,3
Springboot,3
つくる,3
渡る,3
費用,3
支え,3
リードバックエンドエンジニア,3
頃,3
基板,3
サイネージ,3
大阪,3
望む,3
いっ,3
コミック,3
お力,3
Sier,3
屋,3
セルフ,3
健,3
診,3
出張,3
改正,3
料金,3
工,3
程,3
#、,3
共感,3
非同期,3
ネス,3
面白,3
キャンペーン,3
アノテーションツール,3
..,3
預かり,3
フリーランス,3
本気,3
感情,3
資格,3
したい,3
身,3
取れる,3
届ける,3
少ない,3
アプローチ,3
切替,3
高校,3
児童,3
雰囲気,3
モーター,3
RSpec,3
受け取り,3
キング,3
突破,3
ボード,3
EM,3
ます,3
ヘッド,3
マネージャ,3
クローラー,3
件数,3
シティ,3
レコメンドエンジン,3
文脈,3
新大阪,3
高,3
Studio,3
logcat,3
ホスティング,3
PDCA,3
言い,3
PdM,3
初動,3
オーク,3
－,3
中継,3
化学,3
定常,3
関心,3
脆弱,3
家族,3
アプリデータ,3
EdTech,3
Smarty,3
研究所,3
メタデータ,3
繰り返す,3
途中,3
クーポンアプリ,3
スマートフォンゲームアプリ,3
限り,3
コンペティション,3
バーションアップ,3
後進,3
いう,3
ふるさと,3
納税,3
きれ,3
良く,3
ruby,3
#.,3
基軸,3
アウトソーシング,3
ポートフォリオ,3
アイドル,3
連係,3
株式,3
シナリオライター,3
Lob,3
Log,3
リプレイス・,3
伸び,3
Dev,3
半分,3
買う,3
観光,3
グラフィック,3
ビジュアル,3
固定,3
助け,3
POP,3
売価,3
属性,3
Product,3
あい,3
アジリティ,3
メインアーキ,3
システムデザインプロジェクト,3
トランザクション,3
およぶ,3
フロントエンドサーバー,3
OAuth,3
Keycloak,3
ゼネコン,3
Windous,3
利益,3
クレカ,3
払,3
戻,3
帯,3
アドバイザリーチャットポット,3
アート,3
切り分け,3
AgriTech,3
サーバーサイドエンドエンジニア,3
コンシェルジュ,3
クーポン,3
webAPI,3
コンシューマーゲーム,3
詰まっ,3
アカウントポータル,3
ポスト,3
シェーダ,3
適応,3
リスク,3
メンタルヘルス,3
FAT,3
exFAT,3
敷か,3
理系,3
割り振っ,3
現実,3
ケア,3
欠員,3
リプレースプロジェクト,3
込ま,3
縮小,3
ヘルスケアテック・スタートアップ,3
フィットネス,3
ガイドアプリ,3
アプリデザイン,3
ニアエル,3
仕分け,3
広範,3
コロナ,3
高まっ,3
足り,3
Legal,3
条文,3
動産,3
兼,3
公的,3
b,3
api,3
手がけ,3
広報,3
システム・スマートフォンアプリ・データ,3
見込み,3
口コミ,3
配慮,3
細かい,3
競技,3
若干,3
コスメ,3
Athena,3
抱く,3
フロントエンドエ,3
オンプレミス,3
最低限,3
イントラネット,3
見積り,3
大丈夫,3
推し進める,3
一定,3
知名度,3
インストール,3
システムアプリ,3
棚卸し,3
国籍,3
アジア,3
ヨーロッパ,3
サーバーサイドアプリケーション,3
オーディオ,3
試行錯誤,3
道路,3
触れる,3
Social,3
起点,3
投稿,3
単純,3
ワークフローシステム,3
輪番,3
エントリー,3
データマート,3
Spark,3
分かる,3
開拓,3
ウォレット,3
生,3
始まり,3
IPO,3
疑似,3
含ま,3
ファンド,3
データサイエンスプラットフォームサービス,3
参考,3
出,3
バス,3
またがる,3
原価,3
プリペイドカード,3
援,3
セミナー,3
自信,3
アーム,3
高校生,3
センサー,3
老朽,3
AS,3
Apache,3
文化,3
準拠,3
レスポンス,3
ストレージ,3
クローリング,3
個所,3
スピードアップ,3
読ん,3
移管,3
リング,3
大切,3
音,3
入れる,3
スマホアプリエンジニア,3
スキャン,3
連動,3
動,3
FPGA,3
IaC,3
とらわれ,3
データレイク,3
見れる,3
新設,3
御座い,3
アプリーケーション,3
細か,3
宿泊,3
切り出す,3
ー,3
存分,3
文章,3
やりとり,3
購読,3
つなぎ,3
クオリティチェック,3
オフショアメンバ,3
独立,3
現時点,3
無線,3
則っ,3
リグレッションテスト,3
重量,3
置い,3
複合,3
オンボーディングプラットフォーム,3
コーダ,3
カム,3
Menu,3
MW,3
フロントエンド・サーバーサイド,3
かかる,3
制約,3
ＵＴ,3
ステップ,3
テナント,3
クローズド,3
ヘルプ,3
バックアップ,3
明確,3
Snowflake,3
テクニカルアーティスト,3
コンタクト,3
誇っ,3
武器,3
電機,3
FAQ,3
関わり,3
ファン,3
見つける,3
パーツ,3
レスポンシブ,3
当面,3
アプリチーム,3
定着,3
アバターアイテム,3
着用,3
衣装,3
小物,3
スキニング,3
Maya,3
ノイズキャンセリング,3
リップ,3
シンク,3
歌唱,3
ボイス,3
リース,3
起票,3
品川,3
定時,3
mysSQ,3
プロダクトオーナ,3
Win,3
扱い,3
データモデル,3
サイト・リプレースプロジェクト,3
インプット,3
点検,3
サービスディリバー,3
COMPANY,3
箇所,3
FFMpeg,3
Ansible,3
SQLAlchemy,3
AirFlow,3
Ceph,3
共鳴,3
減らす,3
コーチングサービス,3
日程,3
コーチ,3
version,3
up,3
シミュレータ,3
⾦,3
融,3
経歴,3
絡ん,3
ショッピングカートサービス,3
Proof,3
Concept,3
　(,3
PR,3
数数,3
ジョブ,3
UiPath,3
催事,3
コンベンション,3
宣伝,3
パンフレット,3
ノベル,3
ティー,3
割り当て,3
修得,3
/.,3
キャディ,3
定性,3
LIVE,3
採点,3
Rubys,3
フリーミアム,3
言える,3
EmotionTech,3
AUTOSAR,3
MDM,3
AsIs,3
GRANDIT,3
棲み,3
分け,3
xR,3
家電,3
オペレーター,3
ビルド,3
カバレッジツール,3
GCOV,3
LCOV,3
静的,3
QAC,3
授受,3
ペーパー,3
師,3
コメディカル,3
歯科,3
唯一,3
かご,3
対,3
三つ,3
デンソーアジャイル,3
都庁,3
強固,3
整え,3
マテリアルプラットフォーム,3
ライフサイクル,3
MAU,3
16,2
70,2
80,2
90,2
160,2
200,2
2007,2
2017,2
2023,2
技,2
医学,2
ネイリスト,2
シームレス,2
ト,2
！[,2
トー,2
クン,2
FiNANCiE,2
インパクト,2
与える,2
中堅,2
サ,2
株式会社,2
チームウィル,2
歩,2
幸福,2
実利,2
RAG,2
精密,2
見合い,2
Mac,2
理想,2
markdown,2
店頭,2
図っ,2
月間,2
グロースフェーズ,2
画,2
Sass,2
故障,2
Power,2
クラウドセキュリティソリューション,2
仙台,2
深め,2
エンゲージメントプラットフォーム,2
取りまとめ,2
テクニカル,2
根本,2
恒久,2
所有,2
フルスクラッチ,2
呼ば,2
ヵ月,2
急増,2
徹底,2
配,2
#),2
オペレーションアウトソーシング,2
好奇,2
メタバース,2
各所,2
PLSQL,2
c,2
ブラックボックス,2
いこ,2
来,2
初回,2
最寄り駅,2
もつ,2
落とし,2
始まる,2
練習,2
楽しく,2
習熟,2
のち,2
SQLServer,2
手間,2
Tailwind,2
Dart,2
最大手,2
Application,2
社内外,2
LMS,2
古く,2
上級,2
TB,2
リアーキテクチャ,2
‼/,2
ツリー,2
パーキング,2
クライアントエンジニア,2
[",2
",",2
"],2
01,2
休日,2
祝日,2
書類,2
四ツ谷,2
つない,2
BaaS,2
溶接,2
打点,2
ハンディアプリ,2
エンハンスメント,2
キー,2
返済,2
ドリ,2
Ubuntu,2
日数,2
可否,2
）...,2
計,2
輸入,2
検眼,2
眼鏡,2
組合わ,2
駆動,2
商業,2
虎ノ門,2
緊急,2
G,2
VC,2
MFC,2
筋,2
年内,2
間近,2
読者,2
月末,2
警備,2
gRPC,2
見込む,2
サイクル,2
パターン,2
終え,2
投げ,2
Selenium,2
電気,2
EV,2
もらえる,2
調剤,2
長期間,2
在住,2
駐在,2
オンボーディング,2
不明,2
子供,2
PCI,2
DSS,2
補佐,2
とも,2
デプロイメント,2
nd,2
限ら,2
推し進め,2
好調,2
一丸,2
流,2
婚,2
スライド,2
オフライン,2
以,2
行く,2
回り,2
‧,2
深堀,2
聴き,2
=,2
触り,2
校,2
くださる,2
及,2
CAN,2
特権,2
重工業,2
RestAPI,2
使,2
マンガ,2
わけ,2
女性,2
難易,2
Express,2
コンテンツマネジメントシステム,2
多彩,2
８,2
知的,2
PO,2
頻繁,2
某社,2
Sitecore,2
昨今,2
/...,2
Core,2
即し,2
迅速,2
相場,2
取込み,2
引き継ぎ,2
浅い,2
アセスメント,2
違い,2
Jenkins,2
文京,2
フード,2
イチ,2
エンタテインメント,2
変える,2
運営上,2
不定期,2
エクストリーム,2
調べる,2
スピーカー,2
思想,2
近づけ,2
先回り,2
寄り添い,2
秘書,2
親友,2
ドライバー,2
運行,2
事故,2
VPoE,2
保全,2
手続き,2
照会,2
HOST,2
プログラミングスクールサービス,2
則り,2
フィットネスアプリ,2
的確,2
住,2
カスタマー,2
勧め,2
)　,2
新人,2
新入,2
演習,2
研修生,2
築き,2
フルリプレース,2
書き直す,2
ビルドシステム,2
読解,2
一新,2
OracleDB,2
BusinessObject,2
オンラインクレーンゲーム,2
デジタルクリエイター,2
ラージングマネジメントシステム,2
用途,2
教示,2
Embulk,2
見極め,2
shell,2
ウォレットシステム・ポートフォリオ,2
ヘッドレスコマースプラットフォーム,2
jamstack,2
カスタムサーチコマンド,2
サーチクエリ,2
諸々,2
扱える,2
ひとつ,2
プライス,2
一時,2
スニーカーフリマアプリ,2
ファームウェア,2
家事,2
Swing,2
秘め,2
毎週,2
金曜日,2
TypeScipt,2
ミル,2
キューブ,2
作れる,2
手作業,2
取ら,2
お越し,2
骨董,2
券,2
進ま,2
MacPC,2
LHL,2
とどまら,2
ハイエンド,2
プレイヤー,2
挙動,2
合い,2
MQ,2
電文,2
紐解き,2
メッセージ,2
退室,2
特殊,2
一切,2
証明,2
疑問,2
Adobe,2
備え,2
ガイドライン,2
高く,2
現地,2
振り分け,2
ススメ,2
入り,2
カー,2
デモ,2
アドテクプラットフォーム,2
流通サービス,2
盛り込ん,2
挙げ,2
JQuery,2
防犯,2
すり,2
合わせる,2
行なう,2
開示,2
匿名,2
だれ,2
送る,2
プリント,2
公,2
庁,2
エキスパート,2
巻き込み,2
LegalTech,2
掛け合わ,2
有効,2
強力,2
兼ね備え,2
リファラル,2
負担,2
リファラルリクルーティングプラットフォーム,2
翻訳,2
訳,2
比率,2
係わっ,2
プロトコル,2
デジタルトークン,2
小学校,2
外注,2
アドホック,2
シミュレーション,2
学,2
ハイクラス,2
回す,2
個々,2
セキュリティー,2
e,2
大枠,2
マッチングアプリサービス,2
傾向,2
ブック,2
出向,2
とらわれる,2
デグレード,2
すすめ,2
社団,2
バックエンドリードエンジニア,2
素早い,2
育て,2
入所,2
識別,2
逸脱,2
サイバーリンク,2
FaceMe,2
録音,2
SharePointServer,2
SPS,2
常時,2
兼務,2
半年,2
見合っ,2
春,2
キュレーションアプリ,2
キュレーション,2
フィード,2
未知,2
Data,2
ブリッジ,2
検収,2
css,2
あげる,2
リファクタリング・,2
ストア,2
高齢,2
考え方,2
立ち上がっ,2
演出,2
角度,2
折込,2
ポ,2
スティング,2
DM,2
Symphony,2
リライト,2
アシスタント,2
努力,2
指標,2
選ん,2
磨き,2
米国,2
著名,2
Bootstrap,2
年齢,2
CentOS,2
EOSL,2
スタンス,2
ブログ,2
切り出し,2
話し合い,2
MVC,2
退,2
支,2
主催,2
ビルドツール,2
ネットワークセキュリティシステム,2
CDSO,2
受験,2
臨む,2
テクニカルサポートエンジニア,2
手がける,2
改訂,2
出納,2
繰り返し,2
あと,2
着手,2
相性,2
バーコード,2
割り込み,2
脈,2
波,2
接触,2
機構,2
チャンス,2
承認,2
恋愛,2
下さる,2
活発,2
スマートフォンゲーム,2
て,2
クライアントコミュニケーション,2
親子,2
ホワイト,2
進む,2
そう,2
レコメンドシステム,2
細かく,2
ソーシャルネットワークプロジェクト,2
納期,2
取り扱っ,2
加味,2
リコメンド,2
ハイエンドファッションブランド,2
BPO,2
早期,2
税,2
オンラインバカラゲーム,2
カジノ,2
直結,2
スマホベース,2
バカラゲーム,2
ヒストリ,2
プレミアム,2
同社,2
かかわっ,2
コメント,2
夜,2
サーバーサイドメイン,2
フラッグシップサービス,2
面白い,2
関与,2
急激,2
屈指,2
任さ,2
Bitcoin,2
Ethereum,2
数少ない,2
生み出し,2
０,2
考える,2
出身,2
バラエティ,2
富ん,2
出稿,2
野球,2
勝敗,2
リーグ,2
J,2
パフォーマンス・チューニング,2
ミラー,2
話題,2
Q,2
南,2
青山,2
Ext,2
クリエイターマッチングプラットフォーム,2
クリエイターツール,2
ネイティブアドネットワークサービス,2
レコメンドエンジンサービス,2
UWP,2
プラットホーム,2
コミックアプリ,2
Chatbot,2
とれる,2
•,2
AAI,2
ブロー,2
広げ,2
ESG,2
Environment,2
Governance,2
小説,2
バックエンドメイン,2
深夜,2
弱,2
固め,2
パッチ,2
ジョブスケジュール,2
授業,2
勉強,2
グラフィックス,2
戻す,2
r,2
小売り,2
Neo,2
j,2
請,2
フォトグラファー,2
入居,2
サービスオンラインショッピングサービス,2
所持,2
ELT,2
薬品,2
設け,2
08,2
家賃,2
債務,2
プロジェクトゲームエンジニア,2
EDA,2
スキャン・デジタルツインアプリケーション,2
ツイン,2
デジタルツインアプリケーション,2
Shopify,2
SAS,2
請け負っ,2
サウンド,2
書類作成,2
受払,2
利息,2
額,2
着せ,2
替え,2
モー,2
ライブラリアン,2
スポーツマーケットプレイス,2
リ,2
マイページ,2
車検,2
スタブ,2
SQLite,2
タスクフォースチーム,2
部外,2
Swagger,2
起こす,2
ノイズ,2
除去,2
インクリメント,2
プレ,2
コンソール,2
Cobol,2
PostGres,2
スマートデバイスアプリケーション,2
KPT,2
dailymeeting,2
芸能,2
満たす,2
Airflow,2
集中,2
ローコードシステム,2
体感,2
為替,2
シス,2
オフシュア,2
Server,2
回収,2
積み重ね,2
PRJ,2
補強,2
機材,2
恵比寿,2
組ま,2
機密,2
永い,2
培わ,2
新鋭,2
万全,2
定評,2
Job,2
Gateway,2
港,2
すまい,2
オブジェクト,2
指向,2
回路,2
有する,2
TOP,2
ナビ,2
不安定,2
失敗,2
やす,2
づけ,2
最後,2
SSO,2
保持,2
プログラマブル,2
ホワイトボックス,2
スイッチ,2
データ・プレーン,2
リピート,2
国立,2
残っ,2
ポインタ,2
読み書き,2
枠組み,2
BW,2
スト,2
FTP,2
クリーニング,2
判別,2
手書き,2
金属,2
名寄せ,2
浅く,2
«,2
»,2
締結,2
向き合い,2
csv,2
AutoML,2
Looker,2
立体,2
復元,2
レーザー,2
Coldfusion,2
RPM,2
CF,2
デジタルカメラネットワーク,2
WiFi,2
Salseforce,2
データパイプラインアーキテクチャ,2
売店,2
発達,2
出入り,2
役所,2
ビル,2
ウェブベース,2
WebRTC,2
デジタルワークプレイス,2
ワークプレイス,2
どこ,2
PMO,2
打鍵,2
エビデンス,2
簿,2
サンプリング,2
ユーザーマイページ,2
ユーザマイページ,2
見た目,2
卸業者,2
網羅,2
サイト・アプリ,2
買収,2
マザーズ,2
root,2
ホスピタリティ,2
サーババックエンド,2
バックオフィスツール,2
推論,2
生む,2
Tabiq,2
話し合っ,2
方向,2
くる,2
クローラ,2
日付,2
本文,2
RTE,2
Xtend,2
工業,2
レーザ,2
Tool,2
サーボ,2
治,2
ゲイン,2
HW,2
たび,2
やる,2
++」「,2
になっ,2
動き出し,2
盛り上げ,2
フリマサービスプラットフォーム,2
フリマサービス,2
Gem,2
完璧,2
ボディ,2
メイク,2
Payme,2
➤,2
併売,2
WebJava,2
サーバレスアーキテクチャ,2
すれ,2
分かり,2
Smartphone,2
Programming,2
Console,2
game,2
platform,2
入会,2
補正,2
facebook,2
締め,2
Asteria,2
EAI,2
SFTP,2
狙っ,2
フラット,2
耐え,2
クオリティアップ,2
アフィリエイトメディア,2
先日,2
多人数,2
移転,2
目下,2
就,2
工学,2
聞か,2
フルリモート・ワーケーション,2
スケジューラ,2
NC,2
マネージ,2
渦,2
コンシェルジュチャットプラットフォーム,2
なし,2
slack,2
Saleforce,2
Saleseforce,2
アウトソーシングサービス,2
サーバーリプレイスサービス,2
名刺,2
オンデマンド,2
ロジスティクスサービス,2
分断,2
トラック,2
トレースソリューション,2
スマートロジスティクス,2
診察,2
処方箋,2
メンタルケア,2
夢中,2
なれる,2
firebase,2
エキサイティング,2
リプログラミングソフトウェア,2
リプログラミング,2
フローチャート,2
立ち向かっ,2
開業,2
ビジネスメンター,2
マネージド・サービス,2
issue,2
情報処理,2
グランド,2
アドバイザリーチャットボット,2
バリュエンスグループ,2
バックエンドポジション,2
ポーティング,2
うまく,2
指摘,2
要請,2
ITRON,2
バッグエンドエンジニア,2
境界,2
スマートフォンアプリベース,2
国民,2
意図,2
ファースト,2
就労,2
テコ入れ,2
巡り,2
合える,2
アドバイザリー,2
CVC,2
フィックス,2
センシングソリューションシステム,2
kotlin,2
WindowsServer,2
）/,2
収支,2
QCD,2
ヒューマン,2
探索,2
アプリケーショ,2
ン,2
図る,2
清算,2
UIUX,2
ペイメントシステム,2
Ph,2
JavaEE,2
持,2
サッカー,2
クラブ,2
豊洲,2
ヘルステックベンチャー,2
反響,2
JSP,2
intra,2
mart,2
～（,2
南森,2
番組,2
人形,2
活か,2
ハッピー,2
22,1
31,1
35,1
39,1
93,1
96,1
240,1
250,1
300,1
350,1
900,1
1000,1
2010,1
2012,1
2500,1
4000,1
IcT,1
確実,1
およ,1
ネイルデザイン,1
行え,1
シ,1
オフシ,1
仮称,1
ツー,1
クライ,1
DataStage,1
SPARK,1
インフォマティカ,1
デジタルウォレットアプリ,1
GameFi,1
前進,1
グループプラットフォームアプリ,1
マッ,1
GAS,1
ツ,1
シェアフル,1
チャットボットシステム,1
ＡＷＳ,1
チャットボ,1
指輪,1
左手,1
薬指,1
個性,1
才能,1
発掘,1
名前,1
抜擢,1
デザインパトナー,1
好ましい,1
any,1
趣向,1
磨く,1
挑む,1
伸ばす,1
強い,1
|,1
八王子,1
翌月,1
東,1
銀座,1
しな,1
セキュリティソリューション,1
概念,1
Qast,1
エディタ,1
バラバラ,1
脱却,1
こ,1
珍しく,1
⼒,1
余す,1
給付,1
一元化,1
⾯,1
適,1
⽤,1
本数,1
多め,1
Fuel,1
⾔,1
v,1
Mysql,1
フレームワ,1
（±,1
曜日,1
リファインメント,1
火,1
木,1
フ,1
Revel,1
#_,1
修理,1
ひと,1
リソウ,1
LABO,1
さら,1
多言,1
BigData,1
エンゲージメントプラット,1
なくす,1
人生,1
【...,1
応急,1
ガイダンス,1
NestJS,1
?,1
づく,1
力強く,1
システムバックエンドエンジニア,1
減少,1
治療,1
バランス,1
意義,1
ソフトウェアソリューション,1
二子,1
玉川,1
Pytho,1
V,1
デリバティブ,1
使命,1
アプリケ,1
バックエンドリプレース,1
バックエンドリプレースプロジェクト,1
こなす,1
オフショアメンバー,1
アジャ,1
ただ,1
ウェブシステム,1
メタバースプラットフォーム,1
IP,1
周囲,1
ソーシャルコマースサービス,1
アプリプロジェクト,1
並,1
要項,1
熱中,1
誇れる,1
地位,1
遊べる,1
classicASP,1
Database,1
Exadata,1
エンタメマッチングアプリ,1
界隈,1
サプライチェーンリスク,1
スキマバイトアプリ,1
ここ,1
今季,1
前年度,1
比,1
エントリ,1
XML,1
SOAP,1
WSDL,1
JSON,1
(...,1
ビルド・,1
責,1
歳,1
カジ,1
天王,1
洲,1
アイル,1
ブラウザゲーム,1
軽量,1
フロ,1
ガバナンス,1
続き,1
スペシャリティ,1
組織立ち,1
コンプライアンス,1
プ,1
ヒット,1
Struts,1
eKYC,1
空気,1
滑らか,1
遅,1
開放,1
バッチアプ,1
GoLand,1
PHPStorm,1
,...,1
循環,1
申込み,1
OTE,1
MOBI,1
AGENT,1
ドキ,1
組版,1
ステーブルコイン,1
夏,1
つい,1
サブスク,1
決,1
スマホマルチ,1
来年,1
┗,1
系統,1
ＯＳ,1
単一,1
年度,1
対向,1
レスポンシブデザイン,1
iPad,1
CloudFront,1
#),,1
Et,1
火葬,1
移り,1
橋渡し,1
かみ,1
砕き,1
落とし込ん,1
LLM,1
バックエンドライブラリ,1
あらた,1
モ,1
津,1
アプリ・バッチサーバ,1
大塚,1
昼,1
土,1
・,1
toＢ,1
幾つ,1
球団,1
様子見,1
半蔵門,1
麹,1
リモー,1
課,1
離任,1
抜け,1
直面,1
URL,1
https,1
://,1
www,1
livero,1
co,1
jp,1
service,1
システムリニューアルプロジェクト,1
カスタマーサポ,1
自動的,1
リーン,1
バックエンドアーキテクト,1
リーダーシップ,1
Developer,1
eXperience,1
自立,1
定める,1
叶える,1
Vagrant,1
GitSVN,1
漸進,1
バックエンドメンバー,1
顧,1
Symfony,1
Sy,1
京都,1
】],1
ゲート,1
間違い,1
上昇,1
発券,1
チケットレス,1
L,1
！.,1
デジタルカメラバンドルソフト,1
Redux,1
重心,1
動揺,1
電,1
呼気,1
達成,1
パーソナライズ,1
ウェブメディア,1
ぎめなどもご,1
　...,1
サービスローンチ,1
左右,1
エデ,1
布,1
裁断,1
丸,1
企図,1
誤っ,1
】[,1
読み解い,1
難しく,1
沢山,1
応対,1
モビルス,1
Security,1
Suite,1
回し,1
体育館,1
グラウンド,1
住民,1
貸し出す,1
集める,1
前述,1
属し,1
ラベル付け,1
直轄,1
TO,1
人称,1
末永く,1
入れ替え,1
損なわ,1
データベースシステム,1
日本人,1
ユーサビリティ,1
絶賛,1
送迎,1
エクサウィザーズ,1
正面,1
向き合う,1
伝承,1
ライフ,1
新米,1
づらく,1
出せ,1
離職,1
幅広,1
評論,1
傍観,1
当事者,1
前半,1
※...,1
スモール,1
FastAPI,1
データテクノロジーカンパニー,1
１つ,1
コミュニティアプリ,1
リアーキテクト,1
リアーキ,1
Teamcenter,1
つく,1
後半,1
コグラフ,1
フレック,1
決める,1
カスタマーサクセス・マーケティング・セールスチーム,1
ノート,1
アプリログ,1
適合,1
Chatwork,1
Teeams,1
meet,1
ZOOM,1
ハイブリット,1
AWS×,1
アプリポジション,1
インフ,1
ホームセンター,1
カウンター,1
目処,1
曖昧,1
立てる,1
①～③,1
どれ,1
WPF,1
アカウントマネジメントソフトウェア,1
差配,1
バッジ,1
Salceforce,1
アフターサービス,1
./,1
もとづく,1
Sprint,1
Output,1
ブラシュアップ,1
小中学校,1
精一杯,1
GoSTEP,1
モビリティ,1
ルネサスマイコン,1
エレクトロニクス,1
オススメポイント,1
パワエレ,1
サックル,1
イテレーション,1
コンシューマーユーザー,1
UIU,1
メッセージングプラットフォーム,1
可用性,1
JIRA,1
Confluence,1
VMW,1
ドライバーサポートアプリ,1
パッキング,1
配達,1
追跡,1
‼,1
情勢,1
コードリプレイス,1
Chat,1
Vercel,1
Notion,1
朝会,1
各人,1
口頭,1
分から,1
調べ,1
➢,1
Services,1
マンガクリエーター,1
つなげる,1
Amplify,1
AmazonEKS,1
郡,1
落とせる,1
クライアントサーバ,1
中旬,1
末,1
:...,1
model,1
request,1
spec,1
MY,1
男性,1
アーキテクトチーム,1
リードサーバーサイドエンジニア,1
ギリギリ,1
健全,1
敷き,1
実力,1
派,1
ユニコーンベンチャー,1
広げる,1
特許庁,1
バックオフィスシステム,1
ボイスボット,1
積め,1
AI×,1
出し合い,1
用いる,1
fix,1
質疑,1
７,1
世紀,1
迎え,1
電算システム,1
ナレッジ,1
人的,1
プレーヤー,1
モバイルアプリチーム,1
モブ・ペア,1
グロースハック,1
組み込む,1
コミュニテ,1
Jira,1
呼ん,1
AB,1
確,1
集まっ,1
サー,1
隔週,1
レ,1
冠,1
受賞,1
プレイングマネージャー,1
あたっ,1
サーバー・バックエンドエンジニア,1
OpenAI,1
メリット,1
垣根,1
リラックス,1
出口,1
スマートシティデータ,1
サービスポータル,1
nest,1
荷主,1
見込める,1
毎年,1
廃棄,1
ご存知,1
ヤフオク,1
実,1
売,1
流動,1
悩む,1
時価,1
DVD,1
マーケットプレイスサービス,1
UOL,1
遊技,1
ホール,1
応える,1
QuickSight,1
流し込む,1
アプリバックエンドエンジニア,1
サンプルアプリ,1
外郭,1
⚫,1
クラウドシフト,1
方面,1
増える,1
エラーコード,1
疑い,1
色彩,1
​,1
Lv,1
クラウドプラットフォーム,1
農地,1
EIP,1
ToC,1
頂戴,1
据え,1
symfony,1
ソフトウェ,1
PWA,1
アーキテクチーム,1
製する,1
Nest,1
終,1
Agile,1
機動,1
echo,1
Desktop,1
OpenSea,1
リバースエンジニアリング,1
プロダクトバックログ,1
るい,1
Gradle,1
Mackerel,1
asp,1
MicroStrategy,1
teradata,1
グランピング,1
Messaging,1
リニュ,1
スーパーマーケット,1
惣菜,1
SpringBatch,1
アプリバックエンド,1
二人三脚,1
長く,1
付き合い,1
orDocker,1
Runner,1
医薬品,1
新品,1
新古,1
秋,1
ごろ,1
ビジ,1
admin,1
BA,1
LAD,1
デジタルタコグラフ,1
Andoroid,1
kafka,1
瑕疵,1
パイオニア,1
歴史,1
信用,1
継承,1
真摯,1
低減,1
住まい,1
ビットエー,1
教室,1
Software,1
Engineer,1
リデザイン,1
差し掛かっ,1
切る,1
⑴,1
インフルエンサー,1
ミニアプリ,1
５,1
CSO,1
議事,1
録,1
売り,1
インデックス,1
oauth,1
通常,1
urllib,1
chromedriver,1
Chrome,1
argparse,1
w,1
血,1
五反田,1
ニュースアプリ,1
競争,1
優位,1
かつ,1
)...,1
MacOS,1
ｗｅｂ,1
Schoo,1
月頃,1
センタ,1
⑦,1
レビ,1
ログイン,1
換金,1
プロフィール,1
友達,1
招待,1
楽天,1
アマゾン,1
バイマ,1
エンジニアオープンポジション,1
リユース,1
モゲチェック,1
マネ,1
Internet,1
Things,1
ステム,1
クラウドアーキテクチャ,1
外壁,1
塗装,1
リフォーム,1
Med,1
皆,1
生き,1
MacOSX,1
充電,1
OCPP,1
感覚,1
手帳,1
SMS,1
アセット,1
経,1
形成,1
一翼,1
新型,1
ウイルス,1
++/】,1
包括,1
志望,1
マテリアル,1
シェーダー,1
ナビゲーションシステム,1
HUD,1
ひとりひとり,1
パート,1
Elastics,1
そっ,1
理念,1
サプリメント,1
シークレット,1
セルフレジプラットフォーム,1
誇り,1
⇔,1
FuelPHP,1
#,,1
ジョブカンシリーズ,1
アイ,1
外販,1
班,1
スタンプ,1
改ざん,1
AEM,1
Experience,1
置く,1
engagebot,1
テス,1
CVR,1
eSquare,1
eCompass,1
スポーツアプリ,1
あげ,1
マイクロサービシーズ,1
興味深い,1
しれ,1
コー,1
ネイリー,1
Codeigniter,1
インド,1
学力,1
模試,1
Enterprise,1
参照,1
CXM,1
案出,1
FIT,1
寄り添う,1
コンシェルジュサービス,1
バックエンドチーム,1
innsa,1
トレード,1
フォロートレードサービス,1
スマフォアプリ,1
メンテンナンス,1
Rest,1
食事,1
Rudy,1
連結,1
横暴,1
グッズ,1
BtoBtoC,1
院内,1
レセプト,1
お答え,1
一部分,1
会見,1
類する,1
できあがり,1
スクレイパー,1
はかる,1
iPaaS,1
ブラウザアプリサイド,1
ホーム,1
コネクテッドカー,1
クリエティブ,1
母国,1
区分,1
後段,1
センサ,1
tact,1
AN,1
ZIN,1
フロントエンドエンジニアリング,1
システムインテグレーター,1
ファッションアプリ,1
縁,1
力持ち,1
税務,1
逆算,1
x,1
BBQ,1
アウトドア,1
ウェルネス,1
出会い,1
いらっしゃる,1
複,1
フロントエンドアプリケーション,1
Sports,1
ジャンル,1
世界一,1
スマホシステム,1
プロダクトマネージャー・アプリ,1
洗い出す,1
Chromium,1
ブラウザベース,1
カラム,1
ニューアル,1
..）,1
メーカースマホアプリ,1
Listening,1
User,1
Insight,1
導出,1
追尾,1
Learing,1
ベトナム,1
線形,1
回帰,1
クラウドソーシングプラットフォーム,1
グレー,1
ド,1
傾,1
新分野,1
愛着,1
こだわり,1
タスクマネジメントツール,1
毎日,1
アラーム,1
起動,1
光,1
分光,1
積分,1
⽰,1
⽅,1
⼿,1
順,1
ヶ,1
⽉,1
段取り,1
レポーティングメイン,1
レコメンドアルゴリズム,1
k,1
s,1
サーバーレスコンピューティング,1
Prep,1
Model,1
Scoring,1
運,1
モック,1
Html,1
有数,1
ブロックチェーンエンジニア,1
ノード,1
ポータルサイトフロントエンド,1
サーバーサイト・フロントエンド,1
創,1
サーベイ,1
トライ,1
役務,1
図形,1
水平,1
黒い,1
赤,1
黄,1
青,1
色,1
シート,1
トリガー,1
パズル,1
不安,1
悩み,1
採り,1
取組ん,1
UP,1
キャッチアップ,1
中軸,1
想い,1
猫,1
流行っ,1
似,1
生み出せる,1
チャットボットプラットフォームサービス,1
とりまとめ,1
考査,1
マッチングプラットフォームシステム,1
ビズリーチ,1
InGame,1
ネイティブプラグイン,1
スマホソーシャルゲーム,1
アイコン,1
プラットフォーマー,1
リクルート,1
Air,1
mod,1
plsql,1
面倒,1
有用,1
センス,1
客観,1
く,1
柱,1
気に入っ,1
OT,1
IOT,1
有意義,1
株,1
エンジェル,1
済ませ,1
みんな,1
Capybara,1
着地,1
バックエンド・フロントエンド,1
跨い,1
ＮＹ,1
ＯＢ,1
通う,1
キーマン,1
DOC,1
出る,1
思わ,1
話し,1
仕訳,1
EJB,1
ObjectStore,1
残り,1
FILE,1
増強,1
NoSQL,1
learning,1
Yii,1
聞き,1
入館,1
館,1
クライアント・サーバー,1
ビジネスパーソン,1
放題,1
以内,1
ラーニングプラットフォーム,1
Rubyonrails,1
建物,1
プロトタイピングバージョン,1
ドイツ,1
調理,1
おもてなし,1
ロック,1
エスカレーション,1
引き合い,1
コワーキングスペース,1
動物,1
特集,1
データアノテーション,1
ベンダーコントロール,1
ニアショア,1
バンドル,1
tomcat,1
HULFT,1
承継,1
つぎ,1
継ぎ,1
バトンタッチ,1
つける,1
マネキン,1
什器,1
ディスプレイ,1
ラグジュアリーブランド,1
アパレルメーカー,1
perl,1
データワークフロー,1
精緻,1
急務,1
リニュールサイト,1
逆,1
引き,1
グリッド,1
志し,1
スマートグリッド・ソリューション,1
OpenADR,1
デマンド,1
OEM,1
片方,1
メインフレームストレージ,1
z,1
Series,1
Lift,1
and,1
Shift,1
高まる,1
先導,1
CoE,1
精査,1
定形,1
年次,1
バイタルセンシングソフトウェア,1
採取,1
Autosar,1
Adaptive,1
コンフィグレーション,1
Generator,1
ランタイムコード,1
成り,1
準じる,1
解釈,1
クローリングツール,1
空,1
ロボティック・プロセス・オートメーション,1
ダッシュ,1
ボート,1
PowerBI,1
攻撃,1
WAF,1
まる,1
プロダクトグロース,1
プロシージャ,1
DDL,1
モーション,1
台,1
旧,1
Maria,1
新,1
探し出す,1
バイト,1
誕生,1
おしゃれ,1
EnergyTech,1
折り込み,1
準ずる,1
ランナー,1
熱狂,1
対外,1
ミニゲーム,1
ARkit,1
表情,1
リンク,1
Big,1
コンピューター,1
学科,1
修士,1
号,1
博士,1
活気,1
名義,1
居,1
リポジトリ,1
分かれ,1
ソリューションベンダ,1
作家,1
だき,1
貴重,1
学ん,1
歩数,1
創発,1
交流,1
引き起こす,1
ファクター,1
そのもの,1
お出かけ,1
タイトルゲームアプリ,1
日頃,1
触れ,1
いか,1
部屋,1
付帯,1
法的,1
かかわら,1
手軽,1
享受,1
絡め,1
良品,1
振動,1
耳,1
聞き分け,1
わかっ,1
プロダクト・ディベロップメント,1
パートナーソリューション,1
クラウドアプリケーション,1
サウンドアプリ,1
楽器,1
ガ,1
ジェット,1
作曲,1
ビート,1
リズム,1
刻ん,1
DJ,1
公益,1
絞っ,1
電流,1
モニタ,1
システムクラウド,1
電源,1
温度,1
湿度,1
オールインワン,1
MVNO,1
加わり,1
XP,1
solidity,1
実用,1
迫る,1
整合,1
及ん,1
ソート,1
Nodejs,1
ネイティブアドネットワーク,1
アドテクエンジニア,1
レコメンドウィジェット,1
ＥＣ,1
Ｗｅｂ,1
空港,1
管制,1
知っ,1
選ぶ,1
サーバサイドプログラミング,1
フィン,1
WMS,1
SF,1
Marketing,1
Automation,1
いけれ,1
マーケティングオートメーションツール,1
インストアマーケティングツール,1
線,1
インストアマーケティング,1
オンボーディングツール,1
打,1
刻,1
質屋,1
レガシーコード,1
礎,1
大事,1
対処,1
貪欲,1
使いこなせる,1
観,1
尊重,1
築く,1
若年,1
他者,1
技法,1
クラウドサポート,1
データクレンジング,1
帳簿,1
向上心,1
変わり,1
つくら,1
元号,1
バンク,1
SpringFramework,1
PostreSQL,1
前払い,1
ソーシャルレンディングサービス,1
社債,1
還元,1
エムスリードクターサポート,1
ヘアサロン,1
専売,1
リテール,1
回避,1
十分,1
アプリケーションレイヤー,1
SCM,1
アプリーケーションエンジニア,1
ローレベルドライバ,1
ローレベル,1
CPU,1
アセンブラ,1
伝送,1
圧縮,1
英文,1
サイ,1
巻き込ん,1
使える,1
ソーシャルネットワーク,1
引合い,1
クレーム,1
エリア,1
ランディングページ,1
ビジュアライゼーション,1
フリマアプリ・,1
ソーシャルビッグデータ,1
react,1
Serverless,1
フリーランスエンジニア,1
うえ,1
スケジューリング,1
フォローアップ,1
制度,1
何れ,1
農,1
畜,1
水産物,1
産地,1
デスカッション,1
販路,1
伸びる,1
積み,1
インフルエンサーマーケティングプラットフォーム,1
挙げれ,1
働ける,1
小,1
VPS,1
太陽光,1
風力,1
発電,1
ビット,1
コイン,1
送り状,1
入り口,1
DBElasticSearch,1
組む,1
ソリューションツール,1
俯瞰,1
スクラッチシステム,1
売上げ,1
生放送,1
魅了,1
ベンチャーエコシステム,1
回復,1
中枢,1
見つけ出す,1
マン,1
スリー,1
スマートキーボックス,1
バイオセンシング,1
身体,1
進展,1
掲示板,1
有料,1
創っ,1
Kotkin,1
レッスン,1
パーソナル,1
フィットネスサービス,1
On,1
カスタマーエンジニア,1
メディアソリューションパートナー,1
フィージビリティ,1
受ける,1
皆さん,1
チャットフィクションアプリ,1
探究,1
いえ,1
コードチューニング,1
CRUD,1
クラウドファンディングプラットフォーム,1
さばく,1
GMOSSP,1
アドテクプロダクト,1
RubyOnRails,1
ウェブ,1
クライアンント,1
テックソリューションシステム,1
スポット,1
診療,1
で,1
バリュー,1
SalesForce,1
バックオフィスメンバー,1
パブリック,1
統制,1
上段,1
Cake,1
GoogleCloudPlatform,1
ウェブマーケティング,1
恋,1
使い分け,1
メタ,1
字幕,1
単語,1
意味,1
サーバーバックエンド,1
データストリーミング,1
ステータス,1
REDIS,1
RedShift,1
Coffee,1
申告,1
え,1
Rython,1
考,1
役立てる,1
想像,1
遊び,1
ボタン,1
レガシーシステム,1
こだわる,1
Oralce,1
VBScript,1
書き換え,1
信じる,1
請け負わ,1
内訳,1
テスト・リグレッションテスト,1
GDB,1
含み,1
寄せ,1
enechain,1
フォワード,1
カーブ,1
SVG,1
FAX,1
与信,1
原本,1
サテライト,1
X,1
兼業,1
MISRA,1
セキュアコーディング,1
Spready,1
Profiee,1
Teams,1
擦り,1
させ,1
Drupal,1
データチェック,1
データファイル,1
称し,1
コンテンツスマホ,1
ver,1
短縮,1
サーバーサイドエンジニアメンバー,1
無けれ,1
システムインテグ,1
イーソル,1
PowerCMS,1
動的,1
動かす,1
明らか,1
Fin,1
詐欺,1
被害,1
守り,1
見守り,1
Quorum,1
推薦,1
コンバート,1
参入,1
ハンズオン,1
臨み,1
発足,1
システムベンダー,1
ls,1
恒常,1
引っ張っ,1
レッジ,1
ク,1
ライアント,1
オンラインショップシステム,1
サーバリプレイス,1
熱量,1
ギーク,1
物事,1
持ち合わせ,1
独り,1
パワー,1
スクレイピング,1
RESTAPI,1
クライアントフレームワーク,1
Aurelia,1
現金,1
預金,1
日報,1
リホスト,1
JCL,1
取り込む,1
カタログ,1
データリネージ,1
コミニケーション,1
籍,1
搬入,1
公営,1
競馬,1
tech,1
瀬,1
スマホ・タブレット,1
イントラ,1
オプション,1
クラウドアーキテクティング,1
オーケストレーション,1
決まり,1
行けれ,1
汚れ,1
管,1
切れ,1
不信,1
見地,1
オススメ,1
ピボット,1
可読性,1
モーションキャプチャ,1
モーションキャプチャー,1
ヒト,1
ソフトゥェア,1
デイリー,1
仕上がっ,1
Teradata,1
go,1
soliditiy,1
ミ,1
ライ,1
右肩,1
上がり,1
いつ,1
美しく,1
生きる,1
同様,1
コンセプト,1
男女,1
Fintec,1
財産,1
ターゲティングデータ,1
芸能人,1
掛ける,1
様子,1
チャットボットサービス,1
演算,1
エージェントアプリ,1
遷移,1
BCommerce,1
発売,1
アーティスト,1
マネージメント,1
点在,1
込む,1
BluePrism,1
承り,1
レイテンシー,1
ランニングポータルサイト,1
趣味,1
ランニング,1
絶好,1
画期的,1
Thymeleaf,1
正確,1
テクニカルレポート,1
固有,1
注釈,1
クリエーションライン,1
Confluent,1
モバイルオンラインゲーム,1
Visualforce,1
Scss,1
gulp,1
細分,1
CC,1
門前仲,1
合え,1
頂こ,1
ADVA,1
アドバ,1
MS,1
拠出,1
年金,1
キーパー,1
EUC,1
桜木,1
損益,1
モデルチューニング,1
OracleDBA,1
優遇,1
オンラインストア,1
PostgeSQL,1
Repos,1
渡っ,1
新宿,1
御苑,1
PullRequest,1
シーサイド,1
勝どき,1
％～,1
イメージワークフローシステム,1
インシデント,1
明大,1
徒歩,1
多摩,1
Sprig,1
PosgreSQL,1
K,1
武蔵,1
小杉,1
読み,1
ElasticStack,1
JavaSpringboot,1
ホスト,1
存続,1
javascript,1
Bigquery,1
秋葉原,1
マリン,1
後払い,1
)+,1
コンフィグ,1
インストラクション,1
かせる,1
関わ,1
チームメンタリング,1
もたらし,1
～｜,1
持ち込ん,1
学歴,1
職歴,1
!】,1
永く,1
LivePerson,1
Conversational,1
反応,1
リクエスト,1
...＞,1
感知,1
飛ばし,1
オンラインカーリースサービス,1
APL,1
インターネットバンキングアプリ,1
勘定,1
インターネットバンキング,1
カーナビ,1
地理,1
年数,1
初心者,1
STB,1
エッジソリューション,1
Databricks,1
携,1
立替,1
シェアードサービスセンター,1
モデラー,1
健保,1
不可,1
バイジョンアップ,1
オフショアチーム,1
スポーツエンタメ,1
推し,1
フルリモートワーク,1
足,1
運ん,1
蓄電池,1
キャラ,1
戦闘,1
VideoWorks,1
PSQ,1
au,1
立ち上がり,1
Pkg,1
テム,1
テムエンハンス,1
⼼,1
クライアントアプリ,1
NG,1
⽀,1
Version,1
ファムロード,1
ブレストインキュベーション,1
料,1
Fuelphp,1
楽しみ,1
用賀,1
即時,1
補聴器,1
フィッティングシステム,1
都合,1
モンスター,1
国分寺,1
バンキングアプリ,1
有り,1
Visual,1
Basic,1
SCADA,1
上手く,1
退社,1
解明,1
教え,1
PLC,1
HMI,1
ローコードツール,1
NEXACRO,1
BEYOND,1
ネクサアクロ,1
中間,1
三田,1
バーチャルライブプラットフォームサーバサイド,1
Salesforc,1
l,1
Backbone,1
TL,1
d,1
アクティブ,1
DICE,1
CP,1
試算,1
臨時,1
定め,1
図面,1
時差,1
要事,1
レコメンドデータ,1
MakeShop,1
Affectiva,1
Sensor,1
リズミル,1
同上,1
Sacala,1
念頭,1
ロボットコールシステム,1
改変,1
載っ,1
食,1
ヘルステックカンパニー,1
突入,1
当てはめ,1
模倣,1
Figma,1
アプリケーションアーキテクト,1
パ,1
ブリ,1
ファンコミュニティサイト,1
pdf,1
マークアップエンジニア,1
和気あいあい,1
スロークエリ,1
index,1
起こる,1
アダルト,1
シニアアプリケーションエンジニア,1
スケーラブル,1
平行,1
リスペクト,1
忘れ,1
Redshift,1
マネージドサービス,1
dbt,1
オンラインイベントプラットフォーム,1
シニアサーバーサイドエンジニア,1
プルリクエスト,1
linux,1
容,1
うごき,1
母,1
種,1
スコープ,1
yamory,1
オンドメディア・,1
コミュニティー,1
イノベート,1
knew,1
ＷＥＢ,1
組合せ,1
Kotolin,1
取り組も,1
到達,1
変数,1
If,1
for,1
構文,1
関数,1
View,1
表面,1
探求,1
場面,1
気付か,1
セガサミーグループ,1
少年,1
パーティ,1
編成,1
ターン,1
インボイス,1
ＰＧ,1
自主,1
重んじ,1
差分,1
法令,1
浜松町,1
育てる,1
使い慣れ,1
構い,1
ラベル,1
プリンター,1
cloud,1
スマホアプリエンジニアオープンポジション,1
四季,1
報,1
AmazonMWS,1
水,1
流体,1
任意,1
コリジョン,1
せき止め,1
運輸,1
おこない,1
ASTERIA,1
Seesar,1
制限,1
離れ,1
解像度,1
わかり,1
Lararvel,1
走行,1
バイナリーデータ,1
ムービー,1
バッグ,1
ハイエンドマルチプラットフォームゲーム,1
年賀状,1
カテゴリ,1
NFC,1
ゲーミフィケーション,1
アプロ,1
実相,1
増し,1
吸収,1
概略,1
キオスク,1
PTP,1
Maas,1
アプリサーバーサイドエンジニア,1
家具,1
最速,1
北,1
SpringFW,1
Phython,1
心療内科,1
不可欠,1
綺麗,1
まとまっ,1
泥臭い,1
かた,1
ＣＲＭ,1
モビリティプラットフォーム,1
サンドボックスゲーム,1
Continuous,1
Integration,1
四半期,1
JavaPython,1
マーケティングアソシエイト,1
バナー,1
ウェビナー,1
全社,1
クリエーショライン,1
広め,1
合理,1
スキーマ,1
リス,1
やれる,1
~/,1
反復,1
カルチャー,1
醸成,1
分解,1
造詣,1
シェアフルサービス,1
書い,1
ミドルウェアバージョンアップ,1
ワークフローパッケージ,1
廃止,1
代替,1
#）,1
回覧,1
office,1
越える,1
アライアンスシステム,1
紀尾井町,1
eMCOS,1
トレーサビリティ,1
₋,1
,、,1
感動,1
ツアー,1
卸,1
生業,1
漁業,1
斡旋,1
AccessVBA,1
ウエア,1
乗っ,1
カスタムアプリ,1
大きい,1
千代田,1
中途,1
即応,1
進歩,1
惜しま,1
邁進,1
IDaaS,1
取れ,1
走出,1
来る,1
集まる,1
楽しむ,1
施工,1
造る,1
イラスト,1
OutSystems,1
意向,1
POSIX,1
Robot,1
Team,1
しよ,1
スニーカー,1
ハイブランドフリマ,1
セルフオーダーサービス,1
取る,1
アキュイティー,1
切り口,1
もとづき,1
成立,1
行,1
Reactjs,1
NAS,1
促成,1
見つけ,1
めざし,1
PP,1
HANA,1
MRP,1
サンド,1
ボックス,1
自力,1
プリザーブ,1
相当,1
目黒,1
無し,1
ロイド,1
++),1
おます,1
analytics,1
感染,1
症,1
VisualStudio,1
OMO,1
稀,1
九段下,1
vue,1
Trello,1
UAT,1
Mapbox,1
SharePoint,1
オンボーディングプログラム,1
換算,1
Qt,1
QML,1
Markup,1
Language,1
Fix,1
unity,1
CG,1
プロジェクションマッピング,1
Kinect,1
測,1
域,1
動態,1
混雑,1
易い,1
着け,1
空い,1
官庁,1
Hana,1
⇨,1
Loader,1
平均,1
作業場,1
本郷三丁目,1
湯島,1
IdP,1
合さ,1
AKS,1
性質,1
09,1
好評,1
市販,1
ゆく,1
マーケティングオートメーションシステム,1
アジャイアル,1
抵抗,1
コーダー,1
テール,1
ブローカー,1
キャンセル,1
空き,1
オンラインギフトプラットフォームサービス,1
東海,1
地区,1
メディアアプリ,1
スマホアプリゲーム,1
総勢,1
アフェリエイトネットワーク,1
高級,1
陶磁器,1
砥石,1
洋食,1
輸出,1
各国,1
推奨,1
ウィルス,1
蒲田,1
ルーム,1
カーパーツ・バイクパーツ,1
スピーキングテスト,1
子ども,1
FIDO,1
不正,1
コラボアプリ,1
アフェリエイト,1
両面,1
私服,1
Feasibility,1
Study,1
プロビジョニング,1
有無,1
楽,1
金曜,1
常勤,1
#],1
トピア,1
池袋,1
正解,1
試行,1
錯誤,1
難題,1
新富,1
Kintone,1
サイボーズ,1
様様,1
後処理,1
レクチャー,1
うけ,1
１０月,1
厨房,1
MQTT,1
堺,1
本町,1
OBS,1
Good,1
For,1
Everyone,1
驚き,1
コト,1
アイテム,1
メソッド,1
規,1
キーワード,1
花,1
サブスクサービス,1
サスティナブル,1
ライブラリー,1
ヴァージョンアップ,1
GIT,1
Rekognition,1
仕上げる,1
席,1
Postgres,1
田町,1
ロー,1
伺っ,1
ノー,1
赴く,1
aws,1
sql,1
希少,1
フリー,1
上り,1
競合,1
先駆け,1
大学生,1
整形,1
UML,1
ISO,1
ベンダ,1
八丁堀,1
関東,1
近郊,1
清,1
算,1
談,1
コーディネーター,1
目利き,1
探し出し,1
俳優,1
声優,1
起用,1
GAE,1
YouTube,1
明細,1
特装車,1
余,1
亘り,1
管轄,1
アノテーションシステム,1
静止,1
選び,1
川崎,1
延長,1
ビジネスコンサル,1
持ち分,1
不得意,1
orAR,1
デリバリーアプリ,1
検体,1
請負う,1
医院,1
買い物,1
集荷,1
ルート,1
tableau,1
)】,1
ServiceNowr,1
先立ち,1
RaaS,1
ベンダーコミュニケーション,1
CAM,1
戦術,1
時代,1
創り出す,1
いかし,1
オンプレサーバ,1
移設,1
IDCF,1
マルチクラウドハイブリッド,1
クラウドアンケートシステム,1
返却,1
急ピッチ,1
整い,1
要約,1
単独,1
レビュアー,1
Drowio,1
node,1
アーティストファンクラブアプリ,1
創り,1
Lamda,1
奮っ,1
～　,1
snowflake,1
コンシューマーアクションゲーム,1
左記,1
下支え,1
甲斐,1
プロデューサー,1
++,,1
モバイルオーダーシステム,1
省力,1
来店,1
渡り,1
助かり,1
機種,1
SunOS,1
g,1
PowerBuilder,1
内定,1
承諾,1
生まれる,1
現れる,1
身近,1
笑顔,1
マネジメントアプリ,1
用具,1
働きかけ,1
大会,1
対戦,1
相手,1
居酒屋,1
レコメンド・クーポン,1
ギフティング,1
差し入れ,1
寄付,1
プレゼント,1
脳神経,1
ライブコマース,1
働い,1
RDBMS,1
都内,1
札幌,1
名古屋,1
博多,1
INSPIX,1
修繕,1
認定,1
算定,1
指数,1
(.,1
Blazor,1
actix,1
デスクトップアプリケーションエンジニア,1
WCF,1
オンラインコーディングテスト,1