2,2
AI,2
開発,2
依頼,2
概要,2
-,2
API,2
機能,2
対応,2
(,2
相談,2
),2
業務,2
プロジェクト,2
課題,2
/,2
Azure,2
可能,2
性,2
範囲,2
テスト,2
ツール,2
種類,2
希望,2
言語,2
用意,2
もの,2
継続,2
必要,2
先,2
選び,2
重視,2
点,2
柔軟,2
1,1
3,1
4,1
5,1
24,1
30,1
35,1
50,1
100,1
20412,1
コール,1
センター,1
向け,1
ボイスボットサービス,1
案件,1
サービス,1
特徴,1
OpenAI,1
Realtime,1
活用,1
リアルタイム,1
音声,1
処理,1
RAG,1
Retrieval,1
Augmented,1
Generation,1
精度,1
応答,1
生成,1
マルチエージェントアーキテクチャ,1
複雑,1
タスク,1
オペレーター,1
支援,1
効率,1
的,1
顧客,1
条件,1
面,1
場所,1
リモート,1
浜松,1
町,1
出社,1
週,1
日,1
月,1
単価,1
：~,1
万,1
円,1
税,1
抜,1
支払,1
サイト,1
弊社,1
着金,1
後,1
予定,1
同日,1
応,1
その他,1
制限,1
事項,1
歳,1
未満,1
外国,1
籍,1
不可,1
必須,1
スキル,1
Web,1
系,1
システム,1
上流,1
工程,1
経験,1
年,1
以上,1
*,1
立ち,1
上げ,1
フェーズ,1
要件,1
定義,1
設計,1
書,1
仕様,1
作成,1
化,1
改善,1
提案,1
工数,1
見積もり,1
スケジュール,1
策定,1
マネジメント,1
ステーク,1
ホルダー,1
調整,1
チーム,1
スコープ,1
リスク,1
管理,1
実践,1
アジャイル,1
進行,1
アーキテクチャ,1
知識,1
マイクロ,1
理解,1
ベース,1
クラ,1
ウド,1
セキュリティ,1
分析,1
ヒアリング,1
フロー,1
To,1
Be,1
プロセス,1
KPI,1
効果,1
測定,1
データ,1
モデリング,1
歓迎,1
機械,1
学習,1
SaaS,1
製品,1
BPR,1
改革,1
CRM,1
UI,1
UX,1
クラウドインフラ,1
DevOps,1
SRE,1
期待,1
役割,1
プロダクト,1
主導,1
折衝,1
合意,1
形成,1
技術,1
実現,1
検討,1
特定,1
策,1
立案,1
プロダクトロードマップ,1
品質,1
基準,1
設定,1
レビュー,1
デザイン,1
ボイス,1
azure,1
こまめ,1
連絡,1
miibo,1
Chat,1
ローカル,1
環境,1
利用,1
よう,1
構築,1
##,1
連携,1
実装,1
お願い,1
[,1
プラットフォーム,1
](,1
https,1
://,1
mebo,1
.,1
work,1
株式会社,1
co,1
jp,1
オープン,1
ソース,1
github,1
com,1
microsoft,1
azurechat,1
###,1
進め方,1
Github,1
自身,1
アカウント,1
公開,1
リポジトリ,1
フォーク,1
名,1
for,1
中,1
時点,1
踏襲,1
キー,1
エージェント,1
ID,1
組,1
登録,1
仕組み,1
回,1
セッション,1
チャット,1
履歴,1
記憶,1
関連,1
質疑,1
こと,1
提供,1
確認,1
VPS,1
オンプレ,1
想定,1
リソース,1
CPU,1
:,1
Core,1
,,1
メモリ,1
GB,1
Ubuntu,1
04,1
LTS,1
上,1
動作,1
インストール,1
手順,1
掲載,1
通り,1
セット,1
アップ,1
こちら,1
側,1
数社,1
参加,1
検収,1
参考,1
情報,1
前回,1
類似,1
成果,1
chatbot,1
ui,1
Flexsystems,1
inc,1
残,1
discussions,1
クラウドネイティブブログ,1
Microsoft,1
製,1
Private,1
大幅,1
アップデート,1
復活,1
blog,1
cloudnative,1
リリース,1
導入,1
雑談,1
型,1
JavaScript,1
TypeScript,1
クオリティ,1
予算,1