定番,7878
/,7444
週,7140
開発,7108
日,6846
し,5612
業務,5153
3,3979
フルリモ,3808
サービス,3618
システム,3369
いただき,3063
リモート,2946
設計,2902
する,2837
相談,2635
内容,2626
可,2611
案件,2433
エンジニア,2403
担当,2345
募集,2245
自社,2224
5,2181
運用,2108
機能,1939
新規,1861
おり,1852
向け,1818
エンド,1735
実装,1517
構築,1510
管理,1502
い,1444
的,1426
フロント,1400
ため,1388
方,1385
Web,1384
化,1368
プロダクト,1358
いる,1321
技術,1301
4,1285
概要,1279
企業,1277
PHP,1277
サーバー,1230
サイド,1191
詳細,1145
改善,1137
事業,1129
対応,1121
行っ,1097
データ,1065
テスト,1046
なり,1034
さ,1019
等,1018
チーム,984
環境,980
保守,972
弊社,960
プロジェクト,950
作成,950
アプリケーション,922
Python,914
支援,912
作業,910
アプリ,898
いたし,890
.,867
インフラ,857
顧客,852
(,848
既存,843
いただける,842
携わっ,833
バック,818
Java,817
会社,810
サイト,799
),794
要件,793
今回,767
Ruby,761
React,756
利用,742
AWS,735
プラットフォーム,727
API,725
js,723
実施,712
者,698
メンバー,683
時,680
主,677
こと,675
リリース,668
経験,667
ツール,662
社内,660
できる,651
大手,651
改修,643
AI,640
Go,640
フロントエンドエンジニア,632
性,629
調査,627
中,626
予定,626
～,612
提供,608
系,607
企画,601
任せ,601
可能,600
情報,599
仕様,597
いただく,595
運営,593
面談,593
ある,586
-,585
追加,581
あり,563
用い,559
定義,554
お願い,551
クラ,547
ウド,544
クライアント,538
サーバーサイドエンジニア,534
様,532
C,523
頂き,520
具体,518
リード,517
参画,514
行う,514
れ,510
サーバ,499
基盤,497
連携,494
...,492
2,489
WEB,488
ユーザー,479
検討,479
1,478
コード,477
関連,475
活用,468
メイン,458
分析,457
依頼,452
当社,452
使用,449
せ,446
導入,440
上,438
側,438
業界,430
行い,429
現在,421
基本,420
EC,419
内,416
レビュー,413
想定,410
提案,409
部分,409
必要,408
画面,408
領域,400
Vue,397
サポート,389
下記,388
TypeScript,386
展開,385
選定,385
課題,384
HTML,382
中心,382
移行,380
各種,380
UI,376
書,367
アーキテクチャ,365
検証,364
CSS,357
以下,355
制作,352
自動,350
GCP,350
ソフトウェア,349
SaaS,349
仕事,348
複数,343
ポジション,332
担っ,332
進め,326
スキル,318
デザイナー,318
調整,315
後,315
希望,314
アップ,314
デザイン,313
コミュニケーション,312
販売,312
受託,307
JavaScript,305
工程,305
障害,304
向上,301
医療,297
言語,294
歓迎,293
全般,288
コーディング,286
業,284
規模,283
推進,281
成長,279
拡大,279
考え,278
上げ,277
基幹,274
DX,274
SQL,274
学習,271
研究,267
コンテンツ,265
最適,264
その他,264
継続,262
,,262
メディア,261
オンライン,260
人材,259
バックエンドエンジニア,255
応じ,255
名,252
製造,251
解決,251
使っ,251
いく,249
稼働,248
ライブラリ,245
Azure,244
様々,243
グループ,243
型,241
一部,241
多く,240
いき,240
お客様,238
フェーズ,237
教育,234
立ち,233
モデル,231
商品,231
フル,228
BtoB,228
今後,226
テック,226
保険,223
ワーク,222
処理,222
最大,220
効率,219
採用,219
Linux,217
DB,214
数,211
金融,210
体制,210
++,210
致し,209
PM,208
新しい,205
紹介,205
マッチング,205
よう,201
関わる,201
伴う,200
計画,200
れる,196
整備,196
ドキュメント,195
ネットワーク,194
セキュリティ,192
勤務,192
広告,192
リニューアル,189
ゲーム,189
コア,189
説明,188
構成,188
ベース,188
年,187
CI,187
実現,186
国内,186
思い,185
機械,185
DevOps,184
なる,183
デジタル,181
ビジネス,181
拡張,181
標準,181
いただけ,180
予測,179
策定,178
フレーム,177
なっ,177
一緒,176
マーケティング,175
オーナー,175
IT,174
UX,174
伴い,174
為,174
安定,173
監視,173
特,172
用,171
アジャイル,170
通信,169
スタート,168
製品,167
機関,167
更新,165
頂く,164
合わせ,164
設定,162
検索,161
配信,161
整理,161
Node,159
ベンチャー,158
Kotlin,157
時間,157
お伝え,157
必須,156
スピード,156
#,155
動画,154
でき,154
ログ,154
上記,154
立案,154
変更,153
すべて,153
最新,153
修正,152
要望,152
マイクロ,152
せる,151
営業,151
予約,150
アサイン,150
結合,150
日本,149
小売,149
在庫,149
リプレイス,148
品質,148
電子,147
PJ,146
目指し,146
高い,146
参加,146
決定,146
決済,145
確認,145
試験,144
リファクタリング,144
リーダー,143
ミドル,143
強化,142
部門,142
科学,142
社員,141
モデリング,141
チャレンジ,140
サービスディリバリー,140
新た,139
本番,139
ウェア,139
解析,138
全体,138
Javascript,138
OS,138
外部,138
月,137
バッチ,137
プロセス,137
求め,137
報告,137
スマート,136
脳,136
目的,135
物流,135
コンサルティング,134
サービスアプリ,134
Rails,133
度,133
デバイス,133
Windows,132
画像,132
就業,131
スマホアプリ,130
可視,129
状況,128
興味,128
マネジメント,127
プロトタイプ,127
支える,126
周り,126
Unity,126
クラウドインフラ,126
SRE,125
幅広い,124
Nuxt,124
不具合,124
見積,124
ソリューション,123
応募,123
従事,122
バグ,122
Laravel,121
Scala,121
パッケージ,120
バージョンアップ,120
級,120
感,120
間,119
不動産,118
プログラム,118
先,117
以上,117
人,117
需要,117
Typescript,116
対象,116
リーディング,116
総合,115
法人,115
<,115
原因,115
>,114
組織,113
万,113
社会,113
発生,113
アルゴリズム,113
CMS,113
10,112
取引,112
高度,112
ください,112
刷新,111
店,111
自動車,111
長期,111
診断,111
背景,110
実行,110
スクラム,110
生産,109
パフォーマンス,109
関係,109
サイエンティスト,109
カスタマイズ,108
HR,108
モニタリング,108
積極,108
一,107
Oracle,106
価値,106
クラス,106
他,105
基づい,104
入れ,103
施策,103
短期,103
共同,103
表示,103
の,102
持っ,102
テクノロジー,102
:,102
現場,102
RDS,102
ござい,102
自身,101
条件,101
インテグレーション,100
非常,100
受発注,100
協力,100
店舗,100
仮想,99
OK,99
詳しく,99
出社,99
チェーン,99
資産,99
含め,99
あれ,99
方針,99
将来,99
形,98
使い,98
問合せ,98
現状,97
PF,97
活動,97
維持,96
構造,96
視野,96
Angular,96
満たし,96
力,95
知見,95
会員,95
お話,95
探し,94
機器,94
メンテナンス,94
性能,94
理解,93
もと,93
査定,93
段階,92
魅力,92
IaaS,92
役割,91
PC,91
要求,91
請求,91
ブロック,91
現行,90
場合,90
部品,90
収集,89
共通,89
部,89
含む,89
世界,89
幅広く,88
VR,88
急募,87
かいつまん,87
データベース,86
PoC,86
結果,86
公開,86
行なっ,86
前,86
オークション,86
関わっ,85
契約,85
問い合わせ,85
上流,85
手順,85
B,85
共有,84
統合,84
CD,84
ソース,84
動い,84
フロー,84
バーチャル,84
評価,83
開始,83
東京,83
プログラミング,82
抽出,82
ヒアリング,82
暗号,82
D,82
インター,82
フェイス,82
対策,81
き,81
iOS,81
版,81
RubyonRails,81
製,80
制御,80
期間,80
回,80
横断,80
資料,80
フォン,79
られる,79
クラウドサービス,79
受注,79
頂ける,78
動作,78
物販,78
ファイル,77
登録,77
メーカー,77
取得,77
部署,77
意識,77
柔軟,76
もの,76
お待ち,76
働き,76
増員,76
物,76
元,75
インターネット,75
Android,75
会計,75
on,75
LP,75
受け,75
マルチ,75
中核,75
伝票,75
進捗,74
タスク,74
取り組ん,74
ポイント,74
建設,74
スタッフ,74
リサイクル,74
損害,74
活かし,73
体験,73
活躍,73
携わる,73
EDI,73
点,72
ソフト,72
経営,71
上場,71
&,71
効果,70
キャリア,70
ユーザ,70
IoT,70
カンパニー,70
その後,70
一般,70
ローンチ,70
社,69
加え,69
一貫,69
グロース,68
一気,68
通,68
貫,68
求める,68
デスク,68
済み,68
それぞれ,68
知識,67
良い,67
エンハンス,67
成果,67
認証,67
お話し,67
最先端,67
別,67
貢献,66
分野,66
３,66
以降,66
られ,66
常駐,66
簡単,66
①,65
ダッシュボード,65
コーダー,65
計測,65
要員,65
ディレクター,65
買取,65
場所,64
やすく,64
例,64
計算,64
仕組み,64
SE,63
重要,63
ECS,63
拡充,63
ページ,63
コーポレート,63
適正,63
志向,63
給与,63
求人,62
くれる,62
戦略,62
アップデート,62
それ,62
薬局,62
定例,62
アーキ,62
独自,61
集計,61
オンプレミス,61
工数,61
範囲,61
NW,61
業者,61
在宅,61
Tech,61
Salesforce,61
世界中,61
7,60
打ち合わせ,60
実績,60
ベンダー,60
いずれ,60
イベント,60
手,60
web,60
オフィス,60
適用,60
ジョイン,60
Saas,60
ブランディング,60
26,59
問題,59
更改,59
個人,59
持ち,59
一員,59
これ,59
事,59
マークアップエンジニア,59
執筆,59
出来る,59
仲間,59
際,58
Google,58
専門,58
町,58
人事,58
多い,58
オンプレ,58
産業,58
00,58
ヘルプ,58
指示,58
OSS,58
PJT,58
作り,57
レベル,57
_,57
内部,57
+,57
脆弱,57
次,57
両方,57
FW,57
方式,57
醍醐味,57
Next,56
操作,56
意思,56
インシデント,56
注目,56
WordPress,56
大学,56
②,55
Native,55
考慮,55
見,55
印刷,55
私,55
インターフェース,55
事項,55
Wordpress,55
パッチ,55
配車,55
認識,54
程度,54
協,54
働,54
HP,54
面,54
会,54
全て,54
タクシー,54
タクシーアプリ,54
扱え,54
同席,54
単体テスト,53
適切,53
地方,53
やすい,53
始め,53
イン,53
自由,53
PL,53
BtoC,53
デモ,53
復旧,53
補助,52
中小,52
多岐,52
担う,52
EKS,52
いただい,52
たち,52
取り入れ,52
議論,52
FAQ,52
アプリサービス,52
疾患,52
価格,52
VI,52
信頼,51
自ら,51
熟知,51
思っ,51
～】,51
ネイティブアプリ,51
AD,51
発注,51
9,50
案,50
SPA,50
テーマ,50
商用,50
フォーム,50
市場,50
ロボット,50
できれ,50
はじめ,50
統計,50
toC,50
モジュール,50
販促,50
Engine,50
CRM,49
高める,49
ML,49
プレゼン,49
Unreal,49
テクニカルサポート,49
エンジニアリング,48
ミッション,48
PMO,48
WAF,48
作っ,48
発信,48
寄与,48
ポータルサイト,48
起動,48
チュートリアル,48
Cloud,47
ニーズ,47
パートナー,47
グローバル,47
直近,47
詰め,47
上げる,47
なく,47
視,47
Fintech,47
踏まえ,47
生鮮,47
クライアントサイドエンジニア,47
払い,47
リプレース,46
進行,46
進める,46
都内,46
)、,46
講師,46
１,46
所,46
知能,46
バージョン,46
VPN,46
鏡,46
マーク,46
総会,46
DeepSecurity,46
ルータ,46
マスター,46
アウト,46
都,46
官公庁,45
ネット,45
[,45
スタック,45
発見,45
長い,45
代理,45
期待,45
VPC,45
Nginx,45
インタラクション,45
セキュアコミュニケーション,45
BPaaS,45
究明,45
兼務,45
ELB,45
UnrealEngine,45
アクセス,44
通貨,44
テレビ,44
候補,44
検知,44
次世代,44
申し込み,44
ビッグ,44
折衝,44
あたり,44
ユーザビリティ,44
electron,44
fpm,44
参照,44
転職,44
物件,44
プロジェク,44
6,43
視点,43
加工,43
委託,43
どちら,43
２つ,43
群,43
携わ,43
項目,43
こちら,43
E,43
適性,43
扱っ,43
WSUS,43
Radius,43
スパン,43
新宿,43
],42
職種,42
優秀,42
フィードバック,42
エン,42
遂行,42
リソース,42
得,42
チェック,42
スケジュール,42
プロ,42
観点,42
書い,42
印刷物,42
千,42
ダイレクトコネクト,42
金額,42
MR,42
切り出さ,42
固有名詞,42
２,41
挑戦,41
センター,41
スポーツ,41
リー,41
ガル,41
裁量,41
人員,41
気軽,41
感じ,41
Windwos,41
Auto,41
Tables,41
BQML,41
分配,41
自治体,40
単位,40
システムリプレイス,40
声,40
Docker,40
スクラッチ,40
構想,40
時点,40
8,39
持つ,39
行動,39
基づく,39
取り組み,39
介護,39
~,39
変革,39
ICT,39
コン,39
サル,39
QR,39
実務,39
更,39
トップクラス,39
５,39
派遣,39
スマートフォンアプリ,39
選択,39
伺い,39
読み取り,39
ならび,39
100,38
編集,38
繋ぐ,38
準備,38
オフショア,38
単体,38
他社,38
アーキテクト,38
接続,38
マネージャー,38
蓄積,38
WebAPI,38
タイミング,38
スマートフォン・タブレット・ウェアラブルデバイス,38
東証,38
解除,38
健康,37
通じ,37
or,37
併用,37
イメージ,37
ごと,37
jQuery,37
主体,37
下,37
本人,37
レス,37
外,37
作る,37
完了,37
ロジック,37
チケット,37
オープン,37
持ち込み,37
Fargate,37
自然,37
ゴーグル,37
アイトラッキング,37
0,36
得意,36
部隊,36
配属,36
フルリモート,36
ほか,36
いくつ,36
#/,36
広く,36
並行,36
ターゲット,36
海外,36
負荷,36
とり,36
前提,36
プログラマー,36
終了,36
to,36
類,36
ヘルスケア,36
GitHub,36
添える,36
23,35
MySQL,35
コスト,35
自分,35
特定,35
toB,35
FX,35
本格,35
トラブル,35
決め,35
進ん,35
頂けれ,35
メッセージング,35
大分,35
18,34
19,34
NET,34
証券,34
多様,34
研修,34
人数,34
育成,34
帳票,34
少数,34
精鋭,34
テキスト,34
デプロイ,34
ゼロ,34
PG,34
QA,34
エンジン,34
高速,34
見積もり,34
ディレクション,34
SNS,33
全国,33
負債,33
SAP,33
生成,33
電話,33
DWH,33
シフト,33
ライブ,33
Jungo,33
駆使,32
目指す,32
VBA,32
以外,32
機会,32
コンテナ,32
取り,32
Slack,32
net,32
携わり,32
団体,32
メール,32
渋谷,32
イノベーション,32
生活,32
音声,32
地,32
付随,32
VB,32
ない,32
飲食,32
行える,32
見据え,32
伝統,32
秋葉原,32
クレジットカード,31
幸い,31
ソーシャルゲーム,31
銀行,31
トップ,31
周辺,31
扱う,31
モバイル,31
オペレーション,31
位置,31
*,31
協業,31
影響,31
把握,31
品,31
チャット,31
素材,31
入力,31
入っ,31
GCE,31
mysSQL,31
池袋,31
ノウハウ,30
A,30
ワン,30
住宅,30
レポート,30
モバイルアプリ,30
精算,30
CS,30
正社員,30
流通,30
マニュアル,30
モダン,30
％,30
経済,30
送信,30
映像,30
CM,30
IF,30
MA,30
協調,30
30,29
流れ,29
クラウドエンジニア,29
Terraform,29
利,29
ストップ,29
日々,29
売上,29
旅行,29
主要,29
次期,29
基,29
フォロー,29
会議,29
市,29
機,29
大量,29
財,29
自体,29
プロデュース,29
立,29
局,29
何,28
Kubernetes,28
なら,28
世の中,28
発揮,28
複雑,28
配送,28
そこ,28
発展,28
バックエンドシステム,28
今,28
サブシステム,28
作り上げ,28
お手伝い,28
モノリシック,28
テーブル,28
いける,28
カフェ,28
要素,28
グラフ,28
クラウドサービスベンダー,28
層,28
起こし,28
11,27
方法,27
カメラ,27
初期,27
BI,27
ドメイン,27
公共,27
対,27
動向,27
コントロール,27
状態,27
スケーラビリティ,27
存じ,27
創造,27
在籍,27
知,27
ワイヤー,27
写真,27
資金,27
まとめ,27
根幹,27
色々,27
人工,27
UE,27
最低,27
20,26
リアルタイム,26
検査,26
投資,26
進化,26
ヶ月,26
専任,26
組み込み,26
ブランド,26
申請,26
期,26
SIer,26
申込,26
Excel,26
副業,26
代行,26
LAMP,26
建築,26
ケース,26
ペット,26
全面,26
区,26
完全,26
行程,26
マイニング,26
MicrosoftAzure,26
薬,26
学,26
改良,25
注力,25
Django,25
美容,25
セット,25
KPI,25
ブラッシュ,25
初日,25
フルスタックエンジニア,25
場,25
Spring,25
おすすめ,25
パイプライン,25
沿っ,25
意見,25
出し,25
スクール,25
いただけれ,25
おまかせ,25
近辺,25
立場,25
JS,25
反映,25
出力,25
責任,25
SDK,25
動く,25
クリエイティブ,25
用意,25
兼ね,25
予算,24
調達,24
電力,24
外食,24
チャットボット,24
コンポーネント,24
見合い,24
SEO,24
スクリプト,24
中長期,24
慣れ,24
マップ,24
リサーチ,24
もっ,24
実践,24
新卒,24
定量,24
頂い,24
臨機応変,24
DMP,24
スタジオ,24
スケール,24
実態,24
取れ,24
県内,24
RPA,23
獲得,23
４,23
革新,23
ショップ,23
加速,23
)】,23
商社,23
合っ,23
変え,23
成功,23
人口,23
テレ,23
次第,23
入る,23
不足,23
ETL,23
集客,23
課金,23
└,23
制,23
勤怠,23
異なり,23
表現,23
歴,23
慣習,23
女子大,23
強み,22
視聴,22
続ける,22
求職,22
テンプレート,22
指導,22
フレックス,22
Platform,22
消費,22
スムーズ,22
不要,22
手法,22
論文,22
対話,22
定期,22
FinTech,22
てる,22
装置,22
注文,22
)/,22
学校,22
キャッシュ,22
存在,22
繋がる,22
本,22
決まっ,22
Perl,22
分,22
スマ,22
ホ,22
算出,22
株式,22
組ん,22
しる,22
見通し,22
加入,22
専用,22
基地,22
取り入れる,22
事務所,22
マルチプレイ,22
待機,22
ロビー,22
提,22
かかわれる,22
ワールド,22
ワイド,22
軸,21
クラウドネイティブ,21
NFT,21
あっ,21
係る,21
異常,21
即日,21
貸与,21
施設,21
円,21
地域,21
POS,21
学生,21
豊か,21
お客,21
策,21
製薬,21
メンバ,21
大型,21
サイエンス,21
わたり,21
保有,21
社外,21
豊富,21
確定,21
若手,21
限定,21
③,21
商,21
簡易,21
個別,21
ショッピング,21
RoR,21
教材,21
マルチタスク,21
鑑み,21
携帯,21
ASP,20
遠隔,20
集団,20
直接,20
パフォーマンスチューニング,20
相互,20
使う,20
ハンス,20
創出,20
CTO,20
クラウドシステム,20
時期,20
さん,20
外国,20
一連,20
牽引,20
エラー,20
無い,20
ドキュメンテーション,20
問わ,20
etc,20
000,20
エンタープライズ,20
ネイティブ,20
先端,20
全員,20
未経験,20
アカウント,20
倉庫,20
ソースコードレビュー,20
エンゲージメント,20
方々,20
タグ,20
リファクタリングプロジェクト,20
工事,20
スマートフォン,20
熱意,20
フルリモ・,20
2024,19
やり,19
マスタ,19
プロフェッショナル,19
担保,19
取り組む,19
最初,19
プリセールス,19
Microsoft,19
多角,19
Swift,19
人物,19
意欲,19
保証,19
望ましい,19
普及,19
さま,19
汎用,19
拠点,19
カスタマーサポート,19
通り,19
選考,19
製作,19
うち,19
走っ,19
言え,19
新しく,19
プラグ,19
一括,19
毎,19
入札,19
出版,19
売買,19
通し,19
仮説,19
運送,19
完成,19
カウンセリング,19
アプリ・,19
味わっ,19
外資,19
ソーシャルアプリ,19
System,19
ディープラーニング,19
セールス,19
数値,19
UMG,19
日野,19
工場,18
士,18
解消,18
生命,18
比較,18
スタイル,18
担い,18
GUI,18
大きく,18
優先,18
頻度,18
測定,18
伴っ,18
増加,18
代表,18
学び,18
人々,18
空間,18
タメ,18
ここ,18
週間,18
エンターテイメント,18
す,18
患者,18
経過,18
媒体,18
サブ,18
積む,18
深く,18
活,18
単価,18
デバッグ,18
本社,18
削減,18
プロモーション,18
農業,18
UIUX,18
材,18
詳しい,18
文言,18
思考,18
モバイルソリューション,18
生涯,18
マーケティングソリューション,18
WebCMS,18
公式,18
HRTech,18
Lerning,18
Management,18
有機,18
結びつい,18
365,17
重視,17
IaC,17
安全,17
目線,17
さまざま,17
タレントマネジメントシステム,17
これら,17
業種,17
変換,17
S,17
No,17
小規模,17
当初,17
パブリッククラウド,17
英会話,17
大阪,17
近く,17
不問,17
生保,17
Redux,17
頂け,17
報道,17
紙,17
兼,17
キャンペーン,17
アイデア,17
むけ,17
図,17
BFF,17
形式,17
活性,17
食品,17
所属,17
ヘルス,17
付け,17
AR,17
たくさん,17
Elasticsearch,17
臨床,17
法律,17
本質,17
助かり,17
売却,17
カルテ,17
オーディオ,17
SFA,17
弁護士,17
数理,17
理論,17
40,16
毎月,16
図り,16
浜松,16
レンタル,16
専属,16
キャッチ,16
マインド,16
%,16
像,16
神田,16
データウェアハウス,16
国内外,16
員,16
RPG,16
変動,16
主軸,16
MTG,16
まいり,16
入社,16
近い,16
⇒,16
ロード,16
リーダ,16
PostgreSQL,16
スピーディ,16
トレーディング,16
入金,16
手伝っ,16
コミュニティ,16
あわせ,16
答える,16
下流,16
窓口,16
プランニング,16
煩雑,16
車,16
六本木,16
備え,16
最終,16
ボトルネック,16
下さい,16
ブック,16
シューティング,16
勢い,16
12,15
400,15
クオリティ,15
経由,15
子育て,15
創業,15
つなぐ,15
受付,15
シリーズ,15
購買,15
月間,15
抱える,15
手掛ける,15
形態,15
追求,15
判定,15
加盟,15
事務,15
基板,15
搭載,15
通販,15
回数,15
出勤,15
移管,15
なか,15
原則,15
づくり,15
特徴,15
テレワーク,15
商談,15
バックアップ,15
上位,15
#】,15
行わ,15
アウトプット,15
GO,15
SI,15
洗い出し,15
おこなっ,15
パラメータ,15
マイグレーション,15
それら,15
お力,15
車両,15
よく,15
エリア,15
提示,15
ブラウザ,15
つき,15
料理,15
カバレッジ,15
ステーク,15
ホルダー,15
ホームページ,15
Flask,15
繋げる,15
中古,15
赤坂,15
密,15
置き換え,15
稿,15
一新,15
カバー,15
書籍,15
引継ぎ,15
ホーム,15
ユース,15
スキャン,15
ツイン,15
オーナーシップ,15
ウェアラブルデバイス,15
クライアントサイド,15
面接,15
枠,15
英語,15
話し合う,15
風通し,15
メトリクス,15
先行,15
プレゼンテーション,15
増大,15
落とし込む,15
@,15
15,14
50,14
60,14
99,14
120,14
保存,14
閲覧,14
車載,14
促進,14
超える,14
発行,14
徹底的,14
配置,14
問い,14
iPhone,14
迎える,14
Amazon,14
端末,14
福祉,14
Server,14
シェア,14
･,14
運転,14
発,14
客,14
割,14
アラート,14
収益,14
姿勢,14
観客,14
エンタメプラットフォームアプリ,14
プラットフォームアプリ,14
観戦,14
Flutter,14
購入,14
設置,14
アドバイス,14
記事,14
レコード,14
アパレル,14
オリジナル,14
レガシー,14
くださる,14
もらい,14
見直し,14
納品,14
作ら,14
平日,14
多数,14
R,14
都度,14
都市,14
チューニング,14
精通,14
手掛け,14
完結,14
指針,14
戦力,14
側面,14
アニメーション,14
ディーリング,14
TestCafe,14
深層,14
スキャン・デジタルツインアプリケーション,14
デジタルツインアプリケーション,14
板金,14
グーグルフォーム,14
ウェアラブル,14
楽しん,14
スマホデバイス,14
サブスクリプション,14
発送,14
サブスクリプションモデル,14
トータル,14
質,14
主力,14
T,14
リッチ,14
マーケットプレイスアプリ,14
サーバーサイド・フロントエンド・インフラストラクチャ,14
テンポ,14
描い,14
分類,14
集め,14
系列,14
依存,14
都心,14
埼玉,14
錦糸,14
新着,13
ERP,13
家,13
主導,13
能力,13
アドオン,13
ベスト,13
エネルギー,13
ガス,13
見える,13
ビジョン,13
⽤,13
ハイブリッド,13
財務,13
ニュース,13
二,13
サプライチェーンリスク,13
OCR,13
控え,13
コンサルタント,13
取り込ん,13
タイトル,13
SQLServer,13
習得,13
モノ,13
与え,13
込,13
済,13
タブレット,13
目,13
Net,13
職務,13
ハードウェア,13
メルカリ,13
国際,13
応用,13
アナリスト,13
駅,13
REST,13
日次,13
統一,13
物理,13
クリニック,13
組み合わせ,13
医師,13
うる,13
航空,13
システムエンジニア,13
コンシューマー,13
インタラクティブ,13
双方,13
顕微鏡,13
アイディア,13
マイ,13
安心,13
経理,13
shell,13
プライシング,13
Splunk,13
EDR,13
ストレス,13
こだわっ,13
サイトコンサル,13
通知,13
ぺ,13
ージ,13
アプリケーションフロントエンド,13
地図,13
android,13
ライセンス,13
形状,13
ビックデータ,13
HRtech,13
品等,13
ローン,13
カウンセラー,13
退,13
目安,13
薬剤師,13
出資,13
アプリエンジニア,13
プロダクトオーナ,13
git,13
flow,13
Office,13
投入,13
COBOL,13
Detox,13
推定,13
各部,13
署,13
BPR,13
カット,13
Redis,12
音楽,12
増やす,12
億,12
設備,12
マーケットプレイス,12
み,12
python,12
一元,12
オーダー,12
RHEL,12
出来,12
幅,12
作業場,12
PV,12
やり取り,12
神奈川,12
県,12
満足,12
クライアントメディア,12
SpringBoot,12
病気,12
W,12
キャラクター,12
シナリオ,12
含ま,12
応,12
膨大,12
速度,12
便利,12
件,12
アクション,12
M,12
＃,12
記述,12
身,12
選択肢,12
セキュア,12
JAVA,12
パー,12
随時,12
検出,12
サービスグロース,12
フィット,12
Git,12
子会社,12
積める,12
自宅,12
代,12
変化,12
掲載,12
組成,12
プラン,12
距離,12
SW,12
集約,12
纏め,12
゙,12
#.,12
Shopify,12
アラートログ,12
laravel,12
⾏,12
プラント,12
Legal,12
成す,12
ElasicSearch,12
ビジネスマッチングアプリ,12
すり合わせ,12
ABAP,12
ハイ,12
DjangoRestFramework,12
CX,12
オンプレミスサーバー,12
疎通,12
ハイブリッドクラウド,12
アド,12
体,12
シーン,12
走り,12
手動,12
配分,12
セルフオーダー・セルフレジ,12
恵比寿,12
神保,12
御茶ノ水,12
撮影,11
権限,11
着実,11
JP,11
サイズ,11
個,11
掲げ,11
取り組める,11
急速,11
Mac,11
実証,11
誇る,11
携われ,11
横浜,11
トラフィック,11
CakePHP,11
l,11
マイル,11
ストーン,11
量,11
),,11
++/,11
会話,11
日常,11
該当,11
容量,11
Aurora,11
テストケース,11
補充,11
ウェブアプリケーション,11
カード,11
メニュー,11
種類,11
送金,11
BigQuery,11
図る,11
正式,11
速報,11
行政,11
ストレージ,11
ToB,11
軽減,11
Actions,11
備考,11
回答,11
同士,11
クラスタ,11
労務,11
XR,11
外注,11
wordpress,11
MLOps,11
リテラシー,11
デプロイパイプライン,11
BIM,11
プラグインソフトウェア,11
AASD,11
レスポンシブ,11
いらっしゃい,11
もらう,11
重用,11
リユース,11
事前,11
プロトタイピング,11
手伝い,11
描画,11
縮,11
後任,11
降ろさ,11
開催,11
精度,11
サーバサイドエンジニア,11
指定,11
特許,11
展示,11
LPO,11
EFO,11
化粧,11
誰,11
取り込み,11
コール,11
併せ,11
て,11
ドライブ,11
損保,11
積ん,11
覚え,11
大胆,11
取締役,11
WE,11
プリ,11
供給,11
由来,11
母集団,11
あなた,11
高まり,11
SAML,11
OIDC,11
pingfederate,11
リノベーション,11
リノベ,11
ディレクトリ,11
フェージング,11
専門医,11
英知,11
心理,11
17,10
140,10
知り,10
ガイド,10
保育,10
保護,10
監査,10
基礎,10
開,10
生かし,10
両立,10
可用性,10
引き継ぎ,10
++】,10
配布,10
働く,10
リアル,10
プライム,10
おける,10
高等,10
未来,10
目標,10
Learning,10
動かし,10
生み出す,10
有名,10
VMware,10
シス,10
Golang,10
CUBE,10
移植,10
そちら,10
内外,10
打合せ,10
終わり,10
マッチングアプリ,10
ライン,10
サンプル,10
レポーティング,10
飯田橋,10
ストラクチャ,10
GitLab,10
運,10
置き換える,10
在住,10
切り替え,10
我々,10
出金,10
資格,10
ウェブサイト,10
シェル,10
本件,10
オフライン,10
請け,10
創り,10
新入,10
フィットネス,10
兼任,10
トラッキング,10
Backend,10
培っ,10
Manager,10
AP,10
コミット,10
病院,10
使わ,10
出品,10
少なく,10
javascript,10
アニメ,10
宅配,10
月次,10
レイアウト,10
プロダクション,10
オンラインウォレット,10
④,10
分け,10
ライフスタイル,10
振込,10
転送,10
職場,10
合う,10
シェアリング,10
実験,10
固まっ,10
アノテーション,10
アーキテクチャー,10
昨年,10
バナー,10
当該,10
嬉しい,10
Deep,10
投信,10
約定,10
言わ,10
浸透,10
活かす,10
インテリジェンス,10
MD,10
学術,10
無線,10
資材,10
許さ,10
カラオケ,10
toil,10
Istio,10
市内,10
レストラン,10
データドリブン,10
サービスサーバーサイドエンジニア,10
フォークリフト,10
同業,10
到着,10
流用,10
請負,10
施工,10
13,9
2019,9
すれ,9
連絡,9
顔,9
改革,9
模索,9
続け,9
高め,9
とき,9
のち,9
減らし,9
POC,9
マネジャー,9
記載,9
幸せ,9
理想,9
デジタルトランスフォーメーション,9
量販,9
繋ぎ,9
レジ,9
h,9
軽微,9
かかわる,9
創る,9
持続,9
判断,9
L,9
法務,9
力添え,9
アバター,9
情,9
コーチング,9
加わる,9
時給,9
MVP,9
Script,9
社内外,9
F,9
メガ,9
職,9
予防,9
中央,9
対面,9
G,9
Github,9
訓練,9
教師,9
フリーランス,9
JQuery,9
増え,9
ディスカッション,9
難易,9
実感,9
ところ,9
室,9
アダプタ,9
シニア,9
取っ,9
MongoDB,9
受入,9
モール,9
アルバイト,9
一つ,9
LINE,9
料,9
ネイル,9
ベータ,9
オンラインクレーンゲームシステム,9
ゲームセンター,9
クレーン,9
景品,9
ウェブサービス,9
ロボティクス,9
定型,9
スケジューリング,9
ER,9
ゆくゆく,9
FileMaker,9
ポートフォリオ,9
ゲームアプリ,9
⑤,9
通話,9
属性,9
ビルディング,9
インタビュー,9
決算,9
グルメ,9
メディアコンサル,9
スマートフットウェア,9
商店,9
救う,9
治験,9
䛾,9
夜間,9
帯,9
オーダーシステムサービス,9
（～,9
プログラマ,9
java,9
タイプ,9
籍,9
コロナ,9
コンピュータ,9
クレジット,9
ポータル,9
英単語,9
尺,9
カスタマーサクセス,9
大事,9
デベロッパー,9
見守り,9
取次,9
パソコン,9
バーチャルライブプラットフォーム,9
ウェディング,9
オンコール,9
データドリブンシステム,9
役に立つ,9
サードパーティベンダー,9
描か,9
Transact,9
プロトタイプアプリ,9
くれ,9
日本橋,9
2022,8
保育園,8
PO,8
届ける,8
確保,8
ID,8
伴走,8
App,8
スキマ,8
地方自治体,8
人月,8
SES,8
リース,8
経費,8
分かれ,8
好き,8
大切,8
最小限,8
よい,8
無く,8
フ,8
快適,8
優れ,8
スピーディー,8
リスク,8
取りまとめ,8
予想,8
交換,8
賃貸,8
走,8
サプライ,8
チームリーダー,8
変える,8
等々,8
ウォーターフォール,8
進め方,8
シンプル,8
遂げ,8
ス,8
込み,8
光学,8
トレーニング,8
回線,8
見込み,8
考える,8
組,8
まとめる,8
本部,8
タイム,8
親会社,8
ビューア,8
シート,8
互換,8
移動,8
古い,8
カート,8
本体,8
インストール,8
オートメーション,8
やす,8
関わり,8
高く,8
積み,8
不明,8
整っ,8
学ぶ,8
静的,8
かけ,8
生徒,8
家電,8
",8
ガイドライン,8
台,8
担える,8
落札,8
か月,8
ルール,8
率,8
加わっ,8
商標,8
大人気,8
テスター,8
署名,8
なし,8
トレンド,8
ともなう,8
インスタンス,8
介し,8
定常,8
モビリティサービス,8
交通,8
EOL,8
報酬,8
うえ,8
受講,8
PDF,8
メタデータ,8
変わる,8
人気,8
マーケター,8
基準,8
分業,8
二つ,8
ウォレットシステム・ポートフォリオ,8
テクニカルディレクター,8
定性的,8
グラフィック,8
ビジュアル,8
゚,8
数学,8
負,8
データレイク,8
Glue,8
多種,8
広範囲,8
クラウドソーシングサービス,8
新薬,8
サービ,8
磨い,8
伸ばし,8
定額,8
マイカー,8
LegalTech,8
ブロックチェーントークン,8
チャート,8
屈指,8
骨董,8
受領,8
券,8
大都市,8
ex,8
手がけ,8
サロン,8
割り振り,8
明るく,8
CentOS,8
日本語,8
クラウドファンディングサービス,8
電機,8
異なる,8
格納,8
ビジネスインテリジェンスツール,8
略,8
書ける,8
最大限,8
WiFi,8
個々人,8
一覧,8
同時,8
文化,8
生じる,8
Tableau,8
いか,8
CtoC,8
ドライバ,8
土日,8
まわり,8
筐,8
リゾート,8
披露宴,8
引出物,8
フロントエンドソフトウェア,8
サーバーサイドシステム,8
試算,8
MLaaS,8
統括,8
大森,8
180,7
2021,7
2025,7
わかり,7
分散,7
以来,7
ガバメントクラウド,7
OCI,7
クラウドファンディング,7
短時間,7
WindowsServer,7
補足,7
ローカル,7
‧,7
◾,7
レイヤ,7
鉄道,7
全社,7
保管,7
至る,7
GraphQL,7
接客,7
応え,7
画,7
語,7
スプリント,7
先進,7
考案,7
共,7
老朽,7
P,7
費用,7
持ち帰り,7
フリマアプリ,7
初,7
　～　,7
スーパー,7
仲介,7
ソフトウエア,7
正常,7
休憩,7
卸売,7
スマホ,7
いっ,7
事象,7
国民,7
法,7
ジュニア,7
工夫,7
年内,7
!,7
スマートコントラクト,7
寄り,7
集,7
削除,7
ビルド,7
限ら,7
組み,7
後半,7
受け入れ,7
探せる,7
大幅,7
出荷,7
雇用,7
講義,7
開拓,7
動き,7
漫画,7
Express,7
論理,7
支払い,7
現実,7
センサー,7
Service,7
手段,7
十,7
PDCA,7
現時点,7
～/,7
ユニット,7
Apex,7
Apache,7
Nest,7
一人称,7
再生,7
ホテル,7
ＷＥＢ,7
生,7
カスタマーサポートチーム,7
レジャー,7
javaScript,7
途中,7
出店,7
いう,7
ランキング,7
メインアーキ,7
ラット,7
冗長,7
クレカ,7
サイトエンハンス,7
見つけ出し,7
国籍,7
Datadog,7
設立,7
cloud,7
Iaas,7
ビデオ,7
取,7
kubernetes,7
かせる,7
アート,7
マネー,7
フェイズ,7
受け取っ,7
念頭,7
是非,7
陣,7
く,7
信託,7
検品,7
エフェクト,7
診療,7
サプリメント,7
ポート,7
ニュー,7
ノーマル,7
おら,7
ヘルステックベンチャー,7
ケア,7
見積り,7
ネイルサービス,7
ネイルサロン,7
公的,7
システムリプレース,7
支払,7
放送,7
単純,7
実機,7
一体,7
適宜,7
ファッション,7
Framework,7
文字,7
就職,7
百,7
キッティング,7
ミーティング,7
データマーケティングプラットフォーム,7
小中学生,7
質問,7
エージェント,7
Firebase,7
I,7
テナント,7
長年,7
▶,7
次元,7
同社,7
GPS,7
≪,7
≫,7
)。,7
H,7
密接,7
カンタン,7
中流,7
渦,7
スプレッドシート,7
SP,7
東京大学,7
定式,7
サービスサイトリプレイス,7
ソリューション・アウトソーシング,7
積み重ね,7
過去,7
»,7
豊洲,7
Eclips,7
560,6
2023,6
所定,6
固定,6
一番,6
年間,6
金,6
強固,6
新旧,6
需給,6
短期間,6
SSR,6
認可,6
応じる,6
新人,6
教室,6
Redmine,6
支え,6
Engineer,6
徹底,6
やっ,6
トータルサポートシ,6
最大手,6
MDM,6
銀座,6
図っ,6
こみ,6
川崎,6
プライベートクラウド,6
Lambda,6
累計,6
頃,6
アプローチ,6
元請け,6
！/,6
エンターテインメント,6
楽しめる,6
無料,6
いこ,6
e,6
頻繁,6
レスポンス,6
中規模,6
業績,6
つくる,6
サブスク,6
上級,6
基づき,6
ReactNative,6
回せる,6
深い,6
コラボレーション,6
月末,6
組込み,6
文書,6
感じる,6
ダイレクト,6
自律,6
CloudFormation,6
稼動,6
超え,6
ネス,6
マッチ,6
Figma,6
プランナー,6
ロール,6
アシスタント,6
参考,6
新聞,6
先生,6
Virtual,6
DNS,6
エンドクライアント,6
切替,6
割合,6
六,6
ST,6
マイコン,6
ます,6
リリー,6
記録,6
書か,6
従う,6
始まっ,6
関与,6
件数,6
Data,6
バンク,6
品川,6
履歴,6
打ち合わ,6
ベンダ,6
ション,6
見込ん,6
映画,6
ー,6
ベンダーコントロール,6
弱,6
長け,6
リスト,6
インタフェース,6
CircleCI,6
GC,6
届け,6
メンタリング,6
モックアップ,6
研究所,6
やりがい,6
クーポンアプリ,6
スマートフォンゲームアプリ,6
限り,6
防止,6
切り分け,6
LIssue,6
負担,6
良く,6
促す,6
役,6
TV,6
福利,6
厚生,6
HTTP,6
正規,6
サブスクリプションサービス,6
マーケ,6
訪問,6
づけ,6
グルメサイトエンハンス,6
立ち上がる,6
CDP,6
同期,6
デジタルソリューション,6
被験者,6
同意,6
モビリティーサブスクリプションサービス,6
version,6
up,6
MLops,6
エッジ,6
仕入れ,6
コンシェルジュ,6
融合,6
CAD,6
アカウントポータル,6
xR,6
クラウドネィティブシステム,6
マルチクラウド,6
コンシューマ,6
順位,6
早期,6
触れる,6
EX,6
フォーマット,6
フィジビリティ,6
ゼロトラストソリューション,6
書き,6
税理士,6
請け負っ,6
大まか,6
高まっ,6
セットアップ,6
アライアンス,6
アンケート,6
翻訳,6
見れる,6
～）,6
円滑,6
取り扱う,6
アフィリエイト,6
絵,6
従業,6
ウォレット,6
MS,6
ファン,6
マネージメント,6
メンテ,6
建物,6
職人,6
グレード,6
準拠,6
スコア,6
html,6
スマホアプリエンジニア,6
向上心,6
連動,6
IC,6
J,6
最寄駅,6
青山,6
織り,6
交ぜ,6
詰める,6
Teams,6
かかる,6
オススメ,6
いつ,6
セールスフォース,6
PyTorch,6
torchvision,6
pytorch,6
image,6
models,6
mmcv,6
mmdetection,6
vissl,6
インプット,6
立ち向かっ,6
NDA,6
非公開,6
福岡,6
日程,6
<<,6
>>,6
コンビニ,6
«,6
PR,6
ToBe,6
即応,6
顧問,6
学べ,6
Pythpn,6
服装,6
講座,6
FE,6
麻布十番,6
新橋,6
45,5
80,5
500,5
2000,5
4000,5
5000,5
明確,5
皆様,5
スペシャリスト,5
田町,5
kintone,5
クリエイター,5
支出,5
PCI,5
DSS,5
電気,5
前後,5
スライド,5
タレント,5
一元化,5
UAT,5
情報処理,5
幸福,5
コンタクト,5
従来,5
理念,5
圧倒的,5
宿泊,5
⾯,5
Sass,5
修理,5
富ん,5
お金,5
為替,5
‼】,5
心,5
Boot,5
フロン,5
位,5
女性,5
c,5
DC,5
停止,5
リプレイスプロジェクト,5
受け渡し,5
長く,5
始まる,5
ふるさと,5
納税,5
直,5
虎ノ門,5
コーチ,5
渡る,5
有,5
01,5
Application,5
リードバックエンドエンジニア,5
線,5
クライアントエンジニア,5
落とし込ん,5
・,5
(※,5
rails,5
最高,5
slack,5
ランディングページ,5
出席,5
～（,5
BaaS,5
カスタム,5
Developer,5
Sier,5
PKG,5
セルフ,5
出張,5
式,5
QCD,5
++、,5
難しい,5
ボード,5
サーバーレスアーキテクチャ,5
サイクル,5
Security,5
比率,5
家庭,5
組合,5
本気,5
能動,5
Snowflake,5
落とし込み,5
向き合い,5
アーキテクティング,5
おこなえる,5
高校,5
育児,5
ISMS,5
得る,5
自発,5
触れ,5
小売り,5
誌,5
超,5
レイヤー,5
関わ,5
応答,5
付加,5
Lead,5
高,5
for,5
GW,5
近郊,5
グロースハック,5
複合,5
言い,5
集まっ,5
有り,5
ActiveDirectory,5
各社,5
仕,5
迅速,5
アセット,5
武器,5
GKE,5
対処,5
分担,5
配下,5
UT,5
マーケット,5
Jenkins,5
達,5
どこ,5
デリバリー,5
食,5
両面,5
PaaS,5
リクエスト,5
持ち帰っ,5
厳しい,5
不明瞭,5
寄り添い,5
つくっ,5
中日,5
サーバサイドプログラム,5
貿易,5
フロントエンド・バックエンド,5
カリキュラム,5
テックリードソフトウェアエンジニア,5
Software,5
伝え,5
アウトソーシング,5
抱え,5
通常,5
パーツ,5
Bootstrap,5
モック,5
プロフィール,5
アドバイザー,5
染み,5
代替,5
割け,5
同様,5
数多く,5
通用,5
各々,5
連続,5
Experience,5
レコメンデーション,5
指標,5
ゼロイチフェーズ,5
クーポン,5
増やし,5
カジュアル,5
お越し,5
パネル,5
コーディネート,5
※(,5
種,5
マザーズ,5
フラッグシップサービス,5
進ま,5
サイトリニュアル,5
再発,5
メンタルヘルス,5
RESTful,5
同行,5
開設,5
ios,5
呼び出す,5
理系,5
乗り換え,5
フローチャート,5
規,5
有る,5
フルリニューアル,5
ヘルスケアテック・スタートアップ,5
ガイドアプリ,5
アプリデザイン,5
レガシーコード,5
機材,5
類似,5
コンソール,5
フロントエンドアプリケーション,5
遅延,5
中国,5
退室,5
ワード,5
プレス,5
Adobe,5
口コミ,5
業態,5
エキスパート,5
一定,5
出す,5
サイト・リプレースプロジェクト,5
VDI,5
ジャンル,5
Code,5
SharePoint,5
大枠,5
excel,5
取り扱い,5
フィード,5
手配,5
Social,5
ベトナム,5
球,5
要,5
案内,5
css,5
始まり,5
ファンド,5
やる気,5
MT,5
【.,5
ビジネスパーソン,5
援,5
新設,5
突発,5
割り当て,5
とおり,5
させ,5
スピードアップ,5
集中,5
リング,5
ラボ,5
スペース,5
スチーム,5
とらわれ,5
尊重,5
売り上げ,5
見込ま,5
電波,5
機密,5
面白い,5
意向,5
ストーリー,5
RDB,5
ジョブ,5
UNIX,5
つなぎ,5
整え,5
Shell,5
廃止,5
物体,5
オンラインギフトプラットフォーム,5
願書,5
出願,5
ステップ,5
過程,5
デジタルアドエージェンシー,5
salesforce,5
優遇,5
良質,5
マクロ,5
大小,5
ブランチ,5
ポートレート,5
バックエンド,5
修得,5
名古屋,5
Store,5
Play,5
カ月,5
立て,5
⾦,5
融,5
node,5
改定,5
ECU,5
先方,5
~/,5
認知,5
クラウドインテグレーション,5
働い,5
システム・アプリ,5
群馬,5
ＩＴ,5
最寄り,5
つくば,5
老,5
葛西,5
16,4
53,4
200,4
初回,4
料金,4
分かり,4
近年,4
故障,4
クラウドソリューション,4
​,4
Ansible,4
多彩,4
Squid,4
Slim,4
ノー,4
ロー,4
与える,4
認,4
デジタルウォレットアプリ,4
暮らし,4
ブロックチェーンゲーム,4
募,4
出,4
達成,4
卒業,4
残り,4
半導体,4
サブリーダー,4
プレイングマネージャー,4
OutSystems,4
スマートフォンゲーム,4
リハーサル,4
ナレッジプラットフォーム,4
強い,4
踏襲,4
現地,4
エナジー,4
しまっ,4
兆,4
多言,4
ポリシー,4
応える,4
フルスクラッチ,4
経路,4
アジア,4
人称,4
Forbes,4
JAPAN,4
選出,4
新進,4
気鋭,4
突破,4
HW,4
IP,4
自己,4
おかげ,4
順調,4
アメリカ,4
もつ,4
モブ・ペア,4
Springboot,4
低下,4
習熟,4
Infrastructure,4
ゴルフ,4
Gin,4
来年,4
一環,4
サイネージ,4
駐車,4
悩み,4
WF,4
道路,4
若い,4
四ツ谷,4
DocumentDB,4
望む,4
コミック,4
直面,4
貸し,4
利益,4
キー,4
返済,4
夜,4
行く,4
自立,4
防ぐ,4
証明,4
屋,4
本来,4
工,4
程,4
#、,4
Notion,4
共感,4
口頭,4
非同期,4
メジャー,4
パターン,4
DDD,4
６,4
アノテーションツール,4
勧め,4
もらえる,4
子供,4
磨き,4
ならでは,4
動的,4
雰囲気,4
読み解き,4
Backlog,4
生放送,4
回り,4
本木,4
有する,4
議事,4
録,4
全文,4
債権,4
回収,4
チャンス,4
受け取り,4
基軸,4
s,4
調べ,4
RestAPI,4
読み書き,4
マンガ,4
欠員,4
クローラー,4
Visual,4
シティ,4
新大阪,4
つけ,4
AB,4
Active,4
オーク,4
イチ,4
柱,4
クリーニング,4
化学,4
セキュリティー,4
外郭,4
競技,4
包括,4
方面,4
決裁,4
中継,4
メーカ,4
)」,4
クラウドプラットフォーム,4
MSP,4
家族,4
コントロールプレーンネットワークファンクションノード,4
大丈夫,4
都合,4
生損保,4
ていし,4
JSP,4
人間,4
Mission,4
コンペティション,4
終わら,4
＃】,4
クローズド,4
きれ,4
イントラネット,4
サーブ,4
下支え,4
甲斐,4
アイドル,4
連係,4
jamstack,4
コマンド,4
諸々,4
扱える,4
発足,4
居,4
レコメンド,4
お気に入り,4
観光,4
j,4
チラシ,4
BEM,4
置い,4
付き,4
土台,4
プッシュ,4
スパイク,4
捌き,4
最小,4
暗黙,4
引き出し,4
選挙,4
Athena,4
BCP,4
コピー,4
家事,4
望め,4
入り,4
秘め,4
DSL,4
⑥,4
クラウドインフラエンジニア,4
モニターアライアンス,4
任せる,4
フルスタック,4
アーキチーム,4
られれ,4
時代,4
VPS,4
提携,4
パーソナル,4
有意義,4
クラウドストレージ,4
クラウドファイルストレージ,4
コンサルト,4
of,4
Unit,4
ライフメディアプラットフォーム,4
要約,4
デスクトップアプリ,4
マーケティングオートメーションツール,4
器,4
繁栄,4
繁盛,4
GPU,4
中枢,4
聞い,4
手帳,4
リプレースプロジェクト,4
込ま,4
縮小,4
仕分け,4
スーパーアプリ,4
広範,4
PostgresQL,4
MariaDB,4
挙動,4
DBA,4
足り,4
演出,4
b,4
期日,4
LDAP,4
一切,4
システム・スマートフォンアプリ・データ,4
取り扱っ,4
VBScript,4
原価,4
カー,4
マンション,4
最低限,4
ストア,4
文章,4
掛け合わ,4
手がける,4
見越し,4
小学校,4
後方,4
パワポ,4
短縮,4
独立,4
スクレイピング,4
進歩,4
投稿,4
ワークフローシステム,4
話し合い,4
スマホサーバ,4
取り持つ,4
エントリー,4
責務,4
Spark,4
書く,4
有難い,4
CAC,4
購読,4
レジスター,4
登用,4
疑似,4
工作,4
答え,4
努力,4
ドリブン,4
データサイエンスプラットフォームサービス,4
推論,4
EOSL,4
切り出し,4
聞き,4
プリペイドカード,4
先駆け,4
アイテム,4
AS,4
塾,4
tomcat,4
クローリング,4
実働,4
EMS,4
有識者,4
交流,4
手数料,4
音,4
広げ,4
礎,4
貪欲,4
卸業者,4
アドテク,4
屋外,4
屋内,4
アプリユーザー,4
立ち寄っ,4
滞在,4
立ち寄り,4
ORACLE,4
０,4
出身,4
バラエティ,4
出稿,4
創っ,4
支持,4
ウェブ,4
Swagger,4
コミックアプリ,4
バトル,4
困難,4
則っ,4
リグレッションテスト,4
EOS,4
Spready,4
Profiee,4
MW,4
ESG,4
Environment,4
Governance,4
読み込み,4
経歴,4
誇っ,4
CSV,4
出来れ,4
門前仲,4
当面,4
楽しい,4
髪型,4
Maya,4
額,4
タスクフォースチーム,4
部外,4
Win,4
スケーラブル,4
箇所,4
楽しみ,4
OpenCV,4
指摘,4
コーチングサービス,4
SSO,4
無人,4
デバック,4
手書き,4
授受,4
移,4
，,4
移設,4
汲み取り,4
ペーパー,4
見た目,4
網羅,4
買収,4
メイド,4
マーケティンク,4
Route,4
#/.,4
AsIs,4
棲み,4
ボディ,4
メイク,4
看護,4
kotlin,4
属人,4
喚起,4
三つ,4
医薬,4
vue,4
常勤,4
BE,4
g,4
MAU,4
上野,4
主婦,4
】.,4
swift,4
Objective,4
両国,4
14,3
22,3
39,3
65,3
70,3
160,3
250,3
バーコード,3
納期,3
Wi,3
Fi,3
自動的,3
中堅,3
最近,3
導く,3
活かせ,3
シ,3
足,3
ト,3
トー,3
クン,3
トランザクション,3
運輸,3
インパクト,3
具,3
単一,3
年度,3
巨大,3
DevSecOps,3
結びつける,3
ホスト,3
触っ,3
乗っ,3
CDK,3
オンプレサーバー,3
橋渡し,3
経,3
守り,3
株式会社,3
チームウィル,3
歩,3
実利,3
勘定,3
磨く,3
離脱,3
東,3
あした,3
Redshift,3
審査,3
仙台,3
iPaaS,3
努め,3
コンバージョン,3
リ,3
大人,3
トラスト,3
DynamoDB,3
デプロイメント,3
DR,3
健全,3
テクニカル,3
恒久,3
OpenAI,3
所有,3
短い,3
急増,3
#),3
労働,3
バランス,3
意義,3
飛躍,3
オンサイト,3
V,3
不可,3
ブラックボックス,3
こなす,3
歳,3
今年,3
夏,3
男性,3
各所,3
つながり,3
モダナイズ,3
Cisco,3
来,3
ブラウザゲーム,3
楽しく,3
深夜,3
手間,3
Type,3
┗,3
境界,3
部屋,3
‼/,3
ライター,3
書類,3
フリーランスエンジニア,3
オフィシャルサイト,3
振り返り,3
入場,3
半年,3
エンハンスメント,3
リーダーシップ,3
省庁,3
オペレーター,3
エスカレーション,3
日数,3
分離,3
駆動,3
健,3
診,3
改正,3
商業,3
出庫,3
間近,3
読者,3
Vercel,3
朝会,3
各人,3
gRPC,3
深堀,3
ToC,3
面白,3
難しく,3
回し,3
楽しむ,3
..,3
調剤,3
預かり,3
長期間,3
日本人,3
オンボーディング,3
⽅,3
補佐,3
ペア,3
機動,3
良好,3
感情,3
したい,3
直下,3
論,3
クラウドベース,3
取れる,3
SCSS,3
特性,3
年齢,3
婚,3
少ない,3
EAI,3
Asteria,3
ゴール,3
以,3
小中学校,3
校,3
児童,3
及,3
モーター,3
重工業,3
RSpec,3
キング,3
ブログ,3
量産,3
情勢,3
組ま,3
EM,3
使,3
Services,3
ヘッド,3
マネージャ,3
Aruba,3
設け,3
フィン,3
レコメンドエンジン,3
文脈,3
迎え,3
Studio,3
logcat,3
k,3
Shift,3
ホスティング,3
OracleDB,3
Kintone,3
Sitecore,3
PdM,3
昨今,3
耐え,3
/...,3
実用,3
初動,3
d,3
払い出し,3
権,3
マイページ,3
－,3
AKS,3
金属,3
サイバーセキュリティ,3
アウトソーシングサービス,3
導,3
とれる,3
築き,3
関心,3
WebRTC,3
PostgeSQL,3
保全,3
続く,3
アセスメント,3
タブレットアプリ,3
XD,3
アプリデータ,3
唯一,3
文京,3
EdTech,3
ｷｬﾘｱ,3
メッセージ,3
Smarty,3
未定,3
秋,3
BBQ,3
アウトドア,3
適度,3
不定期,3
繰り返す,3
秘書,3
親友,3
オンデマンド,3
kafka,3
テクニカルディレクション,3
バーションアップ,3
後進,3
損益,3
ruby,3
)　,3
演習,3
幼稚園,3
園,3
パワー,3
導い,3
シナリオライター,3
Lob,3
Log,3
ソリューションプラットフォーム,3
アリケーション,3
リプレイス・,3
カスタムサーチコマンド,3
サーチクエリ,3
伸び,3
Dev,3
インフルエンサー,3
ミニアプリ,3
半分,3
Ops,3
クライアントワーク,3
アクセシビリティ,3
買う,3
助け,3
POP,3
売価,3
Product,3
あい,3
アジリティ,3
cordova,3
ionic,3
デザインモック,3
除き,3
⼈,3
OpenSearch,3
コストパフォーマンス,3
システムデザインプロジェクト,3
VueJS,3
フロントエンドサーバー,3
OAuth,3
Keycloak,3
ベンダー・,3
ゼネコン,3
Windous,3
Citrix,3
Apps,3
and,3
AMI,3
Okta,3
鉄鋼,3
GFD,3
プロダクトマネージャー・デザイナー・サーバサイドエンジニア,3
インハウス,3
ブランドクリエティブチーム,3
払,3
戻,3
アドバイザリーチャットポット,3
転換,3
毎週,3
金曜日,3
リーガルテックサービス,3
AgriTech,3
Internal,3
尽力,3
サーバーサイドエンドエンジニア,3
Jamstack,3
作れる,3
フロントエンドロジック,3
webAPI,3
取ら,3
コンシューマーゲーム,3
詰まっ,3
区別,3
タイムリー,3
）/,3
ThreeJS,3
らっしゃる,3
マネ,3
WebEx,3
見つけ出す,3
サポートシステムリニューアル,3
ポスト,3
シェーダ,3
適応,3
データ・ドリブン,3
アドバンスドコンサルティングパートナー,3
サーバーリプレース,3
EmotionTech,3
FAT,3
exFAT,3
敷か,3
Neo,3
見解,3
リードフロントエンドエンジニア,3
セレモニー,3
バックエンドクラウドサービス,3
プロジェクトネジメント,3
割り振っ,3
もらっ,3
すり,3
ニアエル,3
とどまら,3
形成,3
config,3
Event,3
ccVES,3
DMZ,3
合い,3
クエリコンソール,3
動産,3
想い,3
api,3
スコープ,3
広報,3
言っ,3
配慮,3
含み,3
細かい,3
Enterprise,3
若干,3
流通サービス,3
漢字,3
算数,3
コスメ,3
フロントエンドエ,3
トップページ,3
OMR,3
読取,3
返却,3
有効,3
リファラル,3
知名度,3
PMF,3
個々,3
クラウドソーシングプラットフォーム,3
Sports,3
ヨーロッパ,3
出向,3
sharepoint,3
サーバーサイドアプリケーション,3
試行錯誤,3
耐,3
段取り,3
ブラウザベース,3
米国,3
パンフレット,3
精査,3
育て,3
起点,3
Insight,3
就,3
輪番,3
プラットホーム,3
失敗,3
マテリアルプラットフォーム,3
データマート,3
春,3
不正,3
分かる,3
有数,3
扱い,3
被害,3
バックエンド・フロントエンド,3
IPO,3
高齢,3
On,3
立ち上がっ,3
Blockchain,3
受信,3
イレギュラー,3
バス,3
またがる,3
MVC,3
放題,3
セミナー,3
キャパシティプランニング,3
ベンチャーエコシステム,3
繰り返し,3
引き合い,3
mall,3
Hybris,3
ElasticStack,3
空,3
個所,3
プレ,3
マネージドサービス,3
移転,3
承認,3
恋愛,3
読ん,3
Storage,3
ステージング,3
ホワイト,3
耳,3
クラウドアプリケーション,3
動,3
値,3
FPGA,3
使いこなせる,3
観,3
築く,3
プレミアム,3
御座い,3
コメント,3
アプリーケーション,3
チャットフィクションアプリ,3
ビュー,3
細か,3
始める,3
react,3
活か,3
フロントエンド・サーバーサイド,3
サーバレスアーキテクチャ,3
任さ,3
組む,3
俯瞰,3
有料,3
野球,3
勝敗,3
リーグ,3
ミラー,3
切り出す,3
早く,3
エクセル,3
意味,3
やりとり,3
クオリティチェック,3
オフショアメンバ,3
ともない,3
代わる,3
オンボーディングプラットフォーム,3
コーダ,3
カム,3
Menu,3
制約,3
コンバート,3
ＵＴ,3
Quorum,3
⽀,3
教え,3
Js,3
テクニカルアーティスト,3
美しく,3
生きる,3
番組,3
コト,3
サイトフロントエンド,3
見つける,3
サービスオンラインショッピングサービス,3
ランニング,3
オンラインカーリースサービス,3
Prisma,3
有益,3
家賃,3
債務,3
OracleDBA,3
アプリチーム,3
札幌,3
定着,3
アバターアイテム,3
着用,3
衣装,3
小物,3
スキニング,3
ノイズキャンセリング,3
リップ,3
シンク,3
歌唱,3
ボイス,3
起票,3
定時,3
徒歩,3
ネットスーパーシステム,3
スタブ,3
おこす,3
mysSQ,3
奮っ,3
データモデル,3
日進月歩,3
芸能,3
満たす,3
点検,3
サービスディリバー,3
COMPANY,3
編成,3
風,3
as,3
FFMpeg,3
SQLAlchemy,3
AirFlow,3
Ceph,3
Gateway,3
港,3
まし,3
09,3
減らす,3
図面,3
シミュレータ,3
絡ん,3
ショッピングカートサービス,3
フルタイム,3
プログラマブル,3
ホワイトボックス,3
スイッチ,3
データ・プレーン,3
　(,3
国立,3
数数,3
UiPath,3
csv,3
応援,3
浅く,3
政治,3
爆,3
速,3
駆け抜け,3
会い,3
/.,3
復元,3
LIVE,3
採点,3
スマホアプリエンジニアオープンポジション,3
制限,3
ウェブベース,3
サイト・アプリ,3
年賀状,3
カテゴリ,3
Rubys,3
フリーミアム,3
言える,3
AUTOSAR,3
ロイヤルカスタマー,3
Maas,3
GRANDIT,3
ユニークブラウザ,3
カバレッジツール,3
GCOV,3
LCOV,3
QAC,3
Access,3
率先,3
フルリモート・ワーケーション,3
上り,3
競合,3
大学生,3
読,3
影,3
SCCS,3
）],3
イラスト,3
惜しま,3
邁進,3
かご,3
トラック,3
プレー,3
診察,3
処方箋,3
メンタルケア,3
なれる,3
経緯,3
ディ,3
プラーニング,3
ファースト,3
アドバイザリー,3
CVC,3
都庁,3
九段下,3
PP,3
アジャイアル,3
持,3
オンプレサーバ,3
首都,3
圏,3
検体,3
請負う,3
医院,3
ＰＨＰ,3
至急,3
)：,3
小倉,3
奈良,3
大和高田,3
浅草橋,3
)＜,3
海浜幕張,3
！(,3
長原,3
Bilingual,3
24,2
31,2
90,2
150,2
300,2
600,2
1000,2
1500,2
2007,2
2017,2
いい,2
見せ,2
選び,2
終わる,2
IcT,2
バックオフィスシステム,2
入館,2
プロジ,2
技,2
確実,2
EBS,2
地位,2
確立,2
医学,2
ネイリスト,2
シームレス,2
クラウドシフト,2
置き,2
ユニークネス,2
NetSkope,2
Menlo,2
パブリッククラウドアクセス,2
！[,2
仮称,2
FiNANCiE,2
結ぶ,2
GameFi,2
前進,2
グループプラットフォームアプリ,2
サ,2
組み込ん,2
GAS,2
いけ,2
チャットボットシステム,2
ＡＷＳ,2
チャットボ,2
管制,2
個性,2
才能,2
発掘,2
名前,2
抜擢,2
制度,2
ガバナンス,2
in,2
広める,2
デザインパトナー,2
法令,2
蓄電池,2
トランスフォーメーション,2
ＰＪ,2
-　,2
Connect,2
挑む,2
RAG,2
広げる,2
|,2
精密,2
MAM,2
大崎,2
概念,2
markdown,2
店頭,2
脱却,2
Teradata,2
グロースフェーズ,2
珍しく,2
多め,2
火,2
木,2
Revel,2
Power,2
クラウドセキュリティソリューション,2
ラック,2
IIS,2
ひと,2
リソウ,2
LABO,2
EUC,2
LLM,2
Rust,2
深め,2
エンゲージメントプラットフォーム,2
根本,2
呼ば,2
ヵ月,2
配,2
クライアントアプリ,2
システムバックエンドエンジニア,2
街,2
ディスパッチ,2
悪かっ,2
Dynamics,2
増える,2
オペレーションアウトソーシング,2
好奇,2
使命,2
Small,2
桜木,2
常識,2
Center,2
Suite,2
BSDB,2
東新宿,2
メタバース,2
アプリプロジェクト,2
PLSQL,2
Database,2
Exadata,2
アミューズメント,2
CICD,2
スキマバイトアプリ,2
今季,2
前年度,2
比,2
GIS,2
ラーニング・キャリア,2
最寄り駅,2
スペシャリティ,2
落とし,2
練習,2
クラウドリフト,2
Project,2
空気,2
管,2
Tailwind,2
Dart,2
循環,2
申込み,2
アプリケーショ,2
巻き,2
ナレッジ,2
勝どき,2
LMS,2
古く,2
Zoom,2
TB,2
リアーキテクチャ,2
iPad,2
CloudFront,2
ツリー,2
パーキング,2
キャパシティ,2
皆さん,2
[",2
",",2
"],2
橋,2
修繕,2
ルート,2
立ち上がり,2
休日,2
祝日,2
卸,2
麹,2
買い物,2
高性能,2
つない,2
ライブラリー,2
単月,2
://,2
jp,2
溶接,2
打点,2
ハンディアプリ,2
みんな,2
付帯,2
ドリ,2
(※),2
Ubuntu,2
可否,2
）...,2
　...,2
IAM,2
計,2
顧,2
輸入,2
Symfony,2
検眼,2
眼鏡,2
組合わ,2
京都,2
時価,2
緊急,2
lambda,2
退職,2
VC,2
MFC,2
筋,2
IDaaS,2
リフト,2
警備,2
サービスローンチ,2
見込む,2
⽇,2
危機,2
⾃,2
終え,2
投げ,2
Selenium,2
応対,2
EV,2
体育館,2
グラウンド,2
住民,2
貸し出す,2
ハイブリット,2
競馬,2
入れ替え,2
データベースシステム,2
駐在,2
⽉,2
当事者,2
前半,2
タイヤ,2
とも,2
※...,2
つく,2
試行,2
耐える,2
nd,2
１つ,2
推し進め,2
使え,2
例外,2
好調,2
合成,2
一丸,2
ベテラン,2
決まり,2
流,2
決める,2
平均,2
電動,2
充電,2
Chatwork,2
Teeams,2
meet,2
ZOOM,2
目処,2
曖昧,2
立てる,2
サイ,2
どれ,2
WPF,2
聴き,2
=,2
触り,2
CAN,2
➢,2
特権,2
JIRA,2
Confluence,2
隔週,2
K,2
‼,2
Sphere,2
ハード,2
Ｗｅｂ,2
入れる,2
改,2
規定,2
急務,2
末,2
request,2
わけ,2
Test,2
カルチャー,2
コンテンツマネジメントシステム,2
７,2
８,2
知的,2
センタ,2
合理,2
Jira,2
某社,2
来店,2
Core,2
Directory,2
Vmware,2
CP,2
撤去,2
特殊,2
補完,2
スタイリング,2
ReactJS,2
即し,2
相場,2
実,2
売,2
Operation,2
取込み,2
アーキテクチャー・,2
ウィルス,2
増設,2
シュート,2
サンプルアプリ,2
建,2
公営,2
ビルドツール,2
ネットバンクインフラ,2
VM,2
Solaris,2
他者,2
用品,2
Pro,2
職員,2
浅い,2
Tomcat,2
台数,2
余裕,2
無理,2
IdP,2
違い,2
終,2
Agile,2
echo,2
Desktop,2
Gradle,2
ハンズオン,2
提言,2
生まれる,2
スーパーマーケット,2
フード,2
外販,2
アプリバックエンド,2
CVR,2
付き合い,2
メンター,2
ビジネスオーナー・プロダクトマネージャー・デザイナー,2
エンタテインメント,2
Design,2
ごろ,2
月額,2
admin,2
LaravelPHP,2
ウェフ,2
受け取る,2
運営上,2
空い,2
エクストリーム,2
調べる,2
スピーカー,2
思想,2
近づけ,2
先回り,2
ドライバー,2
運行,2
事故,2
VPoE,2
Andoroid,2
手続き,2
照会,2
HOST,2
プログラミングスクールサービス,2
既定,2
ブレスト,2
ガントチャート,2
サポートヘルプデスク,2
則り,2
フィットネスアプリ,2
的確,2
住,2
コンセプト,2
カスタマー,2
レガシーブラウザ,2
IE,2
chrome,2
上がっ,2
研修生,2
フルリプレース,2
書き直す,2
ビルドシステム,2
読解,2
OpenStack,2
BusinessObject,2
カラーミーショップ,2
Makeshop,2
オンラインクレーンゲーム,2
デジタルクリエイター,2
ラージングマネジメントシステム,2
用途,2
教示,2
Embulk,2
見極め,2
ヘッドレスコマースプラットフォーム,2
ヒヤリング,2
ドローンシステム,2
⑴,2
ひとつ,2
プライス,2
一時,2
わかる,2
インデックス,2
任意,2
還元,2
エレメント,2
重み,2
攻撃,2
五反田,2
ニュースアプリ,2
およぶ,2
スニーカーフリマアプリ,2
ファームウェア,2
Desktops,2
Citirx,2
figma,2
SSL,2
UTM,2
Swing,2
チャットフレームワーク,2
NLP,2
毎朝,2
スタンドアップミーティ,2
ング,2
表,2
TypeScipt,2
ミル,2
キューブ,2
楽天,2
アマゾン,2
手作業,2
実相,2
PositioningService,2
真因,2
伺う,2
MacPC,2
リフォーム,2
生き,2
オウンドメディア,2
Gp,2
パフォーマンスチューニング・フィードバック,2
ギャップ,2
プルリクエストベース,2
マージ,2
LHL,2
一翼,2
新型,2
ウイルス,2
ハイエンド,2
プレイヤー,2
シェーダー,2
フサーバーサイド,2
ひとりひとり,2
パート,2
条文,2
サイバーセキュリティインシデント,2
ハンドリング,2
フォレンジック,2
MQ,2
電文,2
紐解き,2
ネットブートサーバ,2
ubuntu,2
ジョブカンシリーズ,2
アイ,2
リクルーティングサービス,2
SOC,2
疑問,2
ASIS,2
TOBE,2
Foxit,2
整合,2
兼ね備え,2
あげ,2
クリア,2
プロキシサーバ,2
キシ,2
InterScan,2
ｱﾌﾟﾗｲｱﾝｽ,2
RSA,2
Authentication,2
いだき,2
デリバリ,2
デリバリ・,2
DL,2
振り分け,2
ススメ,2
そのもの,2
ピル,2
インテグレート,2
推奨,2
アドテクプラットフォーム,2
盛り込ん,2
挙げ,2
抱く,2
バウンド,2
トレード,2
防犯,2
合わせる,2
行なう,2
基金,2
キャリアアップシステム,2
開示,2
グッズ,2
匿名,2
だれ,2
送る,2
プリント,2
公,2
庁,2
はかる,2
巻き込み,2
正確,2
マン,2
For,2
推し進める,2
リファラルリクルーティングプラットフォーム,2
訳,2
フロントエンドエンジニアリング,2
係わっ,2
プロトコル,2
デジタルトークン,2
エステ,2
特別,2
税務,2
システムアプリ,2
棚卸し,2
マッチングプラットフォームシステム,2
アドホック,2
シミュレーション,2
ウェルネス,2
出会い,2
EPM,2
いらっしゃる,2
ハイクラス,2
有利,2
回す,2
Pipeline,2
As,2
Notes,2
マッチングアプリサービス,2
傾向,2
とらわれる,2
省力,2
デグレード,2
すすめ,2
SoftwareEngineer,2
与信,2
Bigquery,2
社団,2
クラウドファンディングプラットフォーム,2
ソリューションサービス,2
電源,2
配線,2
バックエンドリードエンジニア,2
素早い,2
..）,2
入所,2
識別,2
逸脱,2
サイバーリンク,2
FaceMe,2
録音,2
SharePointServer,2
SPS,2
常時,2
オーケストレーション,2
当たり前,2
メタ,2
見合っ,2
キュレーションアプリ,2
キュレーション,2
未知,2
ブリッジ,2
検収,2
とりまとめ,2
考査,2
あげる,2
右肩,2
上がり,2
創,2
サーベイ,2
フロントエンドコーディング,2
リファクタリング・,2
跨い,2
考え方,2
角度,2
Air,2
折込,2
ポ,2
スティング,2
DM,2
Symphony,2
リライト,2
産廃,2
選ん,2
著名,2
Query,2
Thymeleaf,2
プロデューサー,2
加わり,2
コンフィグ,2
フィナンシャル・グループ,2
unity,2
CG,2
Capybara,2
コーポレートサイトリニューアル,2
スタンス,2
話し,2
Kibana,2
以内,2
支,2
主催,2
MPA,2
聴取,2
レガシーシステム,2
自信,2
アーム,2
高校生,2
作り直し,2
テクニカルサポートエンジニア,2
語学,2
改訂,2
出納,2
データアノテーション,2
モーション,2
一人ひとり,2
ウエア,2
あと,2
つける,2
身体,2
着手,2
着け,2
相性,2
とっ,2
割り込み,2
z,2
Lift,2
データチェック,2
相当,2
脈,2
波,2
接触,2
機構,2
PowerShell,2
PowerBI,2
於け,2
acc,2
Exchange,2
Online,2
バイト,2
誕生,2
おしゃれ,2
MYSQL,2
Fluentd,2
準ずる,2
デバッガー,2
Big,2
下さる,2
フロントエンドシステム,2
及ん,2
ソート,2
AIR,2
クライアントコミュニケーション,2
サウンドアプリ,2
楽器,2
ガ,2
ジェット,2
作曲,2
親子,2
進む,2
橋梁,2
鋼材,2
破断,2
非破壊,2
手軽,2
そう,2
レコメンドシステム,2
システムクラウド,2
細かく,2
ソーシャルネットワークプロジェクト,2
加味,2
リコメンド,2
ハイエンドファッションブランド,2
BPO,2
改変,2
SF,2
オンボーディングツール,2
打,2
税,2
スマートフォンサイト,2
オンラインバカラゲーム,2
カジノ,2
直結,2
スマホベース,2
バカラゲーム,2
ヒストリ,2
走行,2
かかわっ,2
大変,2
アセンブラ,2
使える,2
贅沢,2
チャットフィクションアプリ・,2
サーバーサイドメイン,2
フリマアプリ・,2
了承,2
ソーシャルビッグデータ,2
Serverless,2
読む,2
急激,2
伸びる,2
レスポンシブサイト,2
インフルエンサーマーケティングプラットフォーム,2
挙げれ,2
働ける,2
預金,2
メディアアプリ,2
Bitcoin,2
Ethereum,2
数少ない,2
ソリューションツール,2
Drupal,2
生み出し,2
回復,2
パフォーマンス・チューニング,2
アーティスト,2
話題,2
Q,2
性質,2
南,2
Ext,2
オンラインゲームインフラ,2
日報,2
クリエイターマッチングプラットフォーム,2
クリエイターツール,2
ネイティブアドネットワークサービス,2
レコメンドエンジンサービス,2
procedure,2
GitHUB,2
UWP,2
統制,2
存分,2
Chatbot,2
乗り,2
•,2
AAI,2
ネットバンキングアプリ,2
Rudux,2
ハイライト,2
重量,2
マイクロフロントエンド,2
ブロー,2
GoldenGate,2
Fin,2
詐欺,2
小説,2
準じ,2
バックエンドメイン,2
傾け,2
参入,2
固め,2
引っ張っ,2
ジョブスケジュール,2
授業,2
勉強,2
オプション,2
セル,2
グラフィックス,2
戻す,2
r,2
terraform,2
プライムベンダー,2
Mobility,2
請,2
チャットボットサービス,2
フォトグラファー,2
入居,2
所持,2
Movable,2
ELT,2
細分,2
薬品,2
AngularJS,2
Sentry,2
AdobeAnalytics,2
08,2
プロジェクトゲームエンジニア,2
EDA,2
オンラインストア,2
SAS,2
サウンド,2
書類作成,2
受払,2
利息,2
着せ,2
替え,2
モー,2
ライブラリアン,2
スポーツマーケットプレイス,2
車検,2
SQLite,2
起こす,2
プロビジョニング,2
ノイズ,2
除去,2
インクリメント,2
はかり,2
Cobol,2
PostGres,2
Reac,2
居住,2
スマートデバイスアプリケーション,2
KPT,2
dailymeeting,2
千葉,2
さがし,2
Musubi,2
切り口,2
年数,2
初心者,2
有無,2
Airflow,2
携,2
ローコードシステム,2
キャラ,2
戦闘,2
下半期,2
発表,2
体感,2
オフシュア,2
)＋,2
テクノプロエンジニア,2
卒業生,2
即時,2
Team,2
PRJ,2
補強,2
永い,2
培わ,2
新鋭,2
万全,2
定評,2
Job,2
三田,2
モビリティーサービス,2
共鳴,2
すまい,2
Backbone,2
TL,2
臨時,2
!!（,2
規格,2
オブジェクト,2
指向,2
受け入れる,2
回路,2
簡素,2
取り次ぎ,2
スロークエリ,2
index,2
TOP,2
ナビ,2
こなし,2
不安定,2
Proof,2
Concept,2
最後,2
プール,2
保持,2
リピート,2
残っ,2
オーバー,2
インボイス,2
ポインタ,2
枠組み,2
BW,2
スト,2
Vsphere,2
Vsan,2
VRops,2
FTP,2
判別,2
Loader,2
催事,2
コンベンション,2
宣伝,2
ノベル,2
ティー,2
名寄せ,2
関われ,2
アスリート,2
追っかけ,2
SSRWEB,2
⾒,2
直し,2
ゲスト,2
消去,2
オンドメディア・,2
コミュニティー,2
問診,2
手元,2
PCR,2
直感,2
システムインフラエンジニア,2
締結,2
関数,2
伝える,2
モンキー,2
キャディ,2
定性,2
AutoML,2
Looker,2
KCPS,2
LB,2
立体,2
レーザー,2
Coldfusion,2
RPM,2
CF,2
デザインモックアップ,2
デジタルカメラネットワーク,2
Salseforce,2
データパイプラインアーキテクチャ,2
拡販,2
四季,2
報,2
喜び,2
既製,2
売店,2
発達,2
出入り,2
役所,2
DS,2
Modern,2
WindowsAD,2
中期,2
ビル,2
デジタルワークプレイス,2
ワークプレイス,2
打鍵,2
エビデンス,2
簿,2
サンプリング,2
ユーザーマイページ,2
ユーザマイページ,2
ムービー,2
バッグ,2
LDR,2
Three,2
EPC,2
AutoScaling,2
notes,2
Sharepoint,2
online,2
exchange,2
root,2
デザインレイアウト,2
IA,2
オフショアリング,2
ホスピタリティ,2
サーババックエンド,2
バックオフィスツール,2
生む,2
Tabiq,2
話し合っ,2
方向,2
くる,2
クローラ,2
日付,2
本文,2
顔合わせ,2
RTE,2
Xtend,2
工業,2
レーザ,2
Tool,2
サーボ,2
治,2
ゲイン,2
たび,2
やる,2
++」「,2
になっ,2
動き出し,2
盛り上げ,2
PBX,2
フリマサービスプラットフォーム,2
フリマサービス,2
Gem,2
完璧,2
APIManager,2
DevelopperPortal,2
口,2
コミアプリ,2
Payme,2
➤,2
併売,2
WebJava,2
一式,2
払い出さ,2
New,2
Relic,2
facebook,2
MNO,2
締め,2
SFTP,2
狙っ,2
PaloAlto,2
SaasFW,2
PrismaAccess,2
DAC,2
フラット,2
クオリティアップ,2
アフィリエイトメディア,2
先日,2
多人数,2
ミドルウェアバージョンアップ,2
ワークフローパッケージ,2
#）,2
回覧,2
目下,2
工学,2
聞か,2
GB,2
抑える,2
中高生,2
提起,2
キャンペーンサイト・プロモーションサイト,2
Middleman,2
Gulp,2
Grunt,2
Webpack,2
師,2
コメディカル,2
歯科,2
スケジューラ,2
NC,2
手薄,2
マネージ,2
しよ,2
コンシェルジュチャットプラットフォーム,2
増,2
オート,2
Terrafrom,2
ansible,2
Infra,2
Saleforce,2
Saleseforce,2
降り,2
サーバーリプレイスサービス,2
名刺,2
イノベイティブ,2
交え,2
ロジスティクスサービス,2
分断,2
トレースソリューション,2
スマートロジスティクス,2
風土,2
部長,2
フロンエンドエンジニア,2
firebase,2
エキサイティング,2
リプログラミングソフトウェア,2
リプログラミング,2
Kuebrenets,2
開発元,2
交渉,2
データセット,2
除く,2
スマホアプリサービス,2
珍しい,2
開業,2
ビジネスメンター,2
サーバリプレース,2
マネージド・サービス,2
issue,2
グランド,2
アドバイザリーチャットボット,2
バリュエンスグループ,2
フロントエンドポジション,2
バックエンドポジション,2
ポーティング,2
うまく,2
要請,2
ITRON,2
シナジー,2
バッグエンドエンジニア,2
スマートフォンアプリベース,2
就労,2
テコ入れ,2
巡り,2
合える,2
デンソーアジャイル,2
⾮,2
フィックス,2
AccessVBA,2
∟,2
集まる,2
造る,2
ディレクションアシスタント,2
Photoshop,2
Illustrator,2
単,2
価,2
直後,2
収支,2
MM,2
ライフサイクル,2
探索,2
易い,2
機種,2
抵抗,2
好評,2
成,2
清算,2
アフェリエイトネットワーク,2
ーマルチクラウド,2
高級,2
各国,2
蒲田,2
サッカー,2
クラブ,2
富裕,2
反響,2
本町,2
メソッド,2
花,2
intra,2
mart,2
南森,2
フリー,2
関東,2
明細,2
三,2
愛知,2
ビジネスコンサル,2
人形,2
RaaS,2
IDCF,2
マルチクラウドハイブリッド,2
急ピッチ,2
局内,2
～　,2
ハッピー,2
博多,2
エクセルデータ,2
ほしい,2
クライアントサイト,2
コンセプトシェアハウス,2
中野,2
小学生,2
茅場,2
ワークフローソフト,2
市ヶ谷,2
稼ぎ,2
４月,2
/：,2
ＩＣＴ,2
宇都宮,2
スマートフォンエンジニア,2
船橋,2
php,2
芝公園,2
区内,2
大門,2
松山,2
列,2
25,1
35,1
38,1
42,1
62,1
93,1
96,1
130,1
240,1
309,1
350,1
550,1
900,1
2010,1
2012,1
2016,1
2018,1
2500,1
7000,1
8000,1
14000,1
20000,1
キーエンス,1
BT,1
先人,1
読み込ん,1
プロコンシステム,1
MXCAM,1
素人,1
支払う,1
申し上げ,1
ハブ,1
質量,1
分析計,1
およ,1
INV,1
RedHat,1
ガバメント,1
GL,1
ワークショップ,1
セキュリティコンプライアンス,1
ネイルデザイン,1
行え,1
:【,1
オーケストレーションサービス,1
SO,1
オフシ,1
あえ,1
消防,1
防災,1
ツー,1
スキマバイト,1
クライ,1
防衛,1
船舶,1
航行,1
アプリ・システム,1
ITCollege,1
免税,1
オブザーバビリティ,1
SLI,1
SL,1
DataStage,1
SPARK,1
インフォマティカ,1
プリントアウトソーシング,1
フィードバ,1
メイ,1
引き継い,1
申し込む,1
フロントエンドサイト,1
Webview,1
SMP,1
マッ,1
ツ,1
対等,1
クライテリア,1
シェアフル,1
ジュニアメンバーポジション,1
苦戦,1
乗り越え,1
気象,1
予報,1
指輪,1
左手,1
薬指,1
軌道,1
GitHubActions,1
学内,1
：～,1
インフラソリューション,1
工具,1
WinActor,1
許諾,1
不十分,1
~/「,1
Made,1
Japan,1
好ましい,1
アプリフロントエンド,1
Fab,1
any,1
趣向,1
テ,1
オンプレサービス,1
EoSL,1
Kinesis,1
伸ばす,1
コーダー・,1
八王子,1
Intune,1
翌月,1
しな,1
セキュリティソリューション,1
Qast,1
エディタ,1
components,1
actions,1
堅牢,1
バラバラ,1
こ,1
⼒,1
余す,1
要領,1
給付,1
適,1
本数,1
Fuel,1
⾔,1
v,1
Mysql,1
フレームワ,1
（±,1
曜日,1
リファインメント,1
#_,1
プロダク,1
MicrosoftSQLServer,1
WSFC,1
さら,1
集積,1
DataBricks,1
BigData,1
エンゲージメントプラット,1
IBM,1
なくす,1
人生,1
【...,1
KDDI,1
マネージドセキュリティサービス,1
Co,1
ディザスタリカバリ,1
監,1
応急,1
ガイダンス,1
NestJS,1
?,1
づく,1
力強く,1
メタバースサービス,1
減少,1
治療,1
ソフトウェアソリューション,1
二子,1
玉川,1
Pytho,1
デリバティブ,1
アプリケ,1
Think,1
big,1
Start,1
SIP,1
バックエンドリプレース,1
バックエンドリプレースプロジェクト,1
オフショアメンバー,1
アジャ,1
AmazonConnect,1
人類,1
非常識,1
Workflows,1
ただ,1
ウェブシステム,1
メタバースプラットフォーム,1
周囲,1
ソーシャルコマースサービス,1
並,1
要項,1
熱中,1
誇れる,1
遊べる,1
classicASP,1
エンタメマッチングアプリ,1
界隈,1
心掛け,1
】【②,1
OBIC,1
エントリ,1
XML,1
SOAP,1
WSDL,1
JSON,1
(...,1
ビルド・,1
責,1
カジ,1
天王,1
洲,1
アイル,1
軽量,1
フロ,1
続き,1
組織立ち,1
Ia,1
抵,1
コンプライアンス,1
プ,1
カスタマーエクスペリエンス,1
マイクロサー,1
ヒット,1
アプリインフラエンジニア,1
Struts,1
エグゼクティブ・コーチング,1
クラウドサーバー,1
モバイ,1
バッチアプ,1
summary,1
Nextjs,1
Work,1
respon,1
eKYC,1
滑らか,1
遅,1
開放,1
インラフエンジニア,1
水道,1
システムクラウドサービス,1
Word,1
PowerPoint,1
GoLand,1
PHPStorm,1
,...,1
ゲームイベントプラットフォーム,1
OTE,1
GIN,1
取る,1
竹,1
芝,1
MOBI,1
AGENT,1
ドキ,1
組版,1
ステーブルコイン,1
つい,1
決,1
スマホマルチ,1
Skype,1
Post,1
系統,1
ＯＳ,1
引か,1
対向,1
レスポンシブデザイン,1
#),,1
Et,1
リリ,1
火葬,1
移り,1
かみ,1
砕き,1
着く,1
!!,1
切磋琢磨,1
バックエンドライブラリ,1
あらた,1
モ,1
津,1
アプリ・バッチサーバ,1
迂回,1
溜池,1
山王,1
小川,1
チ,1
大塚,1
昼,1
土,1
toＢ,1
幾つ,1
球団,1
様子見,1
半蔵門,1
リモー,1
②　①,1
攻略,1
道,1
Sp,1
↳,1
codecommit,1
backlog,1
課,1
離任,1
抜け,1
06,1
府,1
貝塚,1
パブ,1
URL,1
https,1
www,1
livero,1
co,1
service,1
システムリニューアルプロジェクト,1
カスタマーサポ,1
Knative,1
Backstage,1
Crossplane,1
KEDA,1
Cilium,1
Hubbl,1
テクニカルアーキテクト,1
TA,1
リーン,1
バックエンドアーキテクト,1
eXperience,1
コーディ,1
当日,1
インドア,1
集まれる,1
メトリックス,1
キャパシティープランニング,1
キャパシティーコントロール,1
ミド,1
）​,1
定める,1
叶える,1
未然,1
設,1
省内,1
フルリモー,1
Vagrant,1
GitSVN,1
再現,1
水準,1
漸進,1
バックエンドメンバー,1
Sy,1
】],1
ゲート,1
間違い,1
上昇,1
発券,1
チケットレス,1
嗜好,1
総額,1
！.,1
HubSpot,1
代役,1
デジタルカメラバンドルソフト,1
重心,1
動揺,1
電,1
呼気,1
ホテルフロントページ,1
GoogleWorkspace,1
.],,1
EMM,1
UEM,1
CASB,1
脅威,1
パーソナライズ,1
パラメーター,1
script,1
ウェブメディア,1
ぎめなどもご,1
Act,1
左右,1
エデ,1
プロジェクトインフラエンジニア,1
NFS,1
EFSorS,1
CloudWatch,1
クラウドインフラストラクチャ,1
唯,1
⼀,1
専,1
⾨,1
∕,1
布,1
裁断,1
丸,1
企図,1
誤っ,1
%〜】,1
】[,1
読み解い,1
沢山,1
モビルス,1
集める,1
良,1
作り替える,1
前述,1
属し,1
✖,1
ラベル付け,1
馬,1
飼育,1
レース,1
遊戯,1
クラウドフル,1
直轄,1
TO,1
末永く,1
損なわ,1
ユーサビリティ,1
絶賛,1
送迎,1
災害,1
Map,1
Kuberentes,1
必見,1
スター,1
クラウドネイ,1
ATOE,1
エクサウィザーズ,1
正面,1
向き合う,1
伝承,1
ライフ,1
新米,1
づらく,1
出せ,1
離職,1
幅広,1
評論,1
傍観,1
低い,1
捉え,1
Ra,1
/////////////////////,1
立地,1
ハマゴムエイコム,1
横浜ゴム,1
母体,1
システムソリューション,1
SDN,1
CISCO,1
ACI,1
SDA,1
IVI,1
AOSP,1
デプロイフロー,1
エコ,1
Terr,1
クライアントサービスインフラ,1
Hygraph,1
Contentful,1
Headless,1
スモール,1
FastAPI,1
データテクノロジーカンパニー,1
図れる,1
コミュニティアプリ,1
自作,1
持た,1
稼,1
ベー,1
分の,1
ステ,1
リアーキテクト,1
リアーキ,1
Teamcenter,1
CloudDWH,1
Synapse,1
snawflake,1
)／,1
Talend,1
クリーン,1
TDD,1
■...,1
Wor,1
コグラフ,1
フレック,1
SoF,1
システムアーキテクト,1
カスタマーサクセス・マーケティング・セールスチーム,1
キックボードシェアリングサービス,1
偏っ,1
是正,1
流行り,1
ノート,1
アプリログ,1
適合,1
AWS×,1
アプリポジション,1
インフ,1
ホームセンター,1
カウンター,1
コンピューティング,1
Machines,1
ExpressRoute,1
Firewall,1
Loa,1
!!/,1
イベントソリューション,1
①～③,1
アカウントマネジメントソフトウェア,1
差配,1
バッジ,1
Salceforce,1
アフターサービス,1
./,1
もとづく,1
Sprint,1
Output,1
ブラシュアップ,1
精一杯,1
GoSTEP,1
モビリティ,1
ルネサスマイコン,1
エレクトロニクス,1
オススメポイント,1
パワエレ,1
シニアフロントエンドエンジニア,1
サックル,1
付く,1
プロフェッ,1
イテレーション,1
コンシューマーユーザー,1
UIU,1
オルツ,1
AIGIJIROKU,1
セキ,1
著しい,1
東南アジア,1
アフリカ,1
ボイスボットサービス,1
グラフィカル,1
特記,1
チームワーク,1
メッセージングプラットフォーム,1
オペレーティングシステム,1
実習,1
VMW,1
ドライバーサポートアプリ,1
パッキング,1
配達,1
追跡,1
Factory,1
‼］,1
マネージドクラウド・,1
コードリプレイス,1
Chat,1
歩く,1
分から,1
共用,1
ストレージベンダー,1
Dell,1
APEX,1
HPE,1
クラウドアーキ,1
マンガクリエーター,1
つなげる,1
Amplify,1
AmazonEKS,1
フロントエンドリードエンジニア,1
郡,1
落とせる,1
クライアントサーバ,1
LAN,1
vlan,1
stp,1
mlag,1
WLAN,1
Huawei,1
厳格,1
DMARC,1
DKIM,1
オプトアウト,1
コーポレートサイトメイン,1
中旬,1
:...,1
進めよ,1
model,1
spec,1
MY,1
アーキテクトチーム,1
リードサーバーサイドエンジニア,1
ギリギリ,1
敷き,1
実力,1
派,1
ユニコーンベンチャー,1
ストレスチェックシステム,1
DBMS,1
VRT,1
Regression,1
特許庁,1
タイアップ,1
Sa,1
ボイスボット,1
積め,1
AI×,1
出し合い,1
用いる,1
fix,1
質疑,1
世紀,1
電算システム,1
人的,1
プレーヤー,1
RWA,1
モバイルアプリチーム,1
FA,1
２月,1
npm,1
Tanzu,1
Open,1
Container,1
Kong,1
日曜日,1
月曜日,1
朝,1
コントロールールパネルサイト,1
モバイルフロントエンド,1
Ob,1
組み込む,1
コミュニテ,1
クラウドカルテ,1
rdPar,1
指南,1
Miro,1
クライアン,1
呼ん,1
WP,1
確,1
まわし,1
サー,1
レ,1
冠,1
受賞,1
あたっ,1
サーバー・バックエンドエンジニア,1
メリット,1
垣根,1
リラックス,1
PT,1
Red,1
Hat,1
OpenShift,1
ARO,1
Batch,1
出口,1
ドラッグストア,1
店員,1
タッチパネル,1
ESXi,1
vCenter,1
コンビニエンスストア,1
オペレータ,1
敷設,1
スマートシティデータ,1
サービスポータル,1
粒,1
妥当,1
合意,1
デジタルマーケットプレイス,1
NExtJS,1
ドリンク,1
バックエンド・インフラエンジニア,1
nest,1
荷主,1
見込める,1
毎年,1
廃棄,1
ご存知,1
ヤフオク,1
流動,1
悩む,1
周,1
Cocos,1
ポテンシャル,1
ユニフォーム,1
期限切れ,1
DVD,1
マーケットプレイスサービス,1
CL,1
UOL,1
広域,1
クラウドファイルサーバ,1
FSx,1
Fileserver,1
Systemwalker,1
SQLSwerver,1
遊技,1
ホール,1
マイページリニューアル,1
QuickSight,1
流し込む,1
アプリバックエンドエンジニア,1
Microservices,1
モニタリ,1
インフラストラクチャー,1
言,1
鉄器,1
非鉄,1
貴金属,1
サイバ,1
受入れ,1
ウィルスセキュリティソフト,1
WindowsUpdate,1
ソフ,1
⚫,1
Phalcon,1
プロセスマネジメントシステム,1
chi,1
Ent,1
NextJS,1
SWR,1
Webpa,1
コミュニケー,1
試み,1
SIEM,1
ACMS,1
Actice,1
ASMS,1
エラーコード,1
疑い,1
告知,1
事情,1
汲む,1
衛生,1
Remix,1
Material,1
Book,1
inch,1
ラップ,1
支給,1
Akamai,1
CDN,1
PLM,1
クライアントサーバシステム,1
インストールレス,1
過剰,1
スペック,1
色彩,1
Lv,1
検,1
ガバナンス・ガードレール,1
シングルサインオン,1
財団,1
農地,1
EIP,1
頂戴,1
据え,1
symfony,1
ソフトウェ,1
ジェネレーティブ,1
PWA,1
アーキテクチーム,1
製する,1
ファシリテート,1
Op,1
OpenSea,1
リバースエンジニアリング,1
プロダクトバックログ,1
るい,1
Mackerel,1
集い,1
Hands,1
旧来,1
Tailw,1
asp,1
MicroStrategy,1
teradata,1
グランピング,1
Messaging,1
リニュ,1
惣菜,1
SpringBatch,1
ファックス,1
アナログ,1
ホストコンピューター,1
年代,1
リッチクライアント,1
高額,1
悩ん,1
タブレット・スマホベース,1
Astro,1
二人三脚,1
テクニカルオペレーションエンジニア,1
フルコミット,1
税別,1
クライアントプロダクト,1
ビジネスオーナー・プロダ,1
ウォレットアプリ,1
orDocker,1
Runner,1
コマースサイト,1
VSCode,1
医薬品,1
新品,1
新古,1
特設,1
スポートサイト,1
フロントエンドエンド,1
TypeScrip,1
Ant,1
ビジ,1
サーヒ,1
セレクト,1
込ん,1
BA,1
LAD,1
oE,1
デジタルタコグラフ,1
積,1
瑕疵,1
パイオニア,1
歴史,1
信用,1
継承,1
真摯,1
低減,1
住まい,1
はじまっ,1
Must,1
Want,1
ビットエー,1
検疫,1
リデザイン,1
差し掛かっ,1
切る,1
CSO,1
売り,1
WINDOWS,1
oauth,1
urllib,1
chromedriver,1
Chrome,1
argparse,1
w,1
構,1
９,1
いま,1
血,1
起こっ,1
EPP,1
サイバー,1
②...,1
Terrafor,1
乃木坂,1
辺り,1
関,1
競争,1
優位,1
かつ,1
)...,1
MacOS,1
近けれ,1
厳密,1
MaterialUI,1
ｗｅｂ,1
ワークライフバランス,1
恵まれ,1
Fortigate,1
BIG,1
APM,1
FortiGate,1
Schoo,1
月頃,1
スケーリング,1
イレレーション,1
⑦,1
レビ,1
ログイン,1
換金,1
友達,1
招待,1
バイマ,1
スカウト,1
エンジニアオープンポジション,1
Optimise,1
モゲチェック,1
JOINS,1
マニュア,1
Supporting,1
Doctors,1
Helping,1
Patients,1
.」,1
栄養士,1
ユ,1
rd,1
Party,1
Internet,1
Things,1
スターティング,1
拡げる,1
ステム,1
クラウドアーキテクチャ,1
外壁,1
塗装,1
Med,1
皆,1
シスエンジニア,1
bash,1
MacOSX,1
OCPP,1
Kafka,1
感覚,1
Yuimedi,1
成熟,1
Re,1
SMS,1
プラットフ,1
++/】,1
志望,1
マテリアル,1
ナビゲーションシステム,1
HUD,1
アンテナ,1
立ち合い,1
ポー,1
タル,1
Elastics,1
そっ,1
コーディング・デプロイ,1
シークレット,1
リカバリ,1
班,1
スタンプ,1
改ざん,1
AEM,1
WEBAPP,1
置く,1
engagebot,1
テス,1
BPRPJT,1
eSquare,1
eCompass,1
スポーツアプリ,1
freee,1
マイクロサービシーズ,1
興味深い,1
しれ,1
コー,1
ネイリー,1
保つ,1
Codeigniter,1
インド,1
学力,1
模試,1
比べ,1
CXM,1
案出,1
オン,1
資,1
略称,1
FIT,1
パフォーマンス・アクセシビリティ,1
指揮,1
寄り添う,1
コンシェルジュサービス,1
バックエンドチーム,1
innsa,1
フォロートレードサービス,1
スマフォアプリ,1
メンテンナンス,1
Rest,1
食事,1
Rudy,1
連結,1
横暴,1
BtoBtoC,1
院内,1
レセプト,1
お答え,1
一部分,1
会見,1
類する,1
できあがり,1
スクレイパー,1
ブラウザアプリサイド,1
来期,1
除い,1
目指,1
ElastiCache,1
ご覧,1
マシン,1
組み立て,1
コネクテッドカー,1
クリエティブ,1
母国,1
Backends,1
Frontends,1
強力,1
区分,1
後段,1
センサ,1
book,1
tact,1
AN,1
ZIN,1
システムインテグレーター,1
ホールディングス,1
ファッションアプリ,1
縁,1
力持ち,1
逆算,1
Anguar,1
x,1
取捨選択,1
複,1
マシーン,1
世界一,1
デジタルサイネージ,1
Domino,1
ダウンサイジング,1
余り,1
スマホシステム,1
プロダクトマネージャー・アプリ,1
洗い出す,1
Site,1
Reliability,1
Engineering,1
Non,1
fungible,1
token,1
データインフラグループ,1
data,1
catalog,1
ワークフローエンジン,1
Box,1
クラウドサーバ,1
整,1
Webix,1
Chromium,1
カラム,1
ニューアル,1
CAMPFIRE,1
ビザ,1
向,1
Meraki,1
VTuber,1
付属,1
クローリングシステム,1
Flash,1
)~,1
インタラクションコンテンツ,1
Network,1
AccessPoint,1
開店,1
繋がら,1
コマースプラットフォーム,1
フロントエンドアーキテクチャ,1
HD,1
データビジュアライゼーション,1
windows,1
替,1
メーカースマホアプリ,1
Listening,1
User,1
導出,1
追尾,1
Learing,1
線形,1
回帰,1
グレー,1
ド,1
傾,1
新分野,1
愛着,1
こだわり,1
タスクマネジメントツール,1
役立つ,1
各自,1
オンプレ・クラウド,1
システムアドミニストレーター,1
毎日,1
アラーム,1
光,1
分光,1
積分,1
⽰,1
⼿,1
順,1
ヶ,1
スタートアップコミュニティ,1
起きる,1
要因,1
確率,1
メタバースプロダクト,1
エピゲノム,1
ゲノム,1
シーケンサー,1
システムヘルプデスク,1
レポーティングメイン,1
レコメンドアルゴリズム,1
サーバーレスコンピューティング,1
Prep,1
Model,1
Scoring,1
DaaS,1
Anthos,1
by,1
Html,1
ブロックチェーンエンジニア,1
ノード,1
侵入,1
カレンダー,1
横,1
串,1
ロードバランサー,1
多重,1
ポータルサイトフロントエンド,1
サーバーサイト・フロントエンド,1
喫茶店,1
N,1
エスカレ,1
メンタルヘルスケア,1
ファシリティ,1
トライ,1
モックページ,1
対し,1
図形,1
水平,1
黒い,1
赤,1
黄,1
青,1
色,1
トリガー,1
パズル,1
不安,1
採り,1
取組ん,1
取りかかっ,1
DTP,1
UP,1
キャッチアップ,1
最短,1
中軸,1
猫,1
流行っ,1
似,1
生み出せる,1
チャットボットプラットフォームサービス,1
スクラムアジャイル,1
ビズリーチ,1
InGame,1
ネイティブプラグイン,1
スマホソーシャルゲーム,1
アイコン,1
プラットフォーマー,1
リクルート,1
mod,1
plsql,1
面倒,1
有用,1
センス,1
客観,1
アプリケーションーバ,1
台帳,1
気に入っ,1
OT,1
IOT,1
サイトシステムサービスリニューアル,1
：(,1
株,1
エンジェル,1
済ませ,1
Jquery,1
json,1
Framwork,1
わから,1
協議,1
まれ,1
仕掛け,1
翌年,1
支店,1
ソーシャブルカート,1
unreal,1
engine,1
HDMI,1
おませ,1
着地,1
Wedding,1
ＮＹ,1
ＯＢ,1
通う,1
頼ま,1
不随,1
キーマン,1
DOC,1
出る,1
思わ,1
仕訳,1
EJB,1
ObjectStore,1
FILE,1
logstash,1
フィールド,1
分割,1
Jolokia,1
JVM,1
Metricbeat,1
増強,1
NoSQL,1
比重,1
おい,1
learning,1
Yii,1
館,1
クライアント・サーバー,1
ラーニングプラットフォーム,1
グロービス,1
グロービス・ラーニングプラットフォーム,1
デジタルプロダクトサイト,1
引き上げ,1
落し,1
ルーチン,1
AssetBundle,1
最善,1
モビリティサービスアプリケーション,1
返し,1
http,1
prosheet,1
opportunities,1
edit,1
006165708299719761,1
da,1
没頭,1
システムチューニング,1
SET,1
テストカバレッジ,1
Vuetify,1
差分,1
ネットワークセキュリティシステム,1
最前線,1
CDSO,1
受験,1
臨む,1
クライアントサービス,1
Rubyonrails,1
プロトタイピングバージョン,1
ドイツ,1
調理,1
おもてなし,1
デジタルキーサービスフロントエンド,1
ロック,1
出せる,1
インプレースアップグレード,1
SCCM,1
シーケンス,1
ヘルクデスクチーム,1
コワーキングスペース,1
ISP,1
バックボーン,1
アドレス,1
動物,1
特集,1
ニアショア,1
バンドル,1
Spine,1
AfterEffects,1
裏,1
HULFT,1
マル,1
マルウエアアラート,1
ゼロトラストセキュリティサービス,1
承継,1
つぎ,1
継ぎ,1
バトンタッチ,1
Fashion×Tech,1
マネキン,1
什器,1
ディスプレイ,1
ラグジュアリーブランド,1
アパレルメーカー,1
perl,1
データワークフロー,1
精緻,1
オンラインマルチプレイゲーム,1
リニュールサイト,1
逆,1
引き,1
グリッド,1
志し,1
スマートグリッド・ソリューション,1
OpenADR,1
デマンド,1
OEM,1
片方,1
メインフレームストレージ,1
Series,1
高まる,1
先導,1
CoE,1
定形,1
年次,1
プロファイル,1
バイタルセンシングソフトウェア,1
採取,1
Autosar,1
Adaptive,1
コンフィグレーション,1
Generator,1
ランタイムコード,1
成り,1
準じる,1
解釈,1
繁忙,1
クローリングツール,1
ロボティック・プロセス・オートメーション,1
ダッシュ,1
ボート,1
IPS,1
デザインカンプ,1
メールシステムリプレイス,1
メールシステムリ,1
イス,1
日勤,1
引き継ぐ,1
ITSMS,1
東西,1
種別,1
全部,1
石油,1
オンプラ,1
Zerto,1
頂,1
ExchangeOnline,1
ルーティング,1
Powershell,1
プロビジョニングスクリプト,1
派生,1
国,1
まる,1
プロダクトグロース,1
エクセルベース,1
プロシージャ,1
DDL,1
ハイスキルインフラエンジニア,1
旧,1
Maria,1
新,1
探し出す,1
流動的,1
EnergyTech,1
細胞,1
折り込み,1
ランナー,1
熱狂,1
対外,1
ネイティブライク,1
ミニゲーム,1
ARkit,1
表情,1
リンク,1
Medium,1
Business,1
コンピューター,1
学科,1
修士,1
号,1
博士,1
セレクト・アウトレット,1
Firestore,1
Functions,1
活発,1
活気,1
名義,1
リポジトリ,1
ソリューションベンダ,1
OpsWorks,1
座標,1
作家,1
だき,1
貴重,1
学ん,1
歩数,1
創発,1
引き起こす,1
ファクター,1
Hadoop,1
スマホページ,1
少なめ,1
お出かけ,1
タイトルゲームアプリ,1
日頃,1
法的,1
かかわら,1
享受,1
絡め,1
良品,1
振動,1
聞き分け,1
わかっ,1
プロダクト・ディベロップメント,1
パートナーソリューション,1
ビート,1
リズム,1
刻ん,1
DJ,1
公益,1
絞っ,1
電流,1
モニタ,1
温度,1
湿度,1
オールインワン,1
MVNO,1
XP,1
solidity,1
迫る,1
Nodejs,1
ネイティブアドネットワーク,1
アドテクエンジニア,1
レコメンドウィジェット,1
ＥＣ,1
空港,1
知っ,1
選ぶ,1
スペック・,1
サーバサイドプログラミング,1
WMS,1
刺激,1
モットー,1
受け持つ,1
Marketing,1
Automation,1
いけれ,1
インストアマーケティングツール,1
インストアマーケティング,1
刻,1
EMR,1
HBase,1
Hive,1
Presto,1
Hudi,1
質屋,1
変わり,1
つくら,1
バイリンガル,1
元号,1
上手,1
ecbeing,1
若年,1
技法,1
クラウドサポート,1
データクレンジング,1
帳簿,1
HTM,1
マークアップスキル,1
SpringFramework,1
PostreSQL,1
記帳,1
アジャイルベース,1
つながる,1
前払い,1
ソーシャルレンディングサービス,1
社債,1
エムスリードクターサポート,1
ヘアサロン,1
専売,1
リテール,1
ウェブフロントエンド,1
回避,1
スマホビジネス,1
ワンストップソリューション,1
作法,1
ストアガイドライン,1
明るい,1
十分,1
アプリケーションレイヤー,1
SCM,1
MVVM,1
アプリーケーションエンジニア,1
ローレベルドライバ,1
ローレベル,1
CPU,1
伝送,1
圧縮,1
英文,1
雑誌,1
作品,1
取り上げ,1
先見,1
巻き込ん,1
ソーシャルネットワーク,1
引合い,1
クレーム,1
フロントコーダー,1
invision,1
ビジュアライゼーション,1
タブ,1
WebApp,1
パートナーエコシステムクラウド,1
フォローアップ,1
何れ,1
農,1
畜,1
水産物,1
産地,1
デスカッション,1
スポットコンサルサービス,1
販路,1
SFDC×AWS,1
Devops,1
小,1
第三者,1
太陽光,1
風力,1
発電,1
オラクル,1
vMotion,1
AdTech,1
DSP,1
生み出さ,1
onRails,1
参り,1
ビット,1
コイン,1
ユーザーインターフェイス,1
送り状,1
入り口,1
DBElasticSearch,1
スクラッチシステム,1
売上げ,1
子連れ,1
行ける,1
習い事,1
フロントエンドメイン,1
サード,1
魅了,1
ウェブマーケティングツール,1
ES,1
Pull,1
JEST,1
スリー,1
スマートキーボックス,1
バイオセンシング,1
進展,1
ブラウザサイド,1
睡眠,1
ヘルスケアアプリ,1
掲示板,1
レンダリングエンジン,1
スマートフォンアプリケーション,1
Kotkin,1
レッスン,1
フィットネスサービス,1
カスタマーエンジニア,1
メディアソリューションパートナー,1
フィージビリティ,1
受ける,1
探究,1
Immutable,1
Infrastrucure,1
infra,1
Blue,1
Green,1
Deployment,1
DataDog,1
Zabbix,1
いえ,1
コードチューニング,1
アプリシステム,1
view,1
ハイブリッドモバイルアプリ,1
CRUD,1
さばく,1
GMOSSP,1
アドテクプロダクト,1
VFX,1
スカルプティング,1
併設,1
RubyOnRails,1
ゲームクライアント,1
ストアドプロシージャ,1
クライアンント,1
テックソリューションシステム,1
スポット,1
差異,1
で,1
バリュー,1
SalesForce,1
バックオフィスメンバー,1
パブリック,1
上段,1
Cake,1
GoogleCloudPlatform,1
ウェブマーケティング,1
恋,1
解説,1
インキュベーション,1
使い分け,1
字幕,1
単語,1
サーバーバックエンド,1
データストリーミング,1
ステータス,1
本年度,1
REDIS,1
RedShift,1
Coffee,1
オーケストレーションツール,1
nginx,1
申告,1
いち早く,1
リッチブラウザゲーム,1
え,1
築地,1
受け持っ,1
クラウドソーシング,1
ユーザアクセサビリティ,1
ブロックチェーンプロジェクト,1
工務,1
Rython,1
考,1
役立てる,1
想像,1
遊び,1
ボタン,1
こだわる,1
Oralce,1
書き換え,1
信じる,1
テスト・リグレッションテスト,1
GDB,1
寄せ,1
郵便,1
enechain,1
フォワード,1
カーブ,1
SVG,1
FAX,1
原本,1
サテライト,1
X,1
兼業,1
MISRA,1
セキュアコーディング,1
擦り,1
皆さま,1
orWEB,1
口座,1
①〜③,1
データファイル,1
称し,1
教科書,1
マークアップエンジニアリング,1
SLA,1
コンテンツスマホ,1
ver,1
サーバーサイドエンジニアメンバー,1
無けれ,1
システムインテグ,1
イーソル,1
saas,1
PowerCMS,1
動かす,1
明らか,1
フードデリバリーコンサルティング,1
棚卸,1
後押し,1
推薦,1
臨み,1
システムベンダー,1
ls,1
恒常,1
レッジ,1
ク,1
ライアント,1
仰っ,1
レスポンシブルデザイン,1
オンラインショップシステム,1
サーバリプレイス,1
熱量,1
ギーク,1
物事,1
持ち合わせ,1
独り,1
アプリ・モバイルアプリ,1
RESTAPI,1
クライアントフレームワーク,1
Aurelia,1
コンテンツマーケチーム,1
現金,1
リホスト,1
JCL,1
取り込む,1
カタログ,1
データリネージ,1
コミニケーション,1
搬入,1
使い方,1
tech,1
瀬,1
スマホ・タブレット,1
イントラ,1
クラウドアーキテクティング,1
載せ,1
ハイブリッドモバイルアプリケーション,1
行けれ,1
汚れ,1
切れ,1
不信,1
見地,1
ピボット,1
可読性,1
モーションキャプチャ,1
モーションキャプチャー,1
ヒト,1
ソフトゥェア,1
デイリー,1
仕上がっ,1
フルクラウド,1
go,1
soliditiy,1
ミ,1
ライ,1
男女,1
受診,1
mobx,1
batch,1
つもり,1
追随,1
成績,1
WLC,1
Wave,1
clearpass,1
Fintec,1
財産,1
ターゲティングデータ,1
ソリューションエンジニア,1
Offce,1
JOB,1
HUB,1
芸能人,1
掛ける,1
様子,1
データウェアレイク・データウェアハウス,1
演算,1
世代,1
ひとり,1
エージェントアプリ,1
遷移,1
BCommerce,1
あく,1
発売,1
点在,1
込む,1
BluePrism,1
承り,1
レイテンシー,1
ランニングポータルサイト,1
趣味,1
絶好,1
躓か,1
画期的,1
テクニカルレポート,1
固有,1
注釈,1
位置づけ,1
クリエーションライン,1
Confluent,1
SharePointOnline,1
吸い上げ,1
アジャイルチック,1
思う,1
モバイルオンラインゲーム,1
Visualforce,1
Scss,1
gulp,1
hook,1
CC,1
ADVA,1
アドバ,1
Redwood,1
合え,1
頂こ,1
kakari,1
Clinic,1
拠出,1
年金,1
キーパー,1
モデルチューニング,1
ガベージ,1
コンフィグファイル,1
クエリ,1
分岐,1
)））,1
Repos,1
渡っ,1
インベントリ,1
洗い直す,1
クローズ,1
御苑,1
PullRequest,1
シーサイド,1
％～,1
イメージワークフローシステム,1
明大,1
多摩,1
Sprig,1
PosgreSQL,1
武蔵,1
小杉,1
読み,1
研鑽,1
留まら,1
処方せん,1
送っ,1
おく,1
待合室,1
待ち時間,1
新潟,1
差し替え,1
メインビジュアル,1
JavaSpringboot,1
存続,1
支社,1
Mobile,1
わたる,1
チャレンジング,1
マリン,1
後払い,1
openAI,1
ウェブアプリ,1
触る,1
優しい,1
)+,1
インストラクション,1
チームメンタリング,1
もたらし,1
～｜,1
持ち込ん,1
学歴,1
職歴,1
!】,1
永く,1
電鉄,1
出入,1
荷,1
入替,1
物覚え,1
テキパキ,1
LivePerson,1
Conversational,1
反応,1
DMM,1
WEBCAMP,1
...＞,1
感知,1
飛ばし,1
ギミック,1
APL,1
インターネットバンキングアプリ,1
インターネットバンキング,1
拾い上げ,1
カーナビ,1
地理,1
Sentinel,1
STB,1
エッジソリューション,1
Databricks,1
立替,1
シェアードサービスセンター,1
モデラー,1
流入,1
健保,1
バイジョンアップ,1
オフショアチーム,1
スポーツエンタメ,1
推し,1
LinuxOS,1
フルリモートワーク,1
運ん,1
VideoWorks,1
PSQ,1
au,1
ルータログ,1
Pkg,1
テム,1
テムエンハンス,1
Pos,1
⼼,1
NG,1
Version,1
ファムロード,1
ブレストインキュベーション,1
Fuelphp,1
用賀,1
PowerAppps,1
Add,1
HashiCorp,1
補聴器,1
フィッティングシステム,1
モンスター,1
国分寺,1
バンキングアプリ,1
Basic,1
SCADA,1
上手く,1
退社,1
解明,1
PLC,1
HMI,1
ローコードツール,1
NEXACRO,1
BEYOND,1
ネクサアクロ,1
Hub,1
中間,1
バーチャルライブプラットフォームサーバサイド,1
Salesforc,1
発射,1
アクティブ,1
DICE,1
定め,1
時差,1
要事,1
レコメンドデータ,1
MakeShop,1
アプリケーションデプロイ,1
ファシリテーション,1
Affectiva,1
Sensor,1
リズミル,1
同上,1
AWSConfig,1
DirectConnect,1
すみ,1
クラウドアプリ,1
FS,1
Sacala,1
ロボットコールシステム,1
載っ,1
ヘルステックカンパニー,1
突入,1
Sacla,1
Unix,1
当てはめ,1
模倣,1
)⇒,1
):,1
アプリケーションアーキテクト,1
パ,1
ブリ,1
ファンコミュニティサイト,1
pdf,1
和気あいあい,1
起こる,1
アダルト,1
シニアアプリケーションエンジニア,1
概,1
老舗,1
サービスシステムアーキテクチャー,1
平行,1
売主,1
余暇,1
充足,1
めざす,1
リスペクト,1
忘れ,1
マルチテナント・マルチプロダクト,1
dbt,1
ハコベルカーゴ,1
オンラインイベントプラットフォーム,1
BP,1
潜在,1
シニアサーバーサイドエンジニア,1
適格,1
①~③,1
ARM,1
プルリクエスト,1
なけれ,1
linux,1
容,1
乗務,1
ディスク,1
即,1
クラアント,1
LogiTech,1
Solidity,1
ソリューションプラッ,1
トフォーム,1
うごき,1
母,1
フロントサイドン,1
yamory,1
Flex,1
イノベート,1
ヴィジュアルデザイン,1
JavaScrip,1
knew,1
Merpay,1
Frontend,1
組合せ,1
Kotolin,1
取り組も,1
到達,1
変数,1
If,1
構文,1
View,1
表面,1
探求,1
】​,1
３つ,1
場面,1
気付か,1
セガサミーグループ,1
少年,1
パーティ,1
ターン,1
引出し,1
ＰＧ,1
コーダー・フロントエンドエンジニア,1
浜松町,1
microCMS,1
育てる,1
めど,1
使い慣れ,1
構い,1
ラベル,1
プリンター,1
AmazonMWS,1
水,1
流体,1
コリジョン,1
せき止め,1
おこない,1
ASTERIA,1
別箇,1
Seesar,1
離れ,1
解像度,1
Lararvel,1
バイナリーデータ,1
クラウドベンダー,1
ハイエンドマルチプラットフォームゲーム,1
アルバイトマッチングサイト,1
出会え,1
NFC,1
ゲーミフィケーション,1
アプロ,1
増し,1
吸収,1
概略,1
キオスク,1
PTP,1
アプリサーバーサイドエンジニア,1
家具,1
最速,1
北,1
SpringFW,1
Phython,1
心療内科,1
不可欠,1
綺麗,1
まとまっ,1
泥臭い,1
かた,1
ＣＲＭ,1
モビリティプラットフォーム,1
サンドボックスゲーム,1
Smartphone,1
Programming,1
Console,1
game,1
platform,1
入会,1
補正,1
Continuous,1
Integration,1
四半期,1
JavaPython,1
備品,1
梱,1
梱包,1
システ,1
マーケティングアソシエイト,1
ウェビナー,1
クリエーショライン,1
広め,1
スキーマ,1
リス,1
やれる,1
反復,1
醸成,1
分解,1
造詣,1
シェアフルサービス,1
office,1
越える,1
正,1
夢中,1
アライアンスシステム,1
紀尾井町,1
apche,1
eMCOS,1
トレーサビリティ,1
₋,1
VisualSLAM,1
ナショナル,1
NP,1
,、,1
感動,1
ツアー,1
プリペイド,1
LIFF,1
生業,1
漁業,1
斡旋,1
EXCEL,1
カスタムアプリ,1
大きい,1
千代田,1
オルタナティブデータ,1
移せる,1
中途,1
走出,1
来る,1
ｽｷﾙ,1
アクティブエイジング,1
センシングソリューションシステム,1
クラウドログ,1
Fusion,1
CloudStorage,1
CRE,1
AutoStream,1
POSIX,1
Robot,1
スニーカー,1
ハイブランドフリマ,1
もとづき,1
アフター,1
成立,1
ExO,1
Onedrive,1
行,1
Reactjs,1
NAS,1
促成,1
CON,1
見つけ,1
SmartTV,1
PS,1
ChromeCast,1
めざし,1
ファンクラブアプリ,1
IX,1
HANA,1
MRP,1
サンド,1
ボックス,1
自力,1
プリザーブ,1
目黒,1
無し,1
SRDU,1
フリーランスエージェント,1
フリーランスコミュニティプラットフォーム,1
ロイド,1
++),1
おます,1
analytics,1
感染,1
症,1
VisualStudio,1
OMO,1
稀,1
Ai,1
プラダクトエンジニア,1
ヒューマン,1
Trello,1
Hyper,1
Mapbox,1
オンボーディングプログラム,1
換算,1
Qt,1
QML,1
Markup,1
Language,1
テイクアウトサービス,1
カ国,1
Fix,1
プロジェクションマッピング,1
Kinect,1
測,1
域,1
ナレッジベース,1
ゼネラリスト,1
目指せ,1
クラウド・バックエンドエンジニアリング,1
動態,1
混雑,1
Proxy,1
FileServer,1
AADC,1
官庁,1
Hana,1
⇨,1
おなじみ,1
本郷三丁目,1
湯島,1
残業,1
ウェビナーツール,1
合さ,1
WebGL,1
まま,1
⾧,1
ン,1
市販,1
ゆく,1
マーケティングオートメーションシステム,1
売れる,1
期限,1
未満,1
テール,1
ブローカー,1
キャンセル,1
空き,1
オンラインギフトプラットフォームサービス,1
バックエンドフロントエンド,1
スキン,1
東海,1
地区,1
スマホアプリゲーム,1
総勢,1
がちがち,1
バーチャルイベントプラットフォーム,1
Gatsby,1
陶磁器,1
砥石,1
洋食,1
輸出,1
SER,1
エラーバジェットコントロール,1
IEO,1
PLT,1
ブロックエクスプローラー,1
DEX,1
マーケットプレイスシステム,1
ルーム,1
ペイメントシステム,1
Ph,1
JavaEE,1
カーパーツ・バイクパーツ,1
近日,1
スピーキングテスト,1
子ども,1
業法,1
FIDO,1
コラボアプリ,1
アフェリエイト,1
私服,1
Feasibility,1
Study,1
ソフトウェアフロントエンド,1
解放,1
ラフ,1
関する,1
丁目,1
受取,1
楽,1
なに,1
齟齬,1
テーマパーク,1
水族館,1
美術館,1
スキー,1
チケッティングシステム,1
金曜,1
#],1
トピア,1
低かっ,1
正解,1
錯誤,1
難題,1
新富,1
サイボーズ,1
様様,1
後処理,1
レクチャー,1
うけ,1
１０月,1
厨房,1
MQTT,1
堺,1
OBS,1
Good,1
Everyone,1
驚き,1
キーワード,1
サブスクサービス,1
サスティナブル,1
ヴァージョンアップ,1
GIT,1
AZURE,1
Rekognition,1
仕上げる,1
席,1
Postgres,1
伺っ,1
赴く,1
aws,1
sql,1
希少,1
フルリモート・フルフレックス,1
サービスクラウドインフラ,1
ログツール,1
整形,1
UML,1
ISO,1
切り分ける,1
八丁堀,1
清,1
算,1
談,1
コーディネーター,1
目利き,1
探し出し,1
俳優,1
声優,1
起用,1
GAE,1
Stripe,1
沖縄,1
YouTube,1
四谷,1
TerraForm,1
機微,1
エンジニア・アーキテクト,1
データレイク・ウェアハウス・マート,1
視覚,1
マスタデータマネジメント,1
特装車,1
余,1
亘り,1
管轄,1
アノテーションシステム,1
静止,1
竹橋,1
　～　※,1
延長,1
堂島,1
TERASOLUNA,1
合,1
ディメンション,1
DP,1
Portal,1
関西,1
ava,1
Doma,1
グループウェアシステムインフラ,1
卸売り,1
AzureAD,1
持ち分,1
ブロックチェーンデータプラットフォーム,1
神谷町,1
不得意,1
orAR,1
デリバリーアプリ,1
地方銀行,1
集荷,1
校正,1
フロントエンジ,1
tableau,1
オンプレシステム,1
リストアップ,1
ServiceNowr,1
先立ち,1
ゲノミック,1
農家,1
Raect,1
ベンダーコミュニケーション,1
Wizardry,1
VA,1
スマートフォンタイトル,1
意図,1
;,1
CAM,1
広い,1
コンシューマー・スマホ,1
纏わる,1
アプリ・ツール,1
マイクロモビリティ,1
SLO,1
戦術,1
創り出す,1
いかし,1
Oculus,1
ローテーション,1
クラウドアンケートシステム,1
整い,1
収入,1
増築,1
単独,1
推移,1
変遷,1
追える,1
つながっ,1
⻑,1
レビュアー,1
Drowio,1
アーティストファンクラブアプリ,1
主管,1
Lamda,1
orTypeScript,1
Phargate,1
snowflake,1
コンシューマーアクションゲーム,1
左記,1
クラウドインフラエンジニアポジション,1
アプリサイト,1
++,,1
モバイルオーダーシステム,1
なさ,1
apex,1
ハイクオリティ,1
交替,1
渡り,1
スプレットシート,1
ネットスーハ,1
ーシステム,1
SunOS,1
PowerBuilder,1
証拠,1
内定,1
承諾,1
Tekton,1
キック,1
現れる,1
身近,1
笑顔,1
マネジメントアプリ,1
用具,1
働きかけ,1
大会,1
対戦,1
相手,1
居酒屋,1
レコメンド・クーポン,1
ギフティング,1
差し入れ,1
寄付,1
プレゼント,1
脳神経,1
契,1
バイク,1
ECCUBEn,1
スマホアプリプログラマー,1
ECCUBE,1
コンカフェ,1
コンカフェサイト,1
ライブコマース,1
リファクタリングパートナー,1
Audio,1
不良,1
各地,1
プラグイン・システム,1
ポータルメディア,1
ポータルメディアフロント,1
RDBMS,1
デイタイム,1
服飾,1
レンタルスペースサイト,1
ウェブクローリング,1
INSPIX,1
認定,1
算定,1
指数,1
(.,1
Blazor,1
actix,1
デスクトップアプリケーションエンジニア,1
WCF,1
ストリーミングサイト,1
ネクストエンジン,1
出退勤,1
見合う,1
FPS,1
問,1
クイズ,1
出題,1
結婚,1
途切れる,1
AVMultiCamPiP,1
Capturing,1
from,1
Multiple,1
Cameras,1
ARN,1
Id,1
レベルアップ,1
OR,1
スマホネイティブ,1
滋賀,1
大津,1
労力,1
欲しい,1
日当,1
監督,1
麻雀,1
プレイ,1
Bluetooth,1
Reatct,1
マスメディア,1
かゆい,1
届く,1
Ajax,1
即決,1
ハウス,1
ノマド・テレワーク,1
wp,1
スマートフォンシステム,1
インフルエンサーズマーケット,1
SPEED,1
Full,1
Time,1
BASIS,1
ＤＢ,1
ＤＢＭＳ,1
SuccessFactors,1
切実,1
切り開く,1
Wanted,1
!!】,1
始動,1
GIGA,1
浅,1
め,1
越境,1
スマホゲーム,1
和歌山,1
Claris,1
Filemaker,1
ルビー,1
オンラインコーディングテスト,1
ai,1
代官山,1
webRTC,1
本業,1
枚,1
⭐,1
Pyrhon,1
来社,1
墨田,1
早い,1
勝ち,1
自由自在,1
電算,1
稼ぐ,1
医学部,1
産学,1
土曜日,1
bsh,1
コミックストア,1
勤,1
原宿,1
門真,1
Xamarin,1
汐留,1
）～,1
ティラノスクリプト,1
同人,1
サウンドノベルゲーム,1
LiveMaker,1
浦和,1
]　,1
ソーラー,1
one,1
実写,1
Bot,1
CE,1
ハンディ,1
ターミナル,1
ゆるい,1
半減,1
西麻布,1
CALL,1
門前仲町,1
月数,1
当たり,1
隣,1
駒場,1
東大,1
バイナリー,1
聖蹟,1
桜ヶ丘,1
潮見,1
ITP,1
アフィリエイトタグ,1
埋め込み,1
クライアントサポート,1
北本,1
笹塚,1
技士,1
羽,1
ＢＹＯＤ,1
好条件,1
総務,1
川口,1
付近,1
〜/,1
mysql,1
前橋,1
Twillio,1
physon,1
ゲームサーバーエンジニア,1
単発,1
クリック,1
弥生,1
Andorid,1
WelCart,1
メルマガ,1
一斉,1
新木場,1
新横浜,1
google,1
見附,1
Optimisation,1
forex,1
trading,1
prices,1
bootstrap,1
改造,1
AndroidJava,1
Api,1
LINESIX,1
デビュー,1
日間,1
祝祭日,1
休み,1
iphone,1
Monaca,1
譲渡,1
益,1
虎,1
門,1
茶,1
麻布,1
番,1
西新宿,1
駒沢,1
フロントエンドデベロッパー,1
add,1
金沢,1
池尻大橋,1
ウェブエンジニア・プログラマ,1
淀屋橋,1
中学校,1
駒沢大学,1
変わっ,1
Imagemagick,1
錦糸町,1
今期,1
プラグイン・デモサイト,1
フロントエンジニア・マークアップマイスター,1
ハイブリッドアプリ,1
世田谷,1
ＪＡＶＡ,1
隙間,1
はんだ,1
融通,1
利か,1
大手町,1
通える,1
#　,1
梅田,1
こえ,1
大須,1
アフィリエイトシステム,1
レイハウオリ,1
作り上げる,1
大江戸,1
赤羽,1
そば,1