週,426
開発,419
エンジニア,379
/,327
募集,291
5,282
システム,251
業務,158
日,144
リモート,113
管理,109
勤務,107
3,97
PHP,87
運用,85
経験,84
サイト,75
保守,71
向け,71
(,68
東京,67
者,66
支援,58
可,55
アプリ,55
サービス,55
WEB,55
急募,54
案件,52
構築,51
ヘルプ,51
デスク,51
Web,48
C,46
自社,45
町,45
フル,43
新宿,43
1,42
都内,42
方,42
～,41
以上,40
在宅,40
可能,40
都,40
大学,40
新規,39
渋谷,39
Java,38
制作,36
５,36
改修,35
講師,33
2,32
等,32
設計,32
常駐,32
秋葉原,31
),30
池袋,30
4,29
月,29
追加,29
作成,29
市,29
時間,29
情報,28
機能,28
会社,28
年,27
EC,26
担当,26
移行,25
事業,25
ディレクション,25
近辺,25
長期,25
県内,24
業,23
大手,23
円,23
女子大,23
学,23
ディレクター,22
フロント,22
OK,22
基幹,21
継続,21
万,20
系,20
サポート,20
-,20
社内,19
.,19
iOS,19
日野,19
++,19
ツール,18
データ,18
)】,18
３,18
#/,18
作業,17
テスト,17
プロジェクト,17
営業,17
ワーク,17
or,17
)/,17
複数,17
企業,16
SAP,16
Salesforce,16
@,16
言語,16
アプリケーション,15
対応,15
Android,15
神田,15
IT,15
コーディング,15
完全,15
歓迎,15
区,15
六本木,15
求人,14
PL,14
都心,14
埼玉,14
錦糸,14
赤坂,14
DB,13
製造,13
更改,13
浜松,13
~,13
SQL,13
フロントエンドエンジニア,13
会計,13
相談,13
お手伝い,13
net,13
Windows,12
エンド,12
業界,12
大阪,12
AWS,12
ゲーム,12
仕事,12
単価,12
時給,12
ネットワーク,12
限定,12
神保,12
御茶ノ水,12
既存,11
保険,11
使用,11
Swift,11
運営,11
Laravel,11
チーム,11
市内,11
研修,11
お願い,11
js,11
技術,11
オフィス,11
神奈川,11
shell,11
周り,11
DWH,11
化,10
改善,10
出社,10
事務,10
環境,10
駅,10
依頼,10
Unity,10
プログラマー,10
契約,10
恵比寿,10
10,9
SE,9
次期,9
API,9
Ruby,9
～/,9
県,9
弊社,9
横浜,9
web,9
教育,9
メディア,9
上げ,9
プログラミング,9
エリア,9
サーバ,9
ABAP,9
l,9
増員,9
#.,9
SQLServer,9
日本橋,9
設定,8
AI,8
クラ,8
ウド,8
関連,8
カスタマイズ,8
画像,8
サーバー,8
自動,8
ため,8
テレ,8
参画,8
社員,8
副業,8
全般,8
WordPress,8
Oracle,8
マネジメント,8
建築,8
現場,8
施工,8
大森,8
中央,8
新橋,8
ウェブサイト,8
編集,7
分析,7
バック,7
導入,7
サイド,7
ソフト,7
程度,7
React,7
利用,7
性,7
平日,7
新入,7
Python,7
[,7
HTML,7
さん,7
社,7
サブ,7
Linux,7
Eclips,7
操作,7
料,7
試算,7
ガス,7
地域,7
20,6
30,6
プロダクト,6
パッケージ,6
調整,6
活用,6
配信,6
顧客,6
検証,6
#,6
インフラ,6
福岡,6
六,6
動画,6
PM,6
スクール,6
オンライン,6
回,6
制,6
紹介,6
２,6
メンバー,6
自由,6
Rails,6
~/,6
],6
通信,6
+,6
コンテンツ,6
様,6
麻布十番,6
局,6
４,6
中心,6
期間,6
応,6
受託,6
登録,6
不問,6
11,5
60,5
要件,5
金融,5
ソフトウェア,5
用,5
決済,5
実装,5
処理,5
電力,5
併用,5
メイン,5
人材,5
主,5
要員,5
委託,5
VR,5
CUBE,5
店舗,5
HP,5
JAVA,5
必須,5
広告,5
クライアント,5
予定,5
Wordpress,5
新卒,5
英語,5
リニューアル,5
簡単,5
オススメ,5
システム・アプリ,5
群馬,5
JavaScript,5
持ち帰り,5
ＩＴ,5
ＷＥＢ,5
Office,5
パソコン,5
講座,5
最寄り,5
つくば,5
老,5
代,5
LAMP,5
銀座,5
葛西,5
0,4
12,4
1500,4
バックエンドエンジニア,4
帳票,4
RPA,4
一部,4
田町,4
基本,4
リプレイス,4
内,4
刷新,4
基盤,4
加工,4
生産,4
DX,4
調査,4
iPhone,4
アップ,4
候補,4
修正,4
製薬,4
本木,4
マッチング,4
近郊,4
短期,4
ホームページ,4
至急,4
予算,4
付き,4
企画,4
完成,4
wordpress,4
内部,4
アシスタント,4
上野,4
上級,4
システムエンジニア,4
販売,4
h,4
LP,4
連携,4
型,4
パートナー,4
的,4
フリーランス,4
無線,4
JS,4
更新,4
数,4
ビジネス,4
ヶ月,4
立ち,4
番組,4
java,4
商品,4
マネージャー,4
主婦,4
名,4
１,4
プログラマ,4
受注,4
プログラム,4
飯田橋,4
外国,4
籍,4
JP,4
入力,4
jQuery,4
MySQL,4
】.,4
swift,4
Objective,4
両国,4
40,3
50,3
65,3
効率,3
定義,3
機関,3
デジタル,3
画面,3
NET,3
健康,3
自治体,3
VBA,3
電子,3
コード,3
マイグレーション,3
収集,3
レポート,3
稼働,3
モバイルアプリ,3
アドオン,3
工程,3
推進,3
抽出,3
スタート,3
CTO,3
通販,3
補助,3
予約,3
PMO,3
医療,3
スマホアプリ,3
フルリモ,3
進行,3
中,3
SaaS,3
Go,3
スキル,3
間,3
COBOL,3
名古屋,3
隙間,3
地方,3
リーダー,3
ＰＨＰ,3
上,3
&,3
Django,3
売買,3
単位,3
づくり,3
Angular,3
FE,3
土日,3
ワード,3
プレス,3
今後,3
GCP,3
所,3
html,3
現在,3
指定,3
一括,3
学習,3
～】,3
リード,3
CSS,3
vue,3
条件,3
無料,3
占い,3
一緒,3
人事,3
ロボット,3
教室,3
Firebase,3
)：,3
参加,3
マーケティング,3
小倉,3
先,3
修理,3
PC,3
常勤,3
以外,3
奈良,3
大和高田,3
センター,3
他,3
アプリエンジニア,3
成長,3
三,3
茶,3
VB,3
浅草橋,3
圏,3
リース,3
ORACLE,3
g,3
⇒,3
c,3
)＜,3
海浜幕張,3
クリエイティブ,3
川崎,3
プラグ,3
イン,3
メール,3
青山,3
豊洲,3
！(,3
長原,3
公的,3
資格,3
試験,3
Bilingual,3
Software,3
Engineer,3
基礎,3
フォーム,3
文字,3
列,3
別,3
よう,3
門前仲,3
立,3
7,2
150,2
250,2
工場,2
フェーズ,2
プロセス,2
実行,2
クレジットカード,2
検査,2
改良,2
ガイド,2
人気,2
官公庁,2
認識,2
リプレース,2
需給,2
BI,2
解析,2
ロー,2
不動産,2
変更,2
設備,2
仮想,2
通貨,2
レンタル,2
プラットフォーム,2
自動車,2
旅行,2
資産,2
銀行,2
UI,2
コンポーネント,2
経費,2
精算,2
統合,2
認証,2
書,2
ICT,2
研究,2
下,2
場,2
来社,2
フリーランスエンジニア,2
仕様,2
提案,2
当社,2
か月,2
端末,2
薬局,2
小売,2
テスター,2
ウェブアプリケーション,2
千葉,2
愛知,2
キッティング,2
安定,2
収入,2
高,2
正社員,2
面談,2
コンカフェ,2
その他,2
テーマ,2
オフライン,2
SFA,2
特定,2
MT,2
原則,2
大型,2
品川,2
スクレイピング,2
上流,2
エクセルデータ,2
)、,2
フルタイム,2
Kotlin,2
CakePHP,2
立案,2
on,2
拡張,2
LINE,2
希望,2
豊富,2
:,2
世田谷,2
創業,2
node,2
優遇,2
こと,2
機器,2
組込み,2
RoR,2
・,2
手,2
クライアントサイト,2
Node,2
脱毛,2
専門,2
メンテナンス,2
コンセプトシェアハウス,2
仲間,2
コーダー,2
デザイナー,2
中野,2
サイエンティスト,2
後,2
出版,2
ポッドキャスト,2
プロデューサー,2
小学生,2
オフショア,2
アドバイス,2
スタッフ,2
コン,2
サル,2
茅場,2
サーバーサイドエンジニア,2
ブレーン,2
テック,2
側,2
客,2
Vue,2
ワークフローソフト,2
市ヶ谷,2
配車,2
額,2
飲食,2
プロ,2
ブロック,2
チェーン,2
～（,2
化粧,2
品,2
在庫,2
CMS,2
CRM,2
４月,2
スクラッチ,2
リファクタリング,2
即日,2
最新,2
マイクロ,2
新人,2
場所,2
首都,2
版,2
/：,2
交代,2
デザイン,2
ＩＣＴ,2
員,2
テンプレート,2
ERP,2
宇都宮,2
会員,2
送信,2
証券,2
スマートフォンエンジニア,2
実務,2
船橋,2
php,2
実績,2
重視,2
池尻大橋,2
報酬,2
グローバル,2
ネイティブアプリ,2
芝公園,2
ベンチャー,2
区内,2
徒歩,2
分,2
大門,2
虎,2
門,2
TV,2
メタデータ,2
松山,2
四ツ谷,2
見積もり,2
雑誌,2
マンガ,2
放題,2
e,2
Sports,2
仕組み,2
基地,2
実施,2
6,1
15,1
22,1
23,1
24,1
25,1
80,1
100,1
120,1
400,1
550,1
1200,1
1350,1
2000,1
2016,1
2018,1
2019,1
4000,1
14000,1
20000,1
プロコンシステム,1
ハブ,1
ファイル,1
ASP,1
質量,1
分析計,1
支払い,1
有名,1
SNS,1
インフルエンサー,1
タイアップ,1
車載,1
顔,1
ソーシャルゲーム,1
遠隔,1
バックオフィスシステム,1
進捗,1
調達,1
クラウドシフト,1
消防,1
防災,1
利,1
生命,1
ガバメントクラウド,1
kintone,1
トランザクション,1
防衛,1
船舶,1
航行,1
ノー,1
各種,1
集計,1
結果,1
アプリ・システム,1
OA,1
運輸,1
免税,1
維持,1
プリントアウトソーシング,1
GUI,1
ベンダー,1
PCI,1
DSS,1
ドキュメント,1
気象,1
予測,1
予報,1
士,1
グループ,1
受発注,1
管制,1
学内,1
周辺,1
人月,1
システムリプレイス,1
スマートフォンゲーム,1
工具,1
WinActor,1
制度,1
~/「,1
Made,1
in,1
Japan,1
魅力,1
ID,1
情報処理,1
公共,1
関係,1
アプリフロントエンド,1
半導体,1
異常,1
検知,1
Fab,1
展開,1
オーダー,1
整理,1
法人,1
スマート,1
フォン,1
勘定,1
蓄電池,1
制御,1
IoT,1
宿泊,1
要領,1
EUC,1
検索,1
デプロイ,1
IBM,1
フレーム,1
OpenAI,1
コミュニケーション,1
購買,1
バージョンアップ,1
ゴルフ,1
戦力,1
報告,1
要,1
府,1
貝塚,1
お客様,1
UX,1
ブラウザ,1
互換,1
script,1
エラー,1
検出,1
ToC,1
SRE,1
%〜】,1
PF,1
資料,1
クライアントサービスインフラ,1
課金,1
Golang,1
育児,1
調剤,1
ストレスチェックシステム,1
DBMS,1
店,1
Kintone,1
指南,1
省庁,1
POC,1
バックエンド・インフラエンジニア,1
周,1
Cocos,1
d,1
国籍,1
EPM,1
札幌,1
openAI,1
ウェブアプリ,1
プロトタイプ,1
DMM,1
WEBCAMP,1
メンター,1
PowerAppps,1
Flutter,1
部,1
四谷,1
神谷町,1
Oculus,1
slack,1
apex,1
ハイクオリティ,1
交替,1
TL,1
スプレットシート,1
マクロ,1
Apps,1
Script,1
共,1
契,1
本社,1
バイク,1
屋,1
ECCUBEn,1
スマホアプリプログラマー,1
ECCUBE,1
Shopify,1
最低限,1
書類,1
以内,1
カスタム,1
コンカフェサイト,1
構造,1
必要,1
GAS,1
リファクタリングパートナー,1
品質,1
郊外,1
PG,1
請,1
！/,1
Audio,1
音,1
再生,1
不良,1
原因,1
動作,1
全国,1
各地,1
プラグイン・システム,1
ベテラン,1
ミラー,1
トレード,1
柔軟,1
デイタイム,1
もの,1
服飾,1
スマートフォン,1
レンタルスペースサイト,1
ウェブクローリング,1
財務,1
定型,1
在住,1
不可,1
分野,1
美容,1
皮膚,1
科,1
H,1
港,1
Docker,1
BE,1
Backbone,1
最適,1
兼,1
コンサルティング,1
戦略,1
バグ,1
夜間,1
帯,1
月額,1
ストリーミングサイト,1
発注,1
ツーツコンサル,1
ネクストエンジン,1
リスト,1
目的,1
Dir,1
WebDir,1
メガ,1
バンク,1
AD,1
バナー,1
GPS,1
連動,1
出退勤,1
ゲームアプリ,1
スケベ,1
スマ,1
ホ,1
アサイン,1
FPS,1
固定,1
過去,1
問,1
クイズ,1
出題,1
結婚,1
付き合い,1
関東,1
ランディングページ,1
AVMultiCamPiP,1
Capturing,1
from,1
Multiple,1
Cameras,1
ARN,1
Id,1
COO,1
楽天,1
不具合,1
解消,1
コロナ,1
渦,1
状況,1
システムリプレース,1
出品,1
レベルアップ,1
OR,1
スマホネイティブ,1
時,1
滋賀,1
大津,1
実現,1
どれ,1
労力,1
の,1
人,1
日当,1
工事,1
監督,1
機械,1
麻雀,1
プレイ,1
商業,1
小説,1
PR,1
諸々,1
Bluetooth,1
Reatct,1
TypeScript,1
マスメディア,1
フレックス,1
受入,1
日々,1
エキスパート,1
ところ,1
Ajax,1
即決,1
スクリプト,1
Typescript,1
イチ,1
SEO,1
意識,1
コラム,1
シェア,1
ハウス,1
ノマド・テレワーク,1
wp,1
laravel,1
チャットボット,1
スマートフォンシステム,1
モデル,1
日本,1
インフルエンサーズマーケット,1
礎,1
Full,1
Time,1
システムクラウド,1
BASIS,1
ＤＢ,1
ＤＢＭＳ,1
SF,1
SuccessFactors,1
切実,1
数学,1
理解,1
ベース,1
xR,1
未来,1
AR,1
Wanted,1
!!】,1
始動,1
GIGA,1
構想,1
め,1
越境,1
優秀,1
評価,1
半分,1
新聞,1
テレビ,1
ラジオ,1
オンラインディレクション,1
スマホゲーム,1
カタログ,1
BaaS,1
問題,1
点,1
指摘,1
ニュースアプリ,1
Springboot,1
当面,1
宅配,1
和歌山,1
どちら,1
Claris,1
Filemaker,1
カルテ,1
補完,1
データベースシステム,1
ルビー,1
現状,1
代行,1
ディレクションサポート,1
単月,1
中長期,1
タイヤ,1
メーカー,1
協力,1
チャットボットサービス,1
ai,1
花,1
記事,1
校正,1
代官山,1
etc,1
...,1
webRTC,1
モバイル,1
PowerShell,1
本業,1
不定期,1
Slack,1
アマゾン,1
外部,1
VPN,1
接続,1
為,1
枚,1
⭐,1
アプリバックエンド,1
Google,1
Cloud,1
Platform,1
Pyrhon,1
初回,1
墨田,1
責任,1
フルスタックエンジニア,1
勝ち,1
用意,1
自由自在,1
電算,1
学校,1
クラス,1
応対,1
中核,1
rails,1
toC,1
加速,1
国立,1
医学部,1
産学,1
マネ,1
毎週,1
土曜日,1
それ,1
CentOS,1
bsh,1
トラック,1
個人,1
コミックストア,1
勤,1
原宿,1
SpringBoot,1
活動,1
門真,1
z,1
OS,1
Xamarin,1
汐留,1
オリジナル,1
選定,1
メンズ,1
Andoroid,1
途中,1
）～,1
メンテ,1
～）,1
０,1
麹,1
ティラノスクリプト,1
同人,1
サウンドノベルゲーム,1
LiveMaker,1
浦和,1
]　,1
単品,1
印刷物,1
ソーラー,1
起業,1
家,1
メデイア・,1
手帳,1
熟知,1
one,1
to,1
ブランド,1
アニメーション,1
実写,1
組み合わせ,1
種類,1
増加,1
チャット,1
Bot,1
WPF,1
運送,1
倉庫,1
業者,1
CE,1
ハンディ,1
ターミナル,1
SPA,1
外食,1
アミューズメント,1
アセンブラ,1
出勤,1
Maya,1
最寄駅,1
西麻布,1
末,1
配線,1
RubyonRails,1
CALL,1
終了,1
セールス,1
Spring,1
門前仲町,1
月数,1
当たり,1
知能,1
隣,1
駒場,1
東大,1
クラウドシステム,1
就業,1
五反田,1
日本語,1
読み書き,1
ネイティブ,1
レベル,1
Access,1
コンバート,1
No,1
一員,1
活,1
所属,1
フリー,1
バイナリー,1
半蔵門,1
汎用,1
聖蹟,1
桜ヶ丘,1
マッチングアプリ,1
レイアウト,1
android,1
組,1
込,1
潮見,1
AccessVBA,1
ITP,1
アフィリエイトタグ,1
クライアントサポート,1
女性,1
北本,1
デバッガー,1
デバッグ,1
若手,1
育成,1
笹塚,1
建設,1
電気,1
技士,1
Sass,1
ネット,1
AS,1
RPG,1
物流,1
羽,1
ＢＹＯＤ,1
校,1
小中学校,1
Movable,1
Type,1
Symfony,1
好条件,1
開始,1
総務,1
川口,1
エントリー,1
国際,1
展示,1
付近,1
〜/,1
mysql,1
PJ,1
事前,1
文京,1
前橋,1
Twillio,1
関西,1
physon,1
ゲームサーバーエンジニア,1
BtoC,1
目黒,1
アート,1
イラスト,1
ios,1
単発,1
エクセル,1
売上,1
シート,1
クリック,1
弥生,1
セル,1
コピー,1
)／,1
Andorid,1
Welcart,1
WelCart,1
項目,1
メルマガ,1
一斉,1
新木場,1
提示,1
演習,1
SI,1
牽引,1
インターネット,1
新横浜,1
google,1
スプレッドシート,1
見附,1
運転,1
ReactNative,1
Optimisation,1
of,1
forex,1
trading,1
prices,1
bootstrap,1
改造,1
AndroidJava,1
Api,1
Gateway,1
DynamoDB,1
～　,1
ヘルス,1
テクノロジー,1
LINESIX,1
デビュー,1
居住,1
ファッション,1
コーディネート,1
連続,1
日間,1
セキュリティ,1
テレワーク,1
祝祭日,1
休み,1
給与,1
明細,1
改定,1
iphone,1
度,1
三田,1
事務所,1
Monaca,1
000,1
フォロー,1
オフィシャルサイト,1
譲渡,1
益,1
オートメーション,1
コーポレート,1
アップデート,1
麻布,1
十,1
番,1
大分,1
手伝い,1
高級,1
車,1
西新宿,1
駒沢,1
フロントエンドデベロッパー,1
add,1
要求,1
金沢,1
自然,1
ロジック,1
ウェブエンジニア・プログラマ,1
淀屋橋,1
中学校,1
タブレット,1
東,1
駒沢大学,1
python,1
関数,1
指導,1
Imagemagick,1
エンジン,1
錦糸町,1
ローン,1
今期,1
参入,1
初心者,1
プラグイン・デモサイト,1
フロントエンジニア・マークアップマイスター,1
ハイブリッドアプリ,1
家電,1
静的,1
レスポンシブ,1
次世代,1
音楽,1
総合,1
印刷,1
スクラム,1
英会話,1
ＪＡＶＡ,1
css,1
バックエンド・フロントエンド,1
コミット,1
はんだ,1
付け,1
うち,1
いずれ,1
提供,1
九段下,1
投稿,1
週間,1
日数,1
融通,1
蒲田,1
大手町,1
Design,1
Tech,1
レスポンシブサイト,1
#　,1
大量,1
梅田,1
紙,1
ディレクションアシスタント・,1
秘書,1
食,1
製作,1
枠,1
大須,1
SES,1
成果,1
本町,1
アフィリエイトシステム,1
レイハウオリ,1
WF,1
大江戸,1
線,1
赤羽,1
橋,1
そば,1