時間,52
作業,51
仕事,49
募集,48
2,45
内容,45
指定,44
1,43
10,43
ご覧,43
方法,42
情報,42
方,41
円,39
件,39
程度,38
いただき,38
報酬,36
応募,36
ネット,36
お願い,36
質問,34
依頼,33
業務,33
簡単,32
可能,32
上,31
お待ち,31
分,31
データ,30
確認,30
-,30
経験,29
こちら,29
3,28
日,28
こと,28
年齢,27
長期,26
商品,26
記載,26
等,26
納品,26
条件,25
その他,25
単純,25
対応,25
サイト,24
継続,24
歓迎,24
収集,24
場合,23
入力,23
的,22
チャット,22
ワーク,22
.,22
弊社,21
必要,21
環境,20
概要,20
ため,20
5,19
20,19
在宅,19
品,19
パソコン,19
トライアル,19
支払い,19
サポート,18
以上,18
アカウント,18
eBay,18
流れ,18
私,18
あたり,18
参加,18
通話,18
販売,17
先,17
週間,17
現在,17
点,17
EC,17
スプレッドシート,17
コピー,17
/,17
4,16
安心,16
連絡,16
海外,16
PC,16
リサーチ,16
有無,16
&,16
ペースト,16
希望,15
他,15
後,15
期間,15
職業,15
代,15
数,15
自宅,15
これ,15
30,14
マニュアル,14
中,14
共有,14
実施,14
例,14
スタッフ,14
価格,14
調査,14
量,14
ビデオ,14
都合,14
氏名,14
性,14
選び,14
重視,14
秘密,13
気軽,13
帯,13
自分,13
主婦,13
内,13
たち,13
URL,13
Google,13
,,13
作成,13
用意,13
相談,12
金額,12
事業,12
リスト,12
50,11
好き,11
月,11
完全,11
検索,11
以内,11
週,11
(,11
etc,11
要項,11
完了,11
保持,11
Amazon,11
苗字,11
あなた,11
),11
①,11
②,11
複数,11
使用,11
日数,11
契約,11
下記,11
旨,11
納期,11
初心者,10
♪,10
限り,10
よう,10
ショップ,10
国内,10
問題,10
以下,10
ストアサイト,10
提供,10
ノート,10
出先,10
おもちゃ,10
お力,10
m,10
(__),10
③,10
ノルマ,10
チェック,10
目的,10
目安,10
500,9
初め,9
お手伝い,9
こまめ,9
厳守,9
１,9
判断,9
結果,9
者,9
性別,9
ページ,9
梱包,9
もの,9
ランサーズ,9
④,9
社,9
分業,9
BTS,9
ぬいぐるみ,9
セーラー,9
ムーン,9
多岐,9
名前,9
電話,9
お住い,9
100,8
出品,8
度,8
運営,8
今回,8
漏洩,8
基本,8
事前,8
際,8
名,8
回,8
時,8
項目,8
関連,8
動機,8
単発,8
発送,8
検品,8
毎日,8
問い合わせ,8
日本,8
拡大,8
皆様,8
回答,8
加工,7
一,7
自身,7
利益,7
無料,7
オンライン,7
以降,7
区,7
の,7
副業,7
リモート,7
抵抗,7
在庫,7
管理,7
そちら,7
写真,7
撮影,7
さん,7
地域,7
シート,7
エリア,7
ebay,7
具体,7
大手,7
料金,7
東京,7
都,7
40,6
パートナー,6
画像,6
丁寧,6
ヶ月,6
２,6
ショッピング,6
利用,6
空き,6
仕入れ,6
～,6
得意,6
報告,6
責任,6
何,6
案件,6
提案,6
了承,6
Zoom,6
様,6
形式,6
調整,6
最後,6
提示,6
フル,6
ストア,6
従事,6
在住,6
コミュニケーション,6
受け取り,6
以外,6
クオリティ,6
^^,6
柔軟,6
局,6
本文,6
末尾,6
企業,6
感想,6
業,6
上場,6
はじめ,6
ボリューム,6
曖昧,6
返答,6
前半,6
男性,6
渋谷,6
15,5
5000,5
OK,5
BUYMA,5
店舗,5
ファッション,5
最初,5
誠実,5
世界,5
力,5
曜日,5
３,5
５,5
人,5
英語,5
計算,5
記録,5
用,5
Chatwork,5
成果,5
実績,5
開始,5
招待,5
収入,5
スプレットシート,5
語,5
身分,5
証,5
住まい,5
ビジネス,5
予算,5
記入,5
000,5
平日,5
不要,5
スキル,5
想定,5
採用,5
一切,5
⭐,5
①〜④,5
7,4
200,4
20250101,4
20250102,4
20250103,4
20250104,4
誰,4
操作,4
額,4
協力,4
興味,4
知識,4
過去,4
元,4
面談,4
お互い,4
考慮,4
学生,4
会社,4
員,4
自己,4
紹介,4
向け,4
進め方,4
費用,4
検討,4
両方,4
進捗,4
ミーティング,4
顔出し,4
a,4
b,4
c,4
d,4
ツール,4
料,4
登録,4
安値,4
ブランド,4
有効,4
活用,4
現地,4
お客様,4
ペース,4
全て,4
配送,4
その後,4
資材,4
集荷,4
プリンター,4
ペット,4
確保,4
スペース,4
畳,4
件数,4
別,4
一緒,4
代行,4
カテゴリー,4
カテゴリ,4
声,4
がけ,4
守秘,4
義務,4
背景,4
修正,4
必見,4
オススメ,4
掛け持ち,4
通り,4
郵便,4
お受け取り,4
フォーム,4
メッセージ,4
カンタン,4
予定,4
段階,4
6,3
60,3
800,3
2000,3
3500,3
休み,3
手順,3
真面目,3
ランサー,3
大丈夫,3
専門,3
ごと,3
インターネット,3
優遇,3
市,3
近郊,3
支給,3
感,3
エンジン,3
[,3
],3
•,3
Spreadsheet,3
重複,3
故意,3
日間,3
増額,3
出版,3
年数,3
製造,3
メーカー,3
特徴,3
前後,3
アパレル,3
翻訳,3
活躍,3
コピペ,3
送信,3
アップ,3
理由,3
~,3
荷物,3
さ,3
業者,3
引き渡し,3
x,3
=,3
インセンティブ,3
完備,3
フルネーム,3
:,3
不可,3
フリーランス,3
重量,3
それぞれ,3
どちら,3
発生,3
個人,3
上記,3
初回,3
フォロー,3
保管,3
最低限,3
喫煙,3
週末,3
案,3
物販,3
それ,3
各国,3
買,3
付,3
通販,3
lotus,3
koko,3
訪問,3
買い付け,3
余裕,3
❤,3
オシャレ,3
お話し,3
場,3
良品,3
返品,3
交換,3
代金,3
負担,3
LINE,3
お尋ね,3
個別,3
すり合わせ,3
心待ち,3
みなさん,3
やりとり,3
相違,3
都道府県,3
効率,3
8,2
250,2
750,2
隙間,2
求人,2
ボーナス,2
歳,2
遠慮,2
今,2
第三者,2
禁止,2
事,2
作り,2
０,2
規模,2
輸出,2
新規,2
キーワード,2
結構,2
やり取り,2
ソフト,2
準備,2
レクチャー,2
合計,2
サイズ,2
退職,2
同様,2
大体,2
雑貨,2
大阪,2
注意,2
直接,2
事務所,2
交通,2
費,2
大切,2
差,2
基,2
率,2
目,2
限定,2
おすすめ,2
家,2
ゼロ,2
始め,2
外部,2
歴,2
決定,2
謝礼,2
表,2
スムーズ,2
国,2
近く,2
SNS,2
DM,2
送付,2
所属,2
X,2
投稿,2
コメント,2
返信,2
テンプ,2
レ,2
途中,2
終了,2
お送り,2
ログイン,2
相手,2
土日,2
貿易,2
^,2
ひとつ,2
個,2
完結,2
ラップ,2
ダンボール,2
保護,2
票,2
送り状,2
発行,2
・,2
かた,2
翌日,2
Ok,2
室内,2
○,2
自由,2
+,2
わたし,2
版,2
GoogleChrome,2
ブラウザ,2
解決,2
うち,2
次,2
不明,2
更新,2
済み,2
有,2
かたは,2
釣り,2
ゲーム,2
..,2
顧客,2
機能,2
そこ,2
教え,2
適宜,2
多数,2
長期間,2
優先,2
モバイル,2
タブレット,2
フリー,2
Wifi,2
）:,2
表記,2
日曜日,2
)：,2
心,2
急募,2
手配,2
市場,2
反映,2
設定,2
特定,2
もと,2
最終,2
(.,2
手続き,2
主,2
そう,2
悩み,2
接客,2
ダブル,2
%,2
提出,2
フィードバック,2
うえ,2
打ち合わせ,2
一部,2
文言,2
非公開,2
事務,2
変動,2
住所,2
事項,2
年代,2
〇,2
当社,2
プラットフォーム,2
一致,2
稼働,2
女性,2
12,1
14,1
22,1
25,1
33,1
45,1
120,1
150,1
300,1
400,1
600,1
900,1
1999,1
2025,1
2030,1
3768,1
19990607,1
小遣い,1
稼ぎ,1
バイマ,1
小松崎,1
一品,1
売り上げ,1
形,1
人材,1
二,1
十,1
ライン,1
持ち出し,1
運用,1
権利,1
所有,1
双方,1
制限,1
発見,1
最大,1
アシスタント,1
やる気,1
集中,1
履歴,1
タイトル,1
いくつ,1
常時,1
スカイプ,1
アプリ,1
インストール,1
５つ,1
成功,1
４,1
随時,1
受付,1
画面,1
当方,1
税込み,1
色,1
違い,1
コンディション,1
品目,1
出来,1
勤続,1
昇給,1
賞与,1
フリーター,1
定年,1
アレルギー,1
普段,1
同業,1
お断り,1
厳禁,1
読み書き,1
アルバイト,1
.),1
就労,1
アピール,1
要望,1
製品,1
外装,1
箱,1
内装,1
組み立て,1
お越し,1
=======================================,1
紙,1
形状,1
小,1
化粧,1
包装,1
作業場,1
中央,1
全額,1
見積もり,1
最低,1
机,1
音楽,1
楽,1
出荷,1
慎重,1
手先,1
器用,1
類似,1
様々,1
イラスト,1
コーチングサービスモニター,1
支援,1
サービス,1
モニター,1
趣味,1
絵,1
画,1
自信,1
画家,1
漫画,1
夢,1
お金,1
たて,1
インタビュー,1
アドバイス,1
対話,1
型,1
コーチング,1
マイク,1
ON,1
カメラ,1
所要,1
最長,1
品質,1
向上,1
録音,1
録画,1
公開,1
絵描き,1
自動,1
日程,1
日時,1
システム,1
源泉,1
徴収,1
転記,1
上野,1
ハイ,1
ススメ,1
バイヤー,1
日常,1
会話,1
直営店,1
ブティック,1
付き合い,1
日本人,1
アクセス,1
店員,1
*,1
都市,1
往復,1
閲覧,1
♫,1
通訳,1
言語,1
日本語,1
単語,1
文字数,1
特価,1
ライバー,1
マネジメント,1
集客,1
スカウト,1
ターゲット,1
テンプレート,1
側,1
文章,1
スマ,1
ホ,1
税,1
抜,1
放棄,1
アタック,1
北陸,1
中部,1
祝,1
!!,1
楽しみ,1
 ,1
勤務,1
形態,1
地方,1
下部,1
詳細,1
枚,1
ファイル,1
追加,1
稀,1
故障,1
破損,1
汚れ,1
クリーニング,1
プチプチ,1
フィット,1
防止,1
道具,1
エクセル,1
寸法,1
ラベル,1
配達,1
(○,1
Ebay,1
ヤフオク,1
たくさん,1
機会,1
いかが,1
%）,1
スタート,1
カウント,1
行動,1
ミス,1
^^）,1
旅行,1
行事,1
",1
基礎,1
理解,1
都度,1
漢字,1
周,1
間,1
次第,1
ステップ,1
毎月,1
かなり,1
良好,1
関係,1
ワードプレスサイト,1
復活,1
件名,1
お世話,1
以前,1
ワード,1
プレス,1
ドメイン,1
サーバー,1
期限切れ,1
技術,1
手立て,1
伺い,1
クイッカサーバ,1
移動,1
エックス,1
選択肢,1
教授,1
大変,1
DG,1
上品,1
メール,1
タイミング,1
定型,1
文,1
保有,1
構築,1
正直,1
レベル,1
基準,1
カスタマーサポート,1
外国,1
措置,1
色々,1
一員,1
秒,1
応対,1
英会話,1
ネイティブ,1
ほど,1
手作業,1
!,1
消耗,1
すべて,1
単価,1
少量,1
音信,1
不通,1
県,1
お答え,1
住居,1
戸建て,1
マンション,1
ハンド,1
メイド,1
作品,1
制作,1
ハンドメイドアイテム,1
ブレスレット,1
スト,1
デザイン,1
センス,1
材料,1
完成,1
見直し,1
競合,1
他社,1
比較,1
動向,1
適正,1
群,1
新た,1
戦略,1
売上,1
季節,1
最適,1
取引,1
分析,1
能力,1
Excel,1
適切,1
xlsx,1
Meet,1
面接,1
補助,1
選考,1
進行,1
役,1
台本,1
渡し,1
求職,1
経緯,1
宿泊,1
施設,1
ホテル,1
チェックイン・チェックアウト,1
受託,1
獲得,1
活動,1
想像,1
スクリーニング,1
人事,1
担当,1
お話,1
手数料,1
込,1
リハーサル,1
加算,1
発注,1
オーストラリア,1
フランス,1
TikTok,1
ライブ,1
ボタン,1
配信,1
プロフィール,1
遷移,1
抜け毛,1
気,1
薄毛,1
①〜④】,1
食欲,1
！⭐,1
ニキビ,1
累積,1
チャンス,1
是非,1
試し,1
for,1
Jobs,1
出稿,1
出向,1
全部,1
評価,1
経営,1
審査,1
書類作成,1
前任,1
資格,1
迅速,1
書類,1
構成,1
整理,1
ヒアリング,1
資料,1
草案,1
PDF,1
pdf,1
万,1
実務,1
強み,1
リサーチャー,1
インスタグラム,1
物,1
用途,1
インスタ,1
インスタアカウント,1
解除,1
ズーム,1
仕方,1
************************,1
スクショ,1
貼付,1
周り,1
タスク,1
前提,1
フロー,1
MTG,1
箇所,1
カ月,1
⑤,1
手段,1
期日,1
経歴,1
オランダ,1
伝え,1
購入,1
メイン,1
苦,1
受け渡し,1
受取,1
状態,1
時点,1
自社,1
綺麗,1
持ち込み,1
送料,1
先払い,1
まめ,1
家族,1
フォーマット,1
可否,1
月間,1
わたくし,1
共,1
立替,1
金,1
取り扱い,1
フィギュア,1
本,1
プラモデル,1
電子,1
機器,1
kg,1
ZOOM,1
飼育,1
お知らせ,1
amazon,1
メルカリ,1
楽天,1
ウェブサイト,1
イーベイ,1
説明,1
既存,1
済,1
アップデート,1
固定,1
選定,1
イーベイアカウント,1
スクリーン,1
ショット,1
トリミング,1
ロード,1
卸,1
定期,1
一覧,1
切れ,1
該当,1
削除,1
変更,1
Windows,1
Mac,1
安定,1
フリマアプリ,1
円滑,1
可,1
スペック・ネット,1
報,1
連,1
相,1
対象,1
心理,1
学,1
実験,1
月経,1
症候群,1
PMS,1
症状,1
研究,1
任意,1
いつ,1
中止,1
不利益,1
読み,1
前,1
一通り,1
クライドワークス,1
プロジェクト,1
合致,1
https,1
://,1
forms,1
gle,1
usBX,1
vmvrYnKakEn,1
スマホ,1
生年月日,1
桁,1
数字,1
年,1
生まれ,1
携帯,1
下,1
添付,1
メモ,1
保存,1
リマインダー,1
セット,1
お伝え,1
６つ,1
承認,1
番号,1
紐,1
付け,1
為,1
form,1
フェイス,1
生活,1
習慣,1
ストレス,1
イベント,1
税込,1
明らか,1
不備,1
不誠実,1
統計,1
処理,1
学術,1
これら,1
パスワード,1
USB,1
メモリー,1
鍵,1
庫,1
厳重,1
粉砕,1
破棄,1
機密,1
短時間,1
表示,1
◯,1
お子さん,1
外,1
パート,1
妊娠,1
マメ,1
　¥,1
値上げ,1
還元,1
）¥,1
¥,1
どなた,1
文字,1
サーフィン,1
持ち,1
)】,1
部分,1
独断,1
大まか,1
***************,1