使用,22
生成,21
AI,21
可,21
提案,21
デザイン,20
非公開,20
当選,19
保証,19
1,18
4,18
こと,18
3,16
5,16
可能,16
日,16
後,16
サイズ,16
),16
店,16
制作,16
年,16
作業,15
素材,15
結婚,15
名前,15
家族,15
自分,15
提供,15
経験,15
一緒,15
ショップ,15
(,15
もの,15
表面,15
職人,15
事,15
大切,15
型,15
サービス,15
-,15
2,14
12,14
60,14
2024,14
ワークショップ,14
体験,14
今日,14
指輪,14
沖縄,14
北谷,14
アメリカンビレッジ,14
新た,14
オープン,14
月,14
カップル,14
絆,14
彫金,14
作り,14
旅行,14
素敵,14
思い出,14
工房,14
友達,14
オリジナル,14
バングル,14
手作り,14
お客様,14
ニーズ,14
多彩,14
FUSA,14
Handmade,14
rings,14
婚約,14
さまざま,14
スタイル,14
豊富,14
スタッフ,14
指導,14
もと,14
特別,14
シルバー,14
ゴールド,14
プラチナ,14
カスタマイズ,14
最適,14
当店,14
プロセス,14
最初,14
幅,14
形状,14
模様,14
仕上げ,14
好み,14
(※,14
お作り,14
指,14
測定,14
オーダー,14
用紙,14
記入,14
完成,14
直前,14
形,14
ハンマー,14
分,14
当日,14
持ち帰り,14
内側,14
日付,14
刻印,14
ピンク,14
真鍮,14
共有,14
友人,14
同士,14
参加,14
共同,14
メッセージ,14
アフターサービス,14
メンテナンス,14
リフォーム,14
使い,14
PR,13
チラシ,8
作成,6
依頼,5
概要,5
イメージ,5
用,4
お願い,4
納期,4
方,4
利用,4
用途,4
/,4
納品,4
方法,4
先,4
選び,4
重視,4
点,4
募集,4
20,3
30,3
Web,3
宣伝,3
情報,3
週間,3
ツール,3
,,3
円,3
応募,3
代,3
コミュニケーション,3
ため,3
連絡,3
サイト,3
バナー,3
こまめ,3
ターゲット,3
A,3
紹介,3
業務,3
よう,3
企業,3
10,2
イベント,2
告知,2
内容,2
仕事,2
こちら,2
自身,2
Canva,2
Photoshop,2
Figma,2
契約,2
枚,2
広告,2
確認,2
対応,2
性,2
際,2
記載,2
年齢,2
前,2
.,2
コピー,2
等,2
気軽,2
皆様,2
お待ち,2
雰囲気,2
柔軟,2
関連,2
デザイナー,2
様,2
訴求,2
目的,2
店舗,2
条件,2
物,2
印刷,2
形式,2
報酬,2
000,2
簡単,2
自己,2
今回,2
の,2
飲食,2
投稿,2
県,2
市,2
化,2
社内,2
中小,2
事業,2
展開,2
会社,2
7,1
35,1
36,1
70,1
1080,1
5000,1
渡し,1
中,1
必要,1
ピックアップ,1
ペース,1
１,1
回,1
予定,1
目安,1
指定,1
金額,1
税,1
抜,1
スタート,1
対象,1
興味,1
大事,1
育休,1
主婦,1
夕方,1
～,1
夜,1
時間,1
ケース,1
構成,1
有無,1
職業,1
雇用,1
形態,1
採用,1
顔出し,1
面談,1
直近,1
日時,1
フリーランス,1
理由,1
副業,1
上記,1
頻度,1
帯,1
参考,1
その他,1
質問,1
問い合わせ,1
&,1
詳細,1
掲示,1
お伝え,1
ワーホリ,1
web,1
ご覧,1
当方,1
魅力,1
最大限,1
表現,1
歓迎,1
季節,1
感,1
配布,1
オンライン,1
配信,1
多岐,1
キャッチ,1
写真,1
スキル,1
Illustrator,1
円滑,1
MTG,1
あなた,1
人間,1
キャラクター,1
案件,1
方向,1
マッチ,1
一,1
度,1
実施,1
解像度,1
PDF,1
jpeg,1
png,1
初稿,1
提出,1
程度,1
最終,1
以内,1
時,1
～（,1
税込,1
実績,1
相談,1
選考,1
流れ,1
①,1
以下,1
お知らせ,1
過去,1
編集,1
ポートフォリオ,1
リンク,1
大丈夫,1
②,1
性格,1
意気込み,1
アンケート,1
回答,1
③,1
説明,1
ミーティング,1
④,1
それ,1
継続,1
的,1
楽しみ,1
商品,1
海外,1
名刺,1
封筒,1
ステッカー,1
PNG,1
(.,1
イラストレーター,1
ai,1
フォト,1
psd,1
JPG,1
jpg,1
要望,1
クオリティ,1
Instagram,1
運用,1
代行,1
クリニック,1
営業,1
デジタル,1
発信,1
SNS,1
集客,1
促進,1
掲載,1
層,1
~,1
男女,1
ポップ,1
px,1
前後,1
遵守,1
丁寧,1
工場,1
見学,1
当社,1
石川,1
金沢,1
づくり,1
分野,1
プラスチック,1
加工,1
シルク,1
スクリーン,1
金属,1
銘板,1
機械,1
彫刻,1
カッティング,1
これら,1
技術,1
工作,1
シール,1
操作,1
パネル,1
樹脂,1
部品,1
主要,1
顧客,1
業界,1
プラント,1
製造,1
省庁,1
品質,1
品物,1
特,1
創業,1
以上,1
経過,1
割,1
社長,1
歳,1
)、,1
平均,1
気質,1
業,1
何,1
チャレンジ,1
チームワーク,1
ボトムアップ,1
改善,1
インスタグラム,1
フィード,1
画像,1
用品,1
回収,1
廃棄,1
個人,1
主,1
私,1
インスタアカウント,1
https,1
://,1
www,1
instagram,1
com,1
katazuke,1
_,1
mikuni,1
profilecard,1
/?,1
igsh,1
=,1
MXQ,1
Ymx,1
cWZsZGxwMg,1
==,1
インスタ,1
料金,1
表,1
サイエンコートヤード,1
葬儀,1
会館,1
スペック,1
押し,1
SAIEN,1
COURTYARD,1
文字,1
ロゴ,1
添付,1
ノー,1
コード,1
SAAP,1
両面,1
草案,1
株式会社,1
ZiP,1
弊社,1
開発,1
販売,1
協力,1
誰,1
システム,1
エンド,1
ユーザー,1
内,1
部門,1
想定,1
活用,1
製,1
大手,1
自社,1
Excel,1
Access,1
フランチャイズ,1
加盟,1
POP,1
ポスター,1
栃木,1
宇都宮,1
拠点,1
北関東,1
東北,1
甲信越,1
地域,1
チェーン,1
運営,1
日本,1
外食,1
シーン,1
リード,1
人気,1
オリオン,1
餃子,1
肉汁,1
たっぷり,1
大人気,1
現在,1
地元,1
密着,1
不動産,1
エイショウハウス,1
フライヤー,1
近隣,1
知名度,1