募集,119
週,110
/,87
業務,74
円,73
記事,68
在宅,56
ライター,56
方,56
3,53
1,49
日,44
作業,41
作成,39
時間,39
仕事,36
歓迎,33
2,31
出品,28
5,27
～,26
経験,26
ネット,26
者,25
4,24
オフィス,24
ショップ,23
完全,22
編集,22
データ,21
等,21
以上,21
文字,20
リモート,19
月,19
運営,19
事務,19
管理,19
メディア,18
採用,18
主婦,18
サイト,17
企画,17
商品,17
さん,16
時給,16
渋谷,16
ライティング,15
依頼,15
簡単,15
継続,14
000,14
長期,14
系,14
可能,14
代行,14
サポート,14
アシスタント,14
常駐,14
OK,13
勤務,13
バック,13
駅,12
ブログ,12
相談,12
初心者,12
2000,11
執筆,11
急募,11
~,11
WEB,11
経理,11
30,10
1500,10
案件,10
インタビュー,10
回,10
企業,10
万,10
可,10
担当,10
ワーク,10
３,10
コンテンツ,10
10,9
登録,9
入力,9
Web,9
校閲,9
会社,9
お手伝い,9
運用,9
20,8
本,8
SEO,8
海外,8
短期,8
お願い,8
自由,8
１,8
区,8
整理,8
スタッフ,7
発送,7
補助,7
取材,7
書,7
事業,7
品,7
副業,7
人事,7
中,7
銀座,7
販売,7
Aichi,7
1000,6
店,6
向け,6
池袋,6
新宿,6
様,6
対応,6
女性,6
投稿,6
優遇,6
.,6
バイマ,6
応,6
収入,6
隙間,6
好き,6
恋愛,6
スキマ,6
件,6
ディレクション,6
２,6
Excel,6
500,5
600,5
字,5
-,5
納品,5
梱包,5
参加,5
分,5
オンライン,5
請求,5
市,5
平日,5
Twitter,5
制作,5
動画,5
立案,5
更新,5
撮影,5
開発,5
基本,5
化,5
希望,5
テーマ,5
業,5
(,5
スキル,5
フリーランス,5
必見,5
五反田,5
決算,5
投資,5
アップ,5
処理,5
限定,5
ヶ月,5
記者,5
会見,5
&,5
要約,5
800,4
1400,4
1800,4
12000,4
15000,4
!,4
セールス,4
),4
用,4
程度,4
県,4
都内,4
情報,4
ビジネス,4
報酬,4
検索,4
マーケティング,4
営業,4
高,4
～】,4
新規,4
EC,4
子育て,4
日々,4
仕訳,4
給与,4
計算,4
５,4
・,4
東京,4
音声,4
Accountant,4
needed,4
at,4
15,3
50,3
5000,3
代,3
的,3
資料,3
対策,3
日本,3
or,3
有,3
DX,3
美容,3
画像,3
時短,3
一,3
SNS,3
広告,3
書籍,3
飲食,3
写真,3
校正,3
不定期,3
月数,3
IT,3
ページ,3
構成,3
配信,3
達人,3
前後,3
人,3
収集,3
メール,3
専門,3
シェア,3
ハウス,3
通販,3
ebay,3
URL,3
アカウント,3
♪】,3
上旬,3
弱,3
活,3
ヘルプ,3
ヤード,3
ペット,3
At,3
HR,3
Executive,3
全般,3
6,2
16,2
40,2
100,2
1200,2
3000,2
6000,2
AI,2
活用,2
代理,2
デザイナー,2
パソコン,2
ソフト,2
土日,2
:,2
住宅,2
コラム,2
賞賛,2
反応,2
FBA,2
近く,2
イベント,2
技術,2
発信,2
リライト,2
スカッ,2
数字,2
感想,2
ソフトウェア,2
全国,2
経営,2
神奈川,2
教育,2
一緒,2
保険,2
実績,2
申請,2
PR,2
ブランディング,2
解説,2
台本,2
バナー,2
キャッチ,2
コピー,2
版,2
ナイト,2
関連,2
スケジュール,2
集客,2
ホームページ,2
開業,2
方法,2
YouTube,2
夜,2
[,2
],2
国内,2
業界,2
特,2
文章,2
提案,2
原稿,2
年,2
アプリ,2
人材,2
最新,2
コピーライター,2
自宅,2
得意,2
+,2
マニュアル,2
⭐,2
清掃,2
Buyma,2
)】,2
インフルエンサー,2
フォロワー,2
仮想,2
通貨,2
分析,2
目安,2
アパレル,2
身,2
コピーライティング,2
テルル,2
HP,2
税込み,2
中小,2
地方,2
コンセプトシェアハウス,2
原宿,2
♪,2
～/,2
安心,2
BUYMA,2
赤坂,2
会計,2
カメラ,2
操作,2
ＯＫ,2
港,2
高額,2
歩合,2
検品,2
脱毛,2
仕入れ,2
支払い,2
h,2
福島,2
近辺,2
保障,2
専業,2
物販,2
単価,2
名,2
品川,2
三,2
妊,2
妊娠,2
中央,2
役員,2
直下,2
デスク,2
キッティング,2
データチェック,2
使用,2
当初,2
人気,2
楽天,2
スポット,2
不動産,2
事務所,2
福岡,2
専用,2
常勤,2
キュレーション,2
シート,2
ママ,2
目黒,2
大田,2
Needed,2
不問,2
ウェブメディア,2
映画,2
書士,2
ライティング・,2
~/,2
受注,2
お客様,2
インターネット,2
単純,2
スポーツ,2
ウェルカム,2
外科,2
審美,2
歯科,2
秘書,2
横須賀,2
子ども,2
貧困,2
弁護士,2
法人,2
築地,2
7,1
9,1
19,1
60,1
90,1
200,1
250,1
300,1
430,1
900,1
1350,1
2100,1
2500,1
3500,1
4500,1
8000,1
Yahoo,1
知恵袋,1
回答,1
自社,1
媒体,1
委託,1
さまざま,1
関係,1
00,1
国際,1
情勢,1
ch,1
AMAZON,1
メルカリ,1
返品,1
物,1
棚,1
入れ,1
船橋,1
カフェ,1
canva,1
スプレッドシート,1
ノマド,1
広島,1
開催,1
フル,1
力,1
SE,1
ガジェットオタク,1
昇給,1
youtube,1
アフィリエイト,1
目的,1
メルマガ,1
シナリオライター,1
形式,1
上場,1
横浜,1
得,1
実用,1
ブック,1
著者,1
出版,1
プロデューサー,1
潮凪,1
洋介,1
昼間,1
大人,1
長,1
候補,1
Instagram,1
Youtube,1
Tiktok,1
ファン,1
過去,1
調査,1
ドローン,1
操縦,1
ローン,1
クリニック,1
Instgram,1
東麻布,1
各種,1
金,1
アド,1
ミ,1
モンスター,1
ハンター,1
最短,1
趣味,1
高給,1
NOTE,1
～【,1
政治,1
町田,1
内容,1
メタバース,1
四,1
六,1
DTP,1
組版,1
柔軟,1
英語,1
スキンケアブランド,1
公式,1
どこ,1
起業,1
為,1
計画,1
スクリプト,1
単発,1
ウィキペディア,1
日本語,1
月曜,1
有能,1
ツール,1
い,1
空き,1
スタイル,1
コンテ,1
Amazon,1
カタログ,1
早急,1
反響,1
物件,1
以内,1
最速,1
ブランド,1
カラー,1
選定,1
ライト,1
ノベル,1
ライブ,1
建築,1
現場,1
施工,1
納期,1
厳守,1
インサイド,1
オウンドメディア,1
ピックアップ,1
まとめ,1
案内,1
パンフレット,1
謝礼,1
年収,1
以下,1
メンタル,1
共感,1
ライラー,1
!(^^)!,1
スピリチュアル,1
チャンネル,1
０,1
～　,1
!】,1
賞与,1
LINE,1
シナリオ,1
予定,1
お金,1
kimini,1
英会話,1
求人,1
４,1
大阪,1
長堀橋,1
ダンス,1
スタジオ,1
内,1
フリーランスシェアハウス,1
月末,1
設立,1
相場,1
グローバル,1
D,1
C,1
ベンチャー,1
指導,1
バックヤードスタッフ,1
メイン,1
ツイッター,1
東北,1
‼,1
ライティングスキル,1
最適,1
ステーク,1
ホルダー,1
感謝,1
日暮里,1
月次,1
決済,1
活躍,1
添削,1
自己,1
啓発,1
ダイエット,1
武蔵,1
新田,1
当社,1
必要,1
製本,1
バイク,1
～。,1
車種,1
式,1
テープ,1
起し,1
イラストレーター,1
フォト,1
小学生,1
ロボット,1
プログラミング,1
教室,1
講師,1
バックオフィスワーク,1
クライアント,1
税務,1
東海,1
関西,1
繊維,1
原料,1
メッセージ,1
返信,1
出社,1
方々,1
!!!,1
該当,1
フリマサイト,1
ツイート,1
通,1
月間,1
月額,1
手取り,1
サブ,1
ボーナス,1
試し,1
期間,1
確認,1
当方,1
安値,1
梅田,1
深夜,1
レビュー,1
ディレクター,1
ライフスタイル,1
オススメ,1
近畿,1
革靴,1
手入れ,1
出勤,1
旅行,1
バックパッカー,1
豊富,1
ok,1
EBAY,1
め,1
防犯,1
LP,1
受取,1
仕分け,1
パート,1
金額,1
ネットワーク,1
発見,1
カンタン,1
',1
"♪,1
buyma,1
amazon,1
倉庫,1
富裕,1
層,1
ラグジュアリー,1
雑誌,1
社,1
保,1
完備,1
フォロー,1
体制,1
荷物,1
個別,1
宅,1
AGA,1
サイエンス,1
複数,1
有効,1
大手,1
ショッピング,1
シール,1
浦安,1
堀江,1
スマート,1
ホン,1
徒歩,1
茶,1
単品,1
CRM,1
BASE,1
ワード,1
プレス,1
夜間,1
オペレーター,1
飯田橋,1
金融,1
アサイン,1
調整,1
転売,1
給,1
Facebook,1
タスク,1
契約,1
◆①,1
/②,1
岩本,1
町,1
ファイル,1
チェック,1
赤,1
羽,1
CAD,1
Walk,1
In,1
Home,1
人工,1
知能,1
川崎,1
広尾,1
包装,1
東,1
日本橋,1
製作,1
洋傘,1
タイトル,1
アダルト,1
修正,1
判定,1
CSV,1
∼】,1
チャイルド,1
ジャンル,1
総務,1
電話,1
誰,1
中馬込,1
周辺,1
研究,1
滞在,1
池尻,1
かた,1
中古,1
機械,1
掲載,1
製造,1
最低,1
･,1
PC,1
千代田,1
ドラマ,1
行政,1
条件,1
都,1
豊島,1
エディター,1
コスメ,1
服装,1
成田,1
丁目,1
婚,1
出会い,1
会議,1
パーティー,1
幹事,1
兵庫,1
神戸,1
他,1
Ken,1
全体,1
曜日,1
あなた,1
次第,1
職場,1
環境,1
〜/,1
WANTED,1
社内,1
オークション,1
発注,1
発行,1
地域,1
中国,1
語,1
フリーライター,1
!(,1
仙台,1
司法,1
資格,1
離職,1
やり取り,1
テクノロジーコンテンツライター,1
アイプチ,1
アイメイク,1
時,1
H,1
在庫,1
出荷,1
高輪,1
テキスト,1
エクセル,1
関数,1
必須,1
文字数,1
指定,1
向上心,1
ランサー,1
選択,1
成長,1
スタート,1
身近,1
@,1
紹介,1
ハンド,1
メイド,1
終了,1
報告,1
越境,1
配送,1
働き,1
昇級,1
昇進,1
名古屋,1
今池,1
チカ,1
可視,1
改善,1
職人,1
社長,1
短時間,1
骨子,1
士,1