1,3
経験,3
依頼,3
なし,3
内容,3
何,3
作成,3
し,3
方,3
できる,3
あり,3
使用,3
いる,3
いただける,3
業務,3
する,3
点,3
連絡,3
2,2
5,2
歓迎,2
原稿,2
概要,2
LP,2
ライティング,2
コピー,2
商品,2
的,2
伝える,2
ある,2
利用,2
画像,2
方法,2
強み,2
ため,2
目指し,2
タイトル,2
構成,2
ポイント,2
),2
紹介,2
実績,2
提供,2
ターゲット,2
範囲,2
セールス,2
先,2
選び,2
重視,2
こまめ,2
クオリティ,2
最大,2
円,2
コピーライティング,2
人,2
文字数,2
(,2
なり,2
本,2
いただき,2
単価,2
い,2
目,2
作業,2
ない,2
場合,2
納期,2
書く,2
募集,2
条件,2
応募,2
以下,2
いたし,2
効率,2
さ,2
れ,2
こと,2
今回,2
いただい,2
時間,2
可能,2
スキル,2
いただけれ,2
3,1
4,1
6,1
9,1
10,1
19,1
20,1
24,1
29,1
30,1
39,1
40,1
49,1
50,1
100,1
200,1
300,1
400,1
500,1
600,1
1500,1
5000,1
50000,1
Amazon,1
運営,1
者,1
コンテンツ,1
A,1
デザイン,1
指示,1
食品,1
関連,1
公式,1
サイト,1
ページ,1
元,1
特徴,1
効果,1
飲み,1
消費,1
要件,1
.,1
健康,1
一般,1
文案,1
精通,1
薬,1
機,1
法,1
規制,1
理解,1
ルール,1
違反,1
販売,1
促進,1
収益,1
向上,1
繋がる,1
+,1
機能,1
適切,1
ページレイアウト,1
レイアウト,1
アドバイス,1
行い,1
転換,1
率,1
a,1
b,1
載せる,1
c,1
箇条,1
書き,1
/,1
テキスト,1
d,1
,,1
説明,1
+）(,1
モジュール,1
選定,1
e,1
ブランド,1
）(,1
幸い,1
こだわら,1
評価,1
文字,1
得意,1
弊社,1
YouTube,1
動画,1
サムネイル,1
文言,1
サムネワード,1
~,1
程度,1
ワード,1
契約,1
金額,1
初回,1
５,1
０,1
税込,1
システム,1
料,1
差し引い,1
ワーカー,1
さま,1
受取,1
源泉,1
徴収,1
研修,1
件,1
最初,1
分,1
作っ,1
UP,1
制度,1
ヶ月,1
以上,1
長期,1
継続,1
設け,1
テスト,1
合格,1
後,1
月,1
納品,1
本数,1
変動,1
～,1
流れ,1
一覧,1
マニュアル,1
共有,1
チェック,1
修正,1
メリット,1
センス,1
日,1
シート,1
直接,1
クリエイティブ,1
仕事,1
好き,1
試行錯誤,1
の,1
分析,1
知識,1
報,1
連,1
相,1
細部,1
こだわ,1
れる,1
質問,1
コピペ,1
回答,1
お願い,1
①,1
パソコン,1
問題,1
でき,1
スマ,1
ホ,1
タブレット,1
低下,1
お断り,1
せ,1
②,1
Google,1
ドキュメント,1
スプレッドシート,1
③,1
不明,1
あれ,1
真っ先,1
いただけ,1
書か,1
NG,1
④,1
なけれ,1
活かせ,1
そう,1
⑤,1
ポートフォリオ,1
提出,1
ください,1
⑥,1
以内,1
レスポンス,1
⑦,1
週間,1
⑧,1
途中,1
辞退,1
⑨,1
こちら,1
想定,1
レベル,1
到達,1
キャンセル,1
いただく,1
ござい,1
通り,1
基本,1
安心,1
⑩,1
過ぎ,1
しまっ,1
理由,1
生成,1
AI,1
可,1
ライター,1
SNS,1
広告,1
等,1
案件,1
Web,1
マーケティング,1
課題,1
抱える,1
企業,1
コトバ,1
力,1
解決,1
ビジネス,1
拡大,1
支援,1
大変,1
ありがたい,1
個人,1
リソース,1
対応,1
きれ,1
問い合わせ,1
おり,1
クライアント,1
受け,1
投稿,1
担当,1
LINE,1
ステップ,1
配信,1
文章,1
キャッチ,1
魅力,1
プロ,1
詳細,1
惹き,1
つけ,1
られ,1
クリック,1
しまう,1
サービス,1
見,1
魅了,1
購買,1
行動,1
促さ,1
最大限,1
成果,1
出る,1
相手,1
希望,1
ユーザー,1
心理,1
汲み取り,1
目線,1
立っ,1
読み,1
やすく,1
わかり,1
やすい,1
必要,1
意図,1
とおり,1
心,1
動かす,1
活躍,1
副業,1
W,1
ワーク,1
OK,1
守っ,1
勤務,1
場所,1
自身,1
ライフスタイル,1
合わせ,1
フリーランス,1
独立,1
増やし,1
アップ,1
受注,1
高い,1
チャレンジ,1
思い,1
必須,1
コピーライター,1
思っ,1
よう,1
一生,1
食いっぱぐれ,1
身,1
ノウハウ,1
学び,1
自由,1
度,1
環境,1
主体,1
動ける,1
稼ぐ,1
磨く,1
モチベーション,1
アピール,1
素晴らしい,1
価値,1
認識,1
もらえ,1
売れる,1
不可欠,1
化,1
貢献,1
最新,1
ツール,1
積極,1
活用,1
探求,1
記事,1
数,1
字,1
)】,1
挿入,1
用意,1
時,1
提示,1
ほしい,1
その他,1
持っ,1
簡単,1
自己,1
PR,1
過去,1
URL,1
要望,1
相談,1
柔軟,1
リライト,1
執筆,1