し,6
編集,6
/,6
2,5
動画,5
1,4
以上,4
利用,4
映像,4
15,3
依頼,3
概要,3
なし,3
内容,3
撮影,3
イベント,3
紹介,3
制作,3
本,3
する,3
さ,3
分,3
円,3
参考,3
応募,3
時,3
提示,3
ほしい,3
可能,3
簡単,3
自己,3
PR,3
先,3
選び,3
重視,3
点,3
対応,3
者,3
募集,3
作業,3
長期,3
程度,3
週,3
恵比寿,3
Premiere,3
After,3
Effects,3
4,2
5,2
10,2
上げ,2
長,2
単価,2
,,2
000,2
納品,2
機材,2
過去,2
実績,2
アカウント,2
相談,2
できる,2
こと,2
クオリティ,2
予算,2
柔軟,2
納期,2
業務,2
委託,2
いる,2
インタビュー,2
ください,2
あり,2
方,2
的,2
エリア,2
報酬,2
時間,2
交通,2
費,2
写真,2
経験,2
場所,2
関東,2
～,2
継続,2
完全,2
フル,2
リモート,2
Youtube,2
日,2
3,1
6,1
7,1
8,1
17,1
20,1
30,1
41,1
50,1
82,1
90,1
6000,1
YouTube,1
チャンネル,1
立ち,1
カット,1
サムネイル,1
作成,1
テロップ,1
挿入,1
効果,1
音,1
画像,1
ジャンル,1
エン,1
タメ,1
系,1
ビジネス,1
飲食,1
店,1
作家,1
対談,1
本数,1
毎週,1
１,1
https,1
://,1
youtu,1
.,1
be,1
yfCrlJH,1
_,1
CWg,1
?,1
si,1
=,1
qfVsI,1
CRtncrfAJe,1
BanYVWRVZ,1
spa,1
qFxrau,1
-,1
Tlun,1
O,1
IAdJhdSg,1
fBslUt,1
WodZ,1
ペース,1
ソフト,1
作品,1
運用,1
要望,1
評価,1
婚,1
活,1
恋,1
出演,1
スタッフ,1
男女,1
仕事,1
将来,1
開業,1
目指し,1
プロジェクト,1
主,1
以下,1
通り,1
:,1
魅力,1
伝える,1
ため,1
役割,1
楽し,1
アピール,1
参加,1
メッセージ,1
形式,1
顔出し,1
K,1
高画質,1
実施,1
専門,1
家,1
セッション,1
協力,1
ポイント,1
体験,1
談,1
アドバイス,1
共有,1
価値,1
声,1
リアル,1
当日,1
自然,1
形,1
資格,1
性別,1
問わ,1
年齢,1
歳,1
詳細,1
外見,1
清潔,1
感,1
カメラ,1
映え,1
コミュニケーション,1
能力,1
明るく,1
積極,1
話せる,1
抵抗,1
ない,1
地域,1
東京,1
在住,1
移動,1
あたり,1
税込,1
条件,1
撮り,1
放題,1
内,1
複数,1
実費,1
支給,1
上限,1
方法,1
ランサーズ,1
登録,1
持ち,1
ログイン,1
案件,1
情報,1
お送り,1
顔,1
もの,1
あれ,1
不明,1
質問,1
機能,1
モデル,1
性,1
今回,1
稼働,1
期間,1
年代,1
関西,1
カメラマン,1
OK,1
京都,1
滋賀,1
探し,1
い,1
出張,1
の,1
数,1
足り,1
断る,1
多い,1
受け,1
いただける,1
閑散,1
期,1
月,1
~,1
件,1
繁忙,1
なる,1
思い,1
優遇,1
腕,1
ある,1
人,1
ありがたい,1
決まっ,1
日にち,1
お客様,1
いただい,1
日時,1
土日,1
スケジュール,1
融通,1
利く,1
副業,1
育児,1
合間,1
感じ,1
大丈夫,1
家族,1
ブライダル,1
企業,1
範囲,1
連絡,1
補正,1
セレクト,1
こちら,1
データ,1
オンライン,1
終わり,1
込み,1
想定,1
研修,1
終わっ,1
後,1
年数,1
いき,1
お互い,1
とっ,1
続け,1
思える,1
よう,1
環境,1
働い,1
くれる,1
用意,1
貸出,1
所有,1
ボディ,1
レンズ,1
その他,1
宮参り,1
七五三,1
それぞれ,1
少ない,1
採用,1
件数,1
教え,1
こまめ,1
取材,1
大会,1
風景,1
記念,1
ばらつき,1
お願い,1
いたし,1
在宅,1
ライブ,1
配信,1
アプリ,1
ライバー,1
(,1
),1
さん,1
NFT,1
メタバース,1
用,1
希望,1
編,1