依頼,2
概要,2
内容,2
データ,2
分析,2
作成,2
詳細,2
対応,2
ごと,2
予算,2
的,2
ため,2
ツール,2
フォーマット,2
必要,2
スキル,2
項目,2
出力,2
能力,2
ビジネス,2
時間,2
用意,2
もの,2
希望,2
納品,2
方法,2
先,2
選び,2
重視,2
点,2
柔軟,2
1,1
2,1
5,1
6,1
8,1
9,1
30,1
240,1
2025,1
リサーチ,1
プロジェクト,1
PM,1
兼,1
アナリスト,1
業務,1
管理,1
調査,1
票,1
質問,1
募集,1
ポジション,1
Consumer,1
Research,1
&,1
Data,1
Analyst,1
就業,1
期間,1
年,1
月末,1
頃,1
～,1
月,1
中,1
複数,1
重複,1
弊社,1
提供,1
消費,1
者,1
サポート,1
社内,1
関連,1
チーム,1
協力,1
品質,1
アンケート,1
設計,1
フィールドワーク,1
日々,1
タスク,1
•,1
レビュー,1
:,1
レポート,1
オンライン,1
英語,1
日本語,1
両方,1
外部,1
プロバイダー,1
連携,1
フェーズ,1
内,1
期限,1
確実,1
実施,1
よう,1
遂行,1
これ,1
成果,1
物,1
チェック,1
クエリ,1
トラブル,1
シューティング,1
定量,1
理解,1
活用,1
結果,1
ロー,1
精査,1
外用,1
種類,1
データセット,1
設定,1
利用,1
提示,1
数字,1
正確,1
性,1
担保,1
作業,1
翻訳,1
日,1
英,1
マーケット,1
業界,1
以上,1
経験,1
大卒,1
同等,1
学位,1
日本,1
豊富,1
知識,1
統計,1
その他,1
概念,1
関係,1
以外,1
人,1
政府,1
二,1
次,1
検索,1
使用,1
ミス,1
高度,1
計算,1
力,1
学習,1
レベル,1
ネイティブ,1
書き,1
外国,1
籍,1
上長,1
コミュニケーション,1
会議,1
報酬,1
PJ,1
週間,1
万,1
想定,1
場合,1
程度,1
発生,1
見込み,1
勤務,1
稼働,1
率,1
応,1
相談,1
要望,1
こと,1
クオリティ,1
実績,1
評価,1
特定,1
Web,1
サイト,1
Excel,1
ダウンロード,1
集計,1
背景,1
意思,1
決定,1
迅速,1
化,1
定期,1
効率,1
収集,1
手動,1
自動,1
導入,1
検討,1
下記,1
①〜②,1
①,1
ウェブサイト,1
公開,1
形式,1
②,1
都道府県,1
別,1
ファイル,1
添付,1
件数,1
INPUT,1
https,1
://,1
www,1
.,1
fit,1
-,1
portal,1
go,1
jp,1
/,1
PublicInfo,1
OUTPUT,1
VBA,1
Python,1
等,1
プログラミング,1
お世話,1
方,1
自動的,1
整理,1
具体,1
指定,1
URL,1
情報,1
取得,1
抽出,1
シート,1
機能,1
確認,1
見積り,1
お願い,1
用,1
雛形,1