マーケティング,5
依頼,5
概要,5
ため,5
経験,5
相談,5
SNS,5
要望,5
こと,5
内容,5
1,4
方,4
/,4
運用,4
必要,4
的,4
アカウント,4
コンテンツ,4
スキル,4
先,4
選び,4
重視,4
点,4
お願い,4
課題,4
コンサルティング,4
提案,3
https,3
://,3
.,3
com,3
ターゲット,3
弊社,3
動画,3
希望,3
業務,3
分析,3
戦略,3
施策,3
制作,3
背景,3
全体,3
数,3
対象,3
デバイス,3
名,3
サイト,3
URL,3
クオリティ,3
知識,3
2,2
3,2
場合,2
メール,2
連絡,2
個人,2
企業,2
www,2
店,2
契約,2
ステップ,2
前提,2
販売,2
紹介,2
その他,2
記事,2
問い合わせ,2
感,2
の,2
幸い,2
検討,2
案,2
立案,2
もの,2
対策,2
者,2
作業,2
実績,2
～,2
関係,2
利用,2
データ,2
作成,2
質問,2
Instagram,2
認知,2
サービス,2
為,2
強化,2
エンゲージメント,2
画像,2
層,2
フォロワー,2
能力,2
機能,2
設定,2
各種,2
連携,2
短尺,2
スマート,2
フォン,2
柔軟,2
対応,2
具体,2
4,1
5,1
6,1
12,1
28,1
1191,1
香港,1
保険,1
WEB,1
支援,1
Web,1
マーケター,1
歓迎,1
現在,1
web,1
開発,1
等,1
会社,1
アシスタント,1
そちら,1
発注,1
代表,1
スカウト,1
今回,1
仕事,1
商,1
材,1
様,1
フリーランス,1
下記,1
---------------------------------------------------,1
jafunds,1
contents,1
column,1
資産,1
老後,1
資金,1
心配,1
海外,1
NISA,1
人,1
余剰,1
リスク,1
金持ち,1
中小,1
社長,1
ゴール,1
代理,1
客,1
想定,1
流れ,1
広告,1
tikitok,1
ショート,1
ページ,1
検索,1
結果,1
入口,1
LP,1
フォーム,1
メアド,1
取得,1
時間,1
機会,1
リード,1
集め,1
入り口,1
別,1
マン,1
パワー,1
チャットボット,1
説明,1
クロージング,1
書類,1
やりとり,1
直接,1
日本,1
国内,1
金融,1
商品,1
仲介,1
斡旋,1
行為,1
庁,1
届け出,1
認可,1
原則,1
体験,1
共有,1
勧誘,1
投資,1
範囲,1
自分,1
スタンス,1
以前,1
ブログ,1
何,1
今,1
状態,1
過去,1
リスト,1
久しぶり,1
狙い,1
以上,1
協力,1
そう,1
どれ,1
費用,1
不安,1
方針,1
ツール,1
種類,1
用意,1
継続,1
実施,1
大量,1
募集,1
クライアントサイト,1
SEO,1
案件,1
多数,1
多く,1
こちら,1
当選,1
選定,1
認識,1
受注,1
件数,1
当方,1
監修,1
自体,1
クライアント,1
ヒアリング,1
お伝え,1
自身,1
出し,1
アウトプット,1
主,1
内部,1
テクニカル,1
企画,1
ライティング,1
リライト,1
MEO,1
ヶ月,1
HP,1
デザイン,1
コーディング,1
リンク,1
GA,1
GTM,1
リスティング,1
力添え,1
記載,1
応募,1
金額,1
(,1
税,1
抜,1
),1
質,1
信頼,1
判断,1
上,1
難易,1
度,1
様々,1
初回,1
税込,1
システム,1
料,1
ワーカー,1
さま,1
受取,1
方法,1
簡単,1
自己,1
提示,1
資料,1
気軽,1
お待ち,1
急募,1
プロ,1
当校,1
獲得,1
学校,1
魅力,1
宣伝,1
入学,1
テキスト,1
興味,1
リール,1
インタラクション,1
促進,1
レポート,1
ノウハウ,1
instagram,1
wsg,1
_,1
kahoh,1
official,1
profilecard,1
/?,1
igsh,1
=,1
MWUxZnk,1
a,1
Z,1
c,1
hwYw,1
==,1
こまめ,1
予算,1
評価,1
納期,1
BtoC,1
向け,1
LINE,1
公式,1
設計,1
ビジネス,1
展開,1
予定,1
顧客,1
コミュニケーション,1
活用,1
配信,1
効果,1
情報,1
提供,1
登録,1
済,1
スケジュール,1
サポート,1
理解,1
重要,1
補足,1
条件,1
L,1
有料,1
デフォルト,1
５,1
７,1
回,1
構築,1
プロフィール,1
写真,1
あいさつ,1
メッセージ,1
不明,1
お知らせ,1
PC,1
sawadareina,1
集客,1
UP,1
家具,1
インテリア,1
雑貨,1
性,1
投稿,1
タイミング,1
アドバイス,1
クリエイティブ,1
力,1
量販,1
トレンド,1
理想,1
年末年始,1
休業,1
-,1