for,23
Translator,23
Interpreter,19
募集,18
Coordinator,13
翻訳,12
&,12
Interpretation,12
買い付け,11
English,11
Department,11
海外,10
英語,10
Sales,10
方,9
し,8
パートナー,8
在住,7
様,7
/,6
日本語,6
者,4
発送,4
中国,4
語,4
ブランド,4
仕事,4
3,3
日,3
買,3
付,3
在宅,3
オンライン,3
通訳,3
在庫,3
確認,3
代行,3
くださる,3
ユーロ,3
圏内,3
1,2
2,2
100,2
(,2
Japan,2
Japanese,2
),2
商品,2
梱包,2
長期,2
英,2
記事,2
OK,2
さん,2
中,2
チェック,2
等,2
コーチング,2
サポート,2
%,2
案件,2
簡単,2
現地,2
ネイティブ,2
住まい,2
いただける,2
メール,2
依頼,2
日本人,2
アパレル,2
週,2
-,2
業務,2
14,1
15,1
16,1
2025,1
3500,1
Week,1
Translators,1
レビュアー,1
言語,1
不動産,1
通信,1
金融,1
人材,1
医療,1
他,1
品質,1
一,1
格安,1
料金,1
希望,1
必見,1
バイマ,1
作業,1
的,1
役立つ,1
探し,1
い,1
サービス,1
開始,1
チーム,1
実力,1
ある,1
文字,1
あたり,1
円,1
ソフト,1
掛け持ち,1
フリーランス,1
リモート,1
ワーク,1
漫画,1
校正,1
簡,1
体,1
字,1
完全,1
三,1
国,1
系,1
RPG,1
二,1
次元,1
ゲーム,1
♪,1
品,1
引き取り,1
Expo,1
Osaka,1
Native,1
)：,1
YouTube,1
チャンネル,1
コラボ,1
参加,1
校閲,1
筆記,1
試験,1
必須,1
お客様,1
対応,1
あなた,1
隙間,1
時間,1
活用,1
社長,1
直,1
ハイ,1
致し,1
外国,1
人,1
スタッフレストランマネージャー,1
上海,1
日本,1
できる,1
アウトドア,1
販売,1
マーケティング,1
力,1
活かせ,1
主婦,1
歓迎,1
ショップ,1
電話,1
いただく,1
仮想,1
通貨,1
ブロック,1
チェーン,1
関連,1
トルコ,1
急募,1
アメリカ,1
転送,1
代,1
回分,1
都内,1
近郊,1
どこ,1
可,1
ライブコマース,1
中国語,1
MC,1
[,1
本日,1
タスク,1
],1
csv,1
ファイル,1
仕様,1
書,1
化,1
大阪,1
梅田,1
分,1
カスタマーサポート・,1
Weibo,1
運用,1
speaking,1
Factory,1
Needed,1
at,1
Aichi,1
,,1
to,1
PR,1
Patent,1
Proofreading,1
何,1
自由,1
設定,1
様々,1
あり,1
メニュー,1
作成,1
水,1
）～,1
金,1
日間,1
幕張メッセ,1
展示,1
会,1
ブース,1
福岡,1
建設,1
現場,1
⇔,1
Web,1
デザイナー,1
ブログ,1
サイト,1
デザイン,1